route,viewport,url,method,resource_type,status,failure,classification,result
/products/notice-only,mobile,https://landlordheaven.co.uk/?_rsc=11eo5,GET,fetch,0,net::ERR_ABORTED,expected_aborted_prefetch,PASS
/products/notice-only,mobile,https://landlordheaven.co.uk/products/complete-pack?_rsc=11eo5,GET,fetch,0,net::ERR_ABORTED,expected_aborted_prefetch,PASS
/products/notice-only,mobile,https://landlordheaven.co.uk/wizard/flow?type=eviction&product=notice_only&src=product_page&topic=eviction&_rsc=11eo5,GET,fetch,0,net::ERR_ABORTED,expected_aborted_prefetch,PASS
/products/notice-only,mobile,https://landlordheaven.co.uk/wizard/flow?_rsc=11eo5,GET,fetch,0,net::ERR_ABORTED,expected_aborted_prefetch,PASS
/products/notice-only,mobile,https://landlordheaven.co.uk/products/complete-pack?_rsc=1w2n9,GET,fetch,0,net::ERR_ABORTED,expected_aborted_prefetch,PASS
/products/notice-only,mobile,https://landlordheaven.co.uk/?_rsc=1w2n9,GET,fetch,0,net::ERR_ABORTED,expected_aborted_prefetch,PASS
/products/notice-only,mobile,https://landlordheaven.co.uk/wizard/flow?type=eviction&product=notice_only&src=product_page&topic=eviction&_rsc=1a2r0,GET,fetch,0,net::ERR_ABORTED,expected_aborted_prefetch,PASS
/products/notice-only,mobile,https://region1.analytics.google.com/g/collect?v=2&tid=G-TBR4PEGY1K&gtm=45je67m0h1v9239287483za200zd9239287483&_p=1784939489484&_gaz=1&gcd=13l3l3l3l1l1&npa=0&dma=0&ecid=167076709&_eu=AAAAACAC&are=1&cid=644350259.1784939491&ec_mode=a&frm=0&ibt=1&ngs=1&pscdl=&rcb=4&sr=390x844&uaa=x86&uab=64&uafvl=Chromium%3B143.0.7499.169%7CNot%2520A(Brand%3B24.0.0.0&uam=&uamb=0&uap=Windows&uapv=10.0.0&uaw=0&ul=en-us&_s=1&tag_exp=115616986~115938466~115938469~118897920~118897930~119896803&sid=1784939490&sct=1&seg=0&dl=https%3A%2F%2Flandlordheaven.co.uk%2Fproducts%2Fnotice-only&dt=Serve%20a%20Section%208%20Form%203A%20Notice%20%7C%20%C2%A339.99&en=page_view&_fv=1&_nsi=1&_ss=1&_ee=1&tfd=3826,POST,fetch,0,net::ERR_ABORTED,expected_aborted_prefetch,PASS
/products/notice-only,mobile,https://region1.analytics.google.com/g/collect?v=2&tid=G-TBR4PEGY1K&gtm=45je67m0h1v9239287483za200zd9239287483&_p=1784939489484&gcd=13l3l3l3l1l1&npa=0&dma=0&ecid=167076709&_eu=AAAAACQC&are=1&cid=644350259.1784939491&frm=0&ibt=1&ngs=1&pscdl=&rcb=4&sr=390x844&uaa=x86&uab=64&uafvl=Chromium%3B143.0.7499.169%7CNot%2520A(Brand%3B24.0.0.0&uam=&uamb=0&uap=Windows&uapv=10.0.0&uaw=0&ul=en-us&_s=2&tag_exp=115616986~115938466~115938469~118897920~118897930~119896803&cu=GBP&sid=1784939490&sct=1&seg=0&dl=https%3A%2F%2Flandlordheaven.co.uk%2Fproducts%2Fnotice-only&dt=Serve%20a%20Section%208%20Form%203A%20Notice%20%7C%20%C2%A339.99&en=view_item&_ee=1&pr1=idnotice_only~nmCreate%20a%20Section%208%20eviction%20notice%20and%20service%20file~calandlord_document~pr39.99&epn.value=39.99&ep.event_family=view_item&_et=11&tfd=8849,POST,fetch,0,net::ERR_ABORTED,expected_aborted_prefetch,PASS
/products/notice-only,tablet,https://landlordheaven.co.uk/?_rsc=11eo5,GET,fetch,0,net::ERR_ABORTED,expected_aborted_prefetch,PASS
/products/notice-only,tablet,https://landlordheaven.co.uk/products/complete-pack?_rsc=11eo5,GET,fetch,0,net::ERR_ABORTED,expected_aborted_prefetch,PASS
/products/notice-only,tablet,https://landlordheaven.co.uk/wizard/flow?type=eviction&product=notice_only&src=product_page&topic=eviction&_rsc=11eo5,GET,fetch,0,net::ERR_ABORTED,expected_aborted_prefetch,PASS
/products/notice-only,tablet,https://landlordheaven.co.uk/wizard/flow?type=eviction&product=notice_only&src=product_page&topic=eviction&_rsc=1a2r0,GET,fetch,0,net::ERR_ABORTED,expected_aborted_prefetch,PASS
/products/notice-only,tablet,https://landlordheaven.co.uk/?_rsc=1w2n9,GET,fetch,0,net::ERR_ABORTED,expected_aborted_prefetch,PASS
/products/notice-only,tablet,https://landlordheaven.co.uk/products/complete-pack?_rsc=1w2n9,GET,fetch,0,net::ERR_ABORTED,expected_aborted_prefetch,PASS
/products/notice-only,tablet,https://region1.analytics.google.com/g/collect?v=2&tid=G-TBR4PEGY1K&gtm=45je67m0v9239287483za200zd9239287483&_p=1784939513920&_gaz=1&gcd=13l3l3l3l1l1&npa=0&dma=0&ecid=78295132&_eu=AAAAACAC&are=1&cid=1190629369.1784939515&ec_mode=a&frm=0&ibt=1&ngs=1&pscdl=&rcb=16&sr=800x600&uaa=x86&uab=64&uafvl=Chromium%3B143.0.7499.169%7CNot%2520A(Brand%3B24.0.0.0&uam=&uamb=0&uap=Windows&uapv=10.0.0&uaw=0&ul=en-us&_s=1&tag_exp=115616986~115938466~115938469~118897920~118897930~119896803&sid=1784939514&sct=1&seg=0&dl=https%3A%2F%2Flandlordheaven.co.uk%2Fproducts%2Fnotice-only&dt=Serve%20a%20Section%208%20Form%203A%20Notice%20%7C%20%C2%A339.99&en=page_view&_fv=1&_nsi=1&_ss=1&_ee=1&tfd=1858,POST,fetch,0,net::ERR_ABORTED,expected_aborted_prefetch,PASS
/products/notice-only,tablet,https://landlordheaven.co.uk/assisted-prep/start?service=section8&product=notice_only&src=product_notice_only&_rsc=11eo5,GET,fetch,0,net::ERR_ABORTED,expected_aborted_prefetch,PASS
/products/notice-only,tablet,https://landlordheaven.co.uk/assisted-prep/start?_rsc=11eo5,GET,fetch,0,net::ERR_ABORTED,expected_aborted_prefetch,PASS
/products/notice-only,tablet,https://landlordheaven.co.uk/assisted-prep/start?service=section8&product=notice_only&src=product_notice_only&_rsc=1w2n9,GET,fetch,0,net::ERR_ABORTED,expected_aborted_prefetch,PASS
/products/notice-only,tablet,https://landlordheaven.co.uk/assisted-prep/start?service=possession&product=complete_pack&src=product_notice_only&_rsc=11eo5,GET,fetch,0,net::ERR_ABORTED,expected_aborted_prefetch,PASS
/products/notice-only,tablet,https://landlordheaven.co.uk/assisted-prep/start?service=possession&product=complete_pack&src=product_notice_only&_rsc=1w2n9,GET,fetch,0,net::ERR_ABORTED,expected_aborted_prefetch,PASS
/products/notice-only,tablet,https://region1.analytics.google.com/g/collect?v=2&tid=G-TBR4PEGY1K&gtm=45je67m0v9239287483za200zd9239287483&_p=1784939513920&gcd=13l3l3l3l1l1&npa=0&dma=0&ecid=78295132&_eu=AAAAACQC&are=1&cid=1190629369.1784939515&frm=0&ibt=1&ngs=1&pscdl=&rcb=16&sr=800x600&uaa=x86&uab=64&uafvl=Chromium%3B143.0.7499.169%7CNot%2520A(Brand%3B24.0.0.0&uam=&uamb=0&uap=Windows&uapv=10.0.0&uaw=0&ul=en-us&tag_exp=115616986~115938466~115938469~118897920~118897930~119896803&sid=1784939514&sct=1&seg=0&dl=https%3A%2F%2Flandlordheaven.co.uk%2Fproducts%2Fnotice-only&dt=Serve%20a%20Section%208%20Form%203A%20Notice%20%7C%20%C2%A339.99&_s=2&tfd=6262,POST,fetch,0,net::ERR_ABORTED,expected_aborted_prefetch,PASS
/products/notice-only,tablet,https://landlordheaven.co.uk/form-3-section-8?_rsc=11eo5,GET,fetch,0,net::ERR_ABORTED,expected_aborted_prefetch,PASS
/products/notice-only,tablet,https://landlordheaven.co.uk/renters-rights-act-eviction-rules?_rsc=11eo5,GET,fetch,0,net::ERR_ABORTED,expected_aborted_prefetch,PASS
/products/notice-only,tablet,https://landlordheaven.co.uk/section-8-notice?_rsc=11eo5,GET,fetch,0,net::ERR_ABORTED,expected_aborted_prefetch,PASS
/products/notice-only,tablet,https://landlordheaven.co.uk/compare/section-8-stage-1-vs-stage-2?_rsc=11eo5,GET,fetch,0,net::ERR_ABORTED,expected_aborted_prefetch,PASS
/products/notice-only,tablet,https://landlordheaven.co.uk/refunds?_rsc=11eo5,GET,fetch,0,net::ERR_ABORTED,expected_aborted_prefetch,PASS
/products/notice-only,tablet,https://landlordheaven.co.uk/cookies?_rsc=11eo5,GET,fetch,0,net::ERR_ABORTED,expected_aborted_prefetch,PASS
/products/notice-only,tablet,https://landlordheaven.co.uk/terms?_rsc=11eo5,GET,fetch,0,net::ERR_ABORTED,expected_aborted_prefetch,PASS
/products/notice-only,tablet,https://landlordheaven.co.uk/privacy?_rsc=11eo5,GET,fetch,0,net::ERR_ABORTED,expected_aborted_prefetch,PASS
/products/notice-only,tablet,https://landlordheaven.co.uk/contact?_rsc=11eo5,GET,fetch,0,net::ERR_ABORTED,expected_aborted_prefetch,PASS
/products/notice-only,tablet,https://landlordheaven.co.uk/ask-heaven?_rsc=11eo5,GET,fetch,0,net::ERR_ABORTED,expected_aborted_prefetch,PASS
/products/notice-only,tablet,https://landlordheaven.co.uk/samples?_rsc=11eo5,GET,fetch,0,net::ERR_ABORTED,expected_aborted_prefetch,PASS
/products/notice-only,tablet,https://landlordheaven.co.uk/tools?_rsc=11eo5,GET,fetch,0,net::ERR_ABORTED,expected_aborted_prefetch,PASS
/products/notice-only,tablet,https://landlordheaven.co.uk/hmo-shared-house-tenancy-agreement?_rsc=11eo5,GET,fetch,0,net::ERR_ABORTED,expected_aborted_prefetch,PASS
/products/notice-only,tablet,https://landlordheaven.co.uk/premium-tenancy-agreement?_rsc=11eo5,GET,fetch,0,net::ERR_ABORTED,expected_aborted_prefetch,PASS
/products/notice-only,tablet,https://landlordheaven.co.uk/eviction-guides?_rsc=11eo5,GET,fetch,0,net::ERR_ABORTED,expected_aborted_prefetch,PASS
/products/notice-only,tablet,https://landlordheaven.co.uk/student-tenancy-agreement?_rsc=11eo5,GET,fetch,0,net::ERR_ABORTED,expected_aborted_prefetch,PASS
/products/notice-only,tablet,https://landlordheaven.co.uk/products/ast?_rsc=11eo5,GET,fetch,0,net::ERR_ABORTED,expected_aborted_prefetch,PASS
/products/notice-only,tablet,https://landlordheaven.co.uk/rent-increase?_rsc=11eo5,GET,fetch,0,net::ERR_ABORTED,expected_aborted_prefetch,PASS
/products/notice-only,tablet,https://landlordheaven.co.uk/standard-tenancy-agreement?_rsc=11eo5,GET,fetch,0,net::ERR_ABORTED,expected_aborted_prefetch,PASS
/products/notice-only,tablet,https://landlordheaven.co.uk/pricing?_rsc=11eo5,GET,fetch,0,net::ERR_ABORTED,expected_aborted_prefetch,PASS
/products/notice-only,tablet,https://landlordheaven.co.uk/products/money-claim?_rsc=11eo5,GET,fetch,0,net::ERR_ABORTED,expected_aborted_prefetch,PASS
/products/notice-only,tablet,https://landlordheaven.co.uk/refunds?_rsc=1w2n9,GET,fetch,0,net::ERR_ABORTED,expected_aborted_prefetch,PASS
/products/notice-only,tablet,https://landlordheaven.co.uk/assisted-prep?_rsc=11eo5,GET,fetch,0,net::ERR_ABORTED,expected_aborted_prefetch,PASS
/products/notice-only,tablet,https://landlordheaven.co.uk/cookies?_rsc=1w2n9,GET,fetch,0,net::ERR_ABORTED,expected_aborted_prefetch,PASS
/products/notice-only,tablet,https://landlordheaven.co.uk/privacy?_rsc=1w2n9,GET,fetch,0,net::ERR_ABORTED,expected_aborted_prefetch,PASS
/products/notice-only,tablet,https://landlordheaven.co.uk/help?_rsc=1w2n9,GET,fetch,0,net::ERR_ABORTED,expected_aborted_prefetch,PASS
/products/notice-only,tablet,https://landlordheaven.co.uk/terms?_rsc=1w2n9,GET,fetch,0,net::ERR_ABORTED,expected_aborted_prefetch,PASS
/products/notice-only,tablet,https://landlordheaven.co.uk/contact?_rsc=1w2n9,GET,fetch,0,net::ERR_ABORTED,expected_aborted_prefetch,PASS
/products/notice-only,tablet,https://landlordheaven.co.uk/tools?_rsc=1w2n9,GET,fetch,0,net::ERR_ABORTED,expected_aborted_prefetch,PASS
/products/notice-only,tablet,https://landlordheaven.co.uk/section-8-notice?_rsc=1w2n9,GET,fetch,0,net::ERR_ABORTED,expected_aborted_prefetch,PASS
/products/notice-only,tablet,https://landlordheaven.co.uk/samples?_rsc=1w2n9,GET,fetch,0,net::ERR_ABORTED,expected_aborted_prefetch,PASS
/products/notice-only,tablet,https://landlordheaven.co.uk/ask-heaven?_rsc=1w2n9,GET,fetch,0,net::ERR_ABORTED,expected_aborted_prefetch,PASS
/products/notice-only,tablet,https://landlordheaven.co.uk/images/notice-stage-mobile.webp,GET,image,0,net::ERR_ABORTED,expected_responsive_media_candidate_abort,PASS
/products/notice-only,tablet,https://region1.analytics.google.com/g/collect?v=2&tid=G-TBR4PEGY1K&gtm=45je67m0v9239287483za200zd9239287483&_p=1784939513920&gcd=13l3l3l3l1l1&npa=0&dma=0&ecid=78295132&_eu=AEAAACQC&ae=a&are=1&cid=1190629369.1784939515&frm=0&ibt=1&ngs=1&pscdl=&rcb=16&sr=800x600&uaa=x86&uab=64&uafvl=Chromium%3B143.0.7499.169%7CNot%2520A(Brand%3B24.0.0.0&uam=&uamb=0&uap=Windows&uapv=10.0.0&uaw=0&ul=en-us&_s=3&tag_exp=115616986~115938466~115938469~118897920~118897930~119896803&sid=1784939514&sct=1&seg=0&dl=https%3A%2F%2Flandlordheaven.co.uk%2Fproducts%2Fnotice-only&dt=Serve%20a%20Section%208%20Form%203A%20Notice%20%7C%20%C2%A339.99&en=scroll&epn.percent_scrolled=90&_et=2&tfd=11267,POST,fetch,0,net::ERR_ABORTED,expected_aborted_prefetch,PASS
/products/notice-only,tablet,https://landlordheaven.co.uk/products/notice-only?_rsc=1w2n9,GET,fetch,0,net::ERR_ABORTED,expected_aborted_prefetch,PASS
/products/notice-only,desktop,https://landlordheaven.co.uk/products/notice-only?_rsc=11eo5,GET,fetch,0,net::ERR_ABORTED,expected_aborted_prefetch,PASS
/products/notice-only,desktop,https://landlordheaven.co.uk/products/money-claim?_rsc=11eo5,GET,fetch,0,net::ERR_ABORTED,expected_aborted_prefetch,PASS
/products/notice-only,desktop,https://landlordheaven.co.uk/assisted-prep?_rsc=11eo5,GET,fetch,0,net::ERR_ABORTED,expected_aborted_prefetch,PASS
/products/notice-only,desktop,https://landlordheaven.co.uk/products/ast?_rsc=11eo5,GET,fetch,0,net::ERR_ABORTED,expected_aborted_prefetch,PASS
/products/notice-only,desktop,https://landlordheaven.co.uk/tools?_rsc=11eo5,GET,fetch,0,net::ERR_ABORTED,expected_aborted_prefetch,PASS
/products/notice-only,desktop,https://landlordheaven.co.uk/products/complete-pack?_rsc=1w2n9,GET,fetch,0,net::ERR_ABORTED,expected_aborted_prefetch,PASS
/products/notice-only,desktop,https://landlordheaven.co.uk/auth/login?_rsc=sf2mx,GET,fetch,0,net::ERR_ABORTED,expected_aborted_prefetch,PASS
/products/notice-only,desktop,https://landlordheaven.co.uk/products/money-claim?_rsc=1w2n9,GET,fetch,0,net::ERR_ABORTED,expected_aborted_prefetch,PASS
/products/notice-only,desktop,https://landlordheaven.co.uk/assisted-prep?_rsc=1w2n9,GET,fetch,0,net::ERR_ABORTED,expected_aborted_prefetch,PASS
/products/notice-only,desktop,https://landlordheaven.co.uk/products/notice-only?_rsc=1w2n9,GET,fetch,0,net::ERR_ABORTED,expected_aborted_prefetch,PASS
/products/notice-only,desktop,https://landlordheaven.co.uk/tools?_rsc=1w2n9,GET,fetch,0,net::ERR_ABORTED,expected_aborted_prefetch,PASS
/products/notice-only,desktop,https://landlordheaven.co.uk/?_rsc=1w2n9,GET,fetch,0,net::ERR_ABORTED,expected_aborted_prefetch,PASS
/products/notice-only,desktop,https://region1.analytics.google.com/g/collect?v=2&tid=G-TBR4PEGY1K&gtm=45je67m1h2v9239287483za200zd9239287483&_p=1784939535063&_gaz=1&gcd=13l3l3l3l1l1&npa=0&dma=0&ecid=713175618&_eu=AAAAACAC&are=1&cid=754964930.1784939537&ec_mode=a&frm=0&ibt=1&ngs=1&pscdl=&rcb=6&sr=800x600&uaa=x86&uab=64&uafvl=Chromium%3B143.0.7499.169%7CNot%2520A(Brand%3B24.0.0.0&uam=&uamb=0&uap=Windows&uapv=10.0.0&uaw=0&ul=en-us&_s=1&tag_exp=115616985~115938466~115938468~118897920~118897930~119381663~119896802&sid=1784939536&sct=1&seg=0&dl=https%3A%2F%2Flandlordheaven.co.uk%2Fproducts%2Fnotice-only&dt=Serve%20a%20Section%208%20Form%203A%20Notice%20%7C%20%C2%A339.99&en=page_view&_fv=1&_nsi=1&_ss=1&_ee=1&tfd=4073,POST,fetch,0,net::ERR_ABORTED,expected_aborted_prefetch,PASS
/products/notice-only,desktop,https://region1.analytics.google.com/g/collect?v=2&tid=G-TBR4PEGY1K&gtm=45je67m1h2v9239287483za200zd9239287483&_p=1784939535063&gcd=13l3l3l3l1l1&npa=0&dma=0&ecid=713175618&_eu=AAAAACQC&are=1&cid=754964930.1784939537&frm=0&ibt=1&ngs=1&pscdl=&rcb=6&sr=800x600&uaa=x86&uab=64&uafvl=Chromium%3B143.0.7499.169%7CNot%2520A(Brand%3B24.0.0.0&uam=&uamb=0&uap=Windows&uapv=10.0.0&uaw=0&ul=en-us&tag_exp=115616985~115938466~115938468~118897920~118897930~119381663~119896802&sid=1784939536&sct=1&seg=0&dl=https%3A%2F%2Flandlordheaven.co.uk%2Fproducts%2Fnotice-only&dt=Serve%20a%20Section%208%20Form%203A%20Notice%20%7C%20%C2%A339.99&_s=2&tfd=7069,POST,fetch,0,net::ERR_ABORTED,expected_aborted_prefetch,PASS
/products/notice-only,desktop,https://landlordheaven.co.uk/renters-rights-act-eviction-rules?_rsc=11eo5,GET,fetch,0,net::ERR_ABORTED,expected_aborted_prefetch,PASS
/products/notice-only,desktop,https://landlordheaven.co.uk/section-8-notice?_rsc=11eo5,GET,fetch,0,net::ERR_ABORTED,expected_aborted_prefetch,PASS
/products/notice-only,desktop,https://landlordheaven.co.uk/form-3-section-8?_rsc=11eo5,GET,fetch,0,net::ERR_ABORTED,expected_aborted_prefetch,PASS
/products/notice-only,desktop,https://landlordheaven.co.uk/compare/section-8-stage-1-vs-stage-2?_rsc=11eo5,GET,fetch,0,net::ERR_ABORTED,expected_aborted_prefetch,PASS
/products/notice-only,desktop,https://landlordheaven.co.uk/refunds?_rsc=11eo5,GET,fetch,0,net::ERR_ABORTED,expected_aborted_prefetch,PASS
/products/notice-only,desktop,https://landlordheaven.co.uk/cookies?_rsc=11eo5,GET,fetch,0,net::ERR_ABORTED,expected_aborted_prefetch,PASS
/products/notice-only,desktop,https://landlordheaven.co.uk/privacy?_rsc=11eo5,GET,fetch,0,net::ERR_ABORTED,expected_aborted_prefetch,PASS
/products/notice-only,desktop,https://landlordheaven.co.uk/terms?_rsc=11eo5,GET,fetch,0,net::ERR_ABORTED,expected_aborted_prefetch,PASS
/products/notice-only,desktop,https://landlordheaven.co.uk/help?_rsc=11eo5,GET,fetch,0,net::ERR_ABORTED,expected_aborted_prefetch,PASS
/products/notice-only,desktop,https://landlordheaven.co.uk/contact?_rsc=11eo5,GET,fetch,0,net::ERR_ABORTED,expected_aborted_prefetch,PASS
/products/notice-only,desktop,https://landlordheaven.co.uk/about?_rsc=11eo5,GET,fetch,0,net::ERR_ABORTED,expected_aborted_prefetch,PASS
/products/notice-only,desktop,https://landlordheaven.co.uk/ask-heaven?_rsc=11eo5,GET,fetch,0,net::ERR_ABORTED,expected_aborted_prefetch,PASS
/products/notice-only,desktop,https://landlordheaven.co.uk/samples?_rsc=11eo5,GET,fetch,0,net::ERR_ABORTED,expected_aborted_prefetch,PASS
/products/notice-only,desktop,https://landlordheaven.co.uk/eviction-guides?_rsc=11eo5,GET,fetch,0,net::ERR_ABORTED,expected_aborted_prefetch,PASS
/products/notice-only,desktop,https://landlordheaven.co.uk/lodger-agreement?_rsc=11eo5,GET,fetch,0,net::ERR_ABORTED,expected_aborted_prefetch,PASS
/products/notice-only,desktop,https://landlordheaven.co.uk/premium-tenancy-agreement?_rsc=11eo5,GET,fetch,0,net::ERR_ABORTED,expected_aborted_prefetch,PASS
/products/notice-only,desktop,https://landlordheaven.co.uk/student-tenancy-agreement?_rsc=11eo5,GET,fetch,0,net::ERR_ABORTED,expected_aborted_prefetch,PASS
/products/notice-only,desktop,https://landlordheaven.co.uk/standard-tenancy-agreement?_rsc=11eo5,GET,fetch,0,net::ERR_ABORTED,expected_aborted_prefetch,PASS
/products/notice-only,desktop,https://landlordheaven.co.uk/pricing?_rsc=11eo5,GET,fetch,0,net::ERR_ABORTED,expected_aborted_prefetch,PASS
/products/notice-only,desktop,https://landlordheaven.co.uk/privacy?_rsc=1w2n9,GET,fetch,0,net::ERR_ABORTED,expected_aborted_prefetch,PASS
/products/notice-only,desktop,https://landlordheaven.co.uk/cookies?_rsc=1w2n9,GET,fetch,0,net::ERR_ABORTED,expected_aborted_prefetch,PASS
/products/notice-only,desktop,https://landlordheaven.co.uk/refunds?_rsc=1w2n9,GET,fetch,0,net::ERR_ABORTED,expected_aborted_prefetch,PASS
/products/notice-only,desktop,https://landlordheaven.co.uk/contact?_rsc=1w2n9,GET,fetch,0,net::ERR_ABORTED,expected_aborted_prefetch,PASS
/products/notice-only,desktop,https://landlordheaven.co.uk/about?_rsc=1w2n9,GET,fetch,0,net::ERR_ABORTED,expected_aborted_prefetch,PASS
/products/notice-only,desktop,https://landlordheaven.co.uk/help?_rsc=1w2n9,GET,fetch,0,net::ERR_ABORTED,expected_aborted_prefetch,PASS
/products/notice-only,desktop,https://landlordheaven.co.uk/ask-heaven?_rsc=1w2n9,GET,fetch,0,net::ERR_ABORTED,expected_aborted_prefetch,PASS
/products/notice-only,desktop,https://landlordheaven.co.uk/samples?_rsc=1w2n9,GET,fetch,0,net::ERR_ABORTED,expected_aborted_prefetch,PASS
/products/notice-only,desktop,https://landlordheaven.co.uk/section-8-notice?_rsc=1w2n9,GET,fetch,0,net::ERR_ABORTED,expected_aborted_prefetch,PASS
/products/notice-only,desktop,https://landlordheaven.co.uk/eviction-guides?_rsc=1w2n9,GET,fetch,0,net::ERR_ABORTED,expected_aborted_prefetch,PASS
/products/notice-only,desktop,https://landlordheaven.co.uk/blog?_rsc=1w2n9,GET,fetch,0,net::ERR_ABORTED,expected_aborted_prefetch,PASS
/products/notice-only,desktop,https://landlordheaven.co.uk/lodger-agreement?_rsc=1w2n9,GET,fetch,0,net::ERR_ABORTED,expected_aborted_prefetch,PASS
/products/notice-only,desktop,https://landlordheaven.co.uk/student-tenancy-agreement?_rsc=1w2n9,GET,fetch,0,net::ERR_ABORTED,expected_aborted_prefetch,PASS
/products/notice-only,desktop,https://landlordheaven.co.uk/hmo-shared-house-tenancy-agreement?_rsc=1w2n9,GET,fetch,0,net::ERR_ABORTED,expected_aborted_prefetch,PASS
/products/notice-only,desktop,https://landlordheaven.co.uk/images/notice-stage-mobile.webp,GET,image,0,net::ERR_ABORTED,expected_responsive_media_candidate_abort,PASS
/products/notice-only,desktop,https://region1.analytics.google.com/g/collect?v=2&tid=G-TBR4PEGY1K&gtm=45je67m1h2v9239287483za200zd9239287483&_p=1784939535063&gcd=13l3l3l3l1l1&npa=0&dma=0&ecid=713175618&_eu=AEAAACQC&ae=a&are=1&cid=754964930.1784939537&frm=0&ibt=1&ngs=1&pscdl=&rcb=6&sr=800x600&uaa=x86&uab=64&uafvl=Chromium%3B143.0.7499.169%7CNot%2520A(Brand%3B24.0.0.0&uam=&uamb=0&uap=Windows&uapv=10.0.0&uaw=0&ul=en-us&_s=3&tag_exp=115616985~115938466~115938468~118897920~118897930~119381663~119896802&sid=1784939536&sct=1&seg=0&dl=https%3A%2F%2Flandlordheaven.co.uk%2Fproducts%2Fnotice-only&dt=Serve%20a%20Section%208%20Form%203A%20Notice%20%7C%20%C2%A339.99&en=scroll&epn.percent_scrolled=90&_et=2&tfd=12074,POST,fetch,0,net::ERR_ABORTED,expected_aborted_prefetch,PASS
/products/complete-pack,mobile,https://landlordheaven.co.uk/products/notice-only?_rsc=1rp9d,GET,fetch,0,net::ERR_ABORTED,expected_aborted_prefetch,PASS
/products/complete-pack,mobile,https://landlordheaven.co.uk/wizard/flow?type=eviction&product=complete_pack&src=product_page&topic=eviction&_rsc=1rp9d,GET,fetch,0,net::ERR_ABORTED,expected_aborted_prefetch,PASS
/products/complete-pack,mobile,https://landlordheaven.co.uk/?_rsc=1rp9d,GET,fetch,0,net::ERR_ABORTED,expected_aborted_prefetch,PASS
/products/complete-pack,mobile,https://landlordheaven.co.uk/products/notice-only?_rsc=3e0v1,GET,fetch,0,net::ERR_ABORTED,expected_aborted_prefetch,PASS
/products/complete-pack,mobile,https://landlordheaven.co.uk/wizard/flow?type=eviction&product=complete_pack&src=product_page&topic=eviction&_rsc=1kzme,GET,fetch,0,net::ERR_ABORTED,expected_aborted_prefetch,PASS
/products/complete-pack,mobile,https://region1.analytics.google.com/g/collect?v=2&tid=G-TBR4PEGY1K&gtm=45je67m0v9239287483za200zd9239287483&_p=1784939558523&_gaz=1&gcd=13l3l3l3l1l1&npa=0&dma=0&ecid=1041228024&_eu=AAAAACAC&are=1&cid=754051301.1784939559&ec_mode=a&frm=0&ibt=1&ngs=1&pscdl=&rcb=17&sr=390x844&uaa=x86&uab=64&uafvl=Chromium%3B143.0.7499.169%7CNot%2520A(Brand%3B24.0.0.0&uam=&uamb=0&uap=Windows&uapv=10.0.0&uaw=0&ul=en-us&_s=1&tag_exp=115616986~115938465~115938469~118897920~118897930~119896803&sid=1784939558&sct=1&seg=0&dl=https%3A%2F%2Flandlordheaven.co.uk%2Fproducts%2Fcomplete-pack&dt=Prepare%20Section%208%20Court%20Papers%20%7C%20N5%20%26%20N119%20%7C%20%C2%A369.99&en=page_view&_fv=1&_nsi=1&_ss=1&_ee=1&tfd=1407,POST,fetch,0,net::ERR_ABORTED,expected_aborted_prefetch,PASS
/products/complete-pack,mobile,https://landlordheaven.co.uk/assisted-prep/start?service=section8&product=notice_only&src=product_complete_pack&_rsc=1rp9d,GET,fetch,0,net::ERR_ABORTED,expected_aborted_prefetch,PASS
/products/complete-pack,mobile,https://landlordheaven.co.uk/assisted-prep/start?service=possession&product=complete_pack&src=product_complete_pack&_rsc=1rp9d,GET,fetch,0,net::ERR_ABORTED,expected_aborted_prefetch,PASS
/products/complete-pack,mobile,https://landlordheaven.co.uk/assisted-prep/start?_rsc=1rp9d,GET,fetch,0,net::ERR_ABORTED,expected_aborted_prefetch,PASS
/products/complete-pack,mobile,https://landlordheaven.co.uk/assisted-prep/start?service=section8&product=notice_only&src=product_complete_pack&_rsc=3e0v1,GET,fetch,0,net::ERR_ABORTED,expected_aborted_prefetch,PASS
/products/complete-pack,mobile,https://landlordheaven.co.uk/assisted-prep/start?service=money_claim&product=money_claim&src=product_complete_pack&_rsc=1rp9d,GET,fetch,0,net::ERR_ABORTED,expected_aborted_prefetch,PASS
/products/complete-pack,mobile,https://landlordheaven.co.uk/assisted-prep/start?service=possession&product=complete_pack&src=product_complete_pack&_rsc=3e0v1,GET,fetch,0,net::ERR_ABORTED,expected_aborted_prefetch,PASS
/products/complete-pack,mobile,https://landlordheaven.co.uk/products/complete-pack?_rsc=1rp9d,GET,fetch,0,net::ERR_ABORTED,expected_aborted_prefetch,PASS
/products/complete-pack,mobile,https://region1.analytics.google.com/g/collect?v=2&tid=G-TBR4PEGY1K&gtm=45je67m0v9239287483za200zd9239287483&_p=1784939558523&gcd=13l3l3l3l1l1&npa=0&dma=0&ecid=1041228024&_eu=AAAAACQC&are=1&cid=754051301.1784939559&frm=0&ibt=1&ngs=1&pscdl=&rcb=17&sr=390x844&uaa=x86&uab=64&uafvl=Chromium%3B143.0.7499.169%7CNot%2520A(Brand%3B24.0.0.0&uam=&uamb=0&uap=Windows&uapv=10.0.0&uaw=0&ul=en-us&tag_exp=115616986~115938465~115938469~118897920~118897930~119896803&sid=1784939558&sct=1&seg=0&dl=https%3A%2F%2Flandlordheaven.co.uk%2Fproducts%2Fcomplete-pack&dt=Prepare%20Section%208%20Court%20Papers%20%7C%20N5%20%26%20N119%20%7C%20%C2%A369.99&_s=2&tfd=6464,POST,fetch,0,net::ERR_ABORTED,expected_aborted_prefetch,PASS
/products/complete-pack,mobile,https://region1.analytics.google.com/g/collect?v=2&tid=G-TBR4PEGY1K&gtm=45je67m0v9239287483za200zd9239287483&_p=1784939558523&gcd=13l3l3l3l1l1&npa=0&dma=0&ecid=1041228024&_eu=AAAAACQC&are=1&cid=754051301.1784939559&frm=0&ibt=1&ngs=1&pscdl=&rcb=17&sr=390x844&uaa=x86&uab=64&uafvl=Chromium%3B143.0.7499.169%7CNot%2520A(Brand%3B24.0.0.0&uam=&uamb=0&uap=Windows&uapv=10.0.0&uaw=0&ul=en-us&_s=3&tag_exp=115616986~115938465~115938469~118897920~118897930~119896803&sid=1784939558&sct=1&seg=0&dl=https%3A%2F%2Flandlordheaven.co.uk%2Fproducts%2Fcomplete-pack&dt=Prepare%20Section%208%20Court%20Papers%20%7C%20N5%20%26%20N119%20%7C%20%C2%A369.99&en=journey_scroll_depth&_ee=1&epn.depth=90&ep.context=%5Bobject%20Object%5D&ep.event_family=journey_scroll_depth&_et=896&tfd=6994,POST,fetch,0,net::ERR_ABORTED,expected_aborted_prefetch,PASS
/products/complete-pack,mobile,https://landlordheaven.co.uk/how-to-evict-a-tenant-england?_rsc=1rp9d,GET,fetch,0,net::ERR_ABORTED,expected_aborted_prefetch,PASS
/products/complete-pack,mobile,https://landlordheaven.co.uk/eviction-process-england?_rsc=1rp9d,GET,fetch,0,net::ERR_ABORTED,expected_aborted_prefetch,PASS
/products/complete-pack,mobile,https://landlordheaven.co.uk/renters-rights-act-eviction-rules?_rsc=1rp9d,GET,fetch,0,net::ERR_ABORTED,expected_aborted_prefetch,PASS
/products/complete-pack,mobile,https://landlordheaven.co.uk/eviction-process-england?_rsc=3e0v1,GET,fetch,0,net::ERR_ABORTED,expected_aborted_prefetch,PASS
/products/complete-pack,mobile,https://landlordheaven.co.uk/renters-rights-act-eviction-rules?_rsc=3e0v1,GET,fetch,0,net::ERR_ABORTED,expected_aborted_prefetch,PASS
/products/complete-pack,mobile,https://landlordheaven.co.uk/how-to-evict-a-tenant-england?_rsc=3e0v1,GET,fetch,0,net::ERR_ABORTED,expected_aborted_prefetch,PASS
/products/complete-pack,mobile,https://landlordheaven.co.uk/terms?_rsc=1rp9d,GET,fetch,0,net::ERR_ABORTED,expected_aborted_prefetch,PASS
/products/complete-pack,mobile,https://landlordheaven.co.uk/help?_rsc=1rp9d,GET,fetch,0,net::ERR_ABORTED,expected_aborted_prefetch,PASS
/products/complete-pack,mobile,https://landlordheaven.co.uk/contact?_rsc=1rp9d,GET,fetch,0,net::ERR_ABORTED,expected_aborted_prefetch,PASS
/products/complete-pack,mobile,https://landlordheaven.co.uk/about?_rsc=1rp9d,GET,fetch,0,net::ERR_ABORTED,expected_aborted_prefetch,PASS
/products/complete-pack,mobile,https://landlordheaven.co.uk/cookies?_rsc=1rp9d,GET,fetch,0,net::ERR_ABORTED,expected_aborted_prefetch,PASS
/products/complete-pack,mobile,https://landlordheaven.co.uk/privacy?_rsc=1rp9d,GET,fetch,0,net::ERR_ABORTED,expected_aborted_prefetch,PASS
/products/complete-pack,mobile,https://landlordheaven.co.uk/ask-heaven?_rsc=1rp9d,GET,fetch,0,net::ERR_ABORTED,expected_aborted_prefetch,PASS
/products/complete-pack,mobile,https://landlordheaven.co.uk/refunds?_rsc=1rp9d,GET,fetch,0,net::ERR_ABORTED,expected_aborted_prefetch,PASS
/products/complete-pack,mobile,https://landlordheaven.co.uk/section-8-notice?_rsc=1rp9d,GET,fetch,0,net::ERR_ABORTED,expected_aborted_prefetch,PASS
/products/complete-pack,mobile,https://landlordheaven.co.uk/tools?_rsc=1rp9d,GET,fetch,0,net::ERR_ABORTED,expected_aborted_prefetch,PASS
/products/complete-pack,mobile,https://landlordheaven.co.uk/samples?_rsc=1rp9d,GET,fetch,0,net::ERR_ABORTED,expected_aborted_prefetch,PASS
/products/complete-pack,mobile,https://landlordheaven.co.uk/eviction-guides?_rsc=1rp9d,GET,fetch,0,net::ERR_ABORTED,expected_aborted_prefetch,PASS
/products/complete-pack,mobile,https://landlordheaven.co.uk/student-tenancy-agreement?_rsc=1rp9d,GET,fetch,0,net::ERR_ABORTED,expected_aborted_prefetch,PASS
/products/complete-pack,mobile,https://landlordheaven.co.uk/blog?_rsc=1rp9d,GET,fetch,0,net::ERR_ABORTED,expected_aborted_prefetch,PASS
/products/complete-pack,mobile,https://landlordheaven.co.uk/premium-tenancy-agreement?_rsc=1rp9d,GET,fetch,0,net::ERR_ABORTED,expected_aborted_prefetch,PASS
/products/complete-pack,mobile,https://landlordheaven.co.uk/lodger-agreement?_rsc=1rp9d,GET,fetch,0,net::ERR_ABORTED,expected_aborted_prefetch,PASS
/products/complete-pack,mobile,https://landlordheaven.co.uk/standard-tenancy-agreement?_rsc=1rp9d,GET,fetch,0,net::ERR_ABORTED,expected_aborted_prefetch,PASS
/products/complete-pack,mobile,https://landlordheaven.co.uk/products/ast?_rsc=1rp9d,GET,fetch,0,net::ERR_ABORTED,expected_aborted_prefetch,PASS
/products/complete-pack,mobile,https://landlordheaven.co.uk/refunds?_rsc=3e0v1,GET,fetch,0,net::ERR_ABORTED,expected_aborted_prefetch,PASS
/products/complete-pack,mobile,https://landlordheaven.co.uk/cookies?_rsc=3e0v1,GET,fetch,0,net::ERR_ABORTED,expected_aborted_prefetch,PASS
/products/complete-pack,mobile,https://landlordheaven.co.uk/terms?_rsc=3e0v1,GET,fetch,0,net::ERR_ABORTED,expected_aborted_prefetch,PASS
/products/complete-pack,mobile,https://landlordheaven.co.uk/help?_rsc=3e0v1,GET,fetch,0,net::ERR_ABORTED,expected_aborted_prefetch,PASS
/products/complete-pack,mobile,https://landlordheaven.co.uk/contact?_rsc=3e0v1,GET,fetch,0,net::ERR_ABORTED,expected_aborted_prefetch,PASS
/products/complete-pack,mobile,https://landlordheaven.co.uk/ask-heaven?_rsc=3e0v1,GET,fetch,0,net::ERR_ABORTED,expected_aborted_prefetch,PASS
/products/complete-pack,mobile,https://landlordheaven.co.uk/about?_rsc=3e0v1,GET,fetch,0,net::ERR_ABORTED,expected_aborted_prefetch,PASS
/products/complete-pack,mobile,https://landlordheaven.co.uk/section-8-notice?_rsc=3e0v1,GET,fetch,0,net::ERR_ABORTED,expected_aborted_prefetch,PASS
/products/complete-pack,mobile,https://landlordheaven.co.uk/samples?_rsc=3e0v1,GET,fetch,0,net::ERR_ABORTED,expected_aborted_prefetch,PASS
/products/complete-pack,mobile,https://landlordheaven.co.uk/tools?_rsc=3e0v1,GET,fetch,0,net::ERR_ABORTED,expected_aborted_prefetch,PASS
/products/complete-pack,mobile,https://region1.analytics.google.com/g/collect?v=2&tid=G-TBR4PEGY1K&gtm=45je67m0v9239287483za200zd9239287483&_p=1784939558523&gcd=13l3l3l3l1l1&npa=0&dma=0&ecid=1041228024&_eu=AEAAACQC&ae=a&are=1&cid=754051301.1784939559&frm=0&ibt=1&ngs=1&pscdl=&rcb=17&sr=390x844&uaa=x86&uab=64&uafvl=Chromium%3B143.0.7499.169%7CNot%2520A(Brand%3B24.0.0.0&uam=&uamb=0&uap=Windows&uapv=10.0.0&uaw=0&ul=en-us&_s=4&tag_exp=115616986~115938465~115938469~118897920~118897930~119896803&sid=1784939558&sct=1&seg=0&dl=https%3A%2F%2Flandlordheaven.co.uk%2Fproducts%2Fcomplete-pack&dt=Prepare%20Section%208%20Court%20Papers%20%7C%20N5%20%26%20N119%20%7C%20%C2%A369.99&en=scroll&epn.percent_scrolled=90&_et=2&tfd=12006,POST,fetch,0,net::ERR_ABORTED,expected_aborted_prefetch,PASS
/products/complete-pack,tablet,https://landlordheaven.co.uk/products/notice-only?_rsc=1rp9d,GET,fetch,0,net::ERR_ABORTED,expected_aborted_prefetch,PASS
/products/complete-pack,tablet,https://landlordheaven.co.uk/wizard/flow?type=eviction&product=complete_pack&src=product_page&topic=eviction&_rsc=1rp9d,GET,fetch,0,net::ERR_ABORTED,expected_aborted_prefetch,PASS
/products/complete-pack,tablet,https://landlordheaven.co.uk/products/notice-only?_rsc=3e0v1,GET,fetch,0,net::ERR_ABORTED,expected_aborted_prefetch,PASS
/products/complete-pack,tablet,https://landlordheaven.co.uk/?_rsc=3e0v1,GET,fetch,0,net::ERR_ABORTED,expected_aborted_prefetch,PASS
/products/complete-pack,tablet,https://landlordheaven.co.uk/wizard/flow?_rsc=1rp9d,GET,fetch,0,net::ERR_ABORTED,expected_aborted_prefetch,PASS
/products/complete-pack,tablet,https://landlordheaven.co.uk/wizard/flow?type=eviction&product=complete_pack&src=product_page&topic=eviction&_rsc=1kzme,GET,fetch,0,net::ERR_ABORTED,expected_aborted_prefetch,PASS
/products/complete-pack,tablet,https://region1.analytics.google.com/g/collect?v=2&tid=G-TBR4PEGY1K&gtm=45je67m0v9239287483za200zd9239287483&_p=1784939571086&_gaz=1&gcd=13l3l3l3l1l1&npa=0&dma=0&ecid=376427092&_eu=AAAAACAC&are=1&cid=1783947039.1784939572&ec_mode=a&frm=0&ibt=1&ngs=1&pscdl=&rcb=13&sr=800x600&uaa=x86&uab=64&uafvl=Chromium%3B143.0.7499.169%7CNot%2520A(Brand%3B24.0.0.0&uam=&uamb=0&uap=Windows&uapv=10.0.0&uaw=0&ul=en-us&_s=1&tag_exp=115938466~115938469~118897920~118897930~119896802&sid=1784939571&sct=1&seg=0&dl=https%3A%2F%2Flandlordheaven.co.uk%2Fproducts%2Fcomplete-pack&dt=Prepare%20Section%208%20Court%20Papers%20%7C%20N5%20%26%20N119%20%7C%20%C2%A369.99&en=page_view&_fv=1&_nsi=1&_ss=1&_ee=1&tfd=1463,POST,fetch,0,net::ERR_ABORTED,expected_aborted_prefetch,PASS
/products/complete-pack,tablet,https://landlordheaven.co.uk/assisted-prep/start?service=section8&product=notice_only&src=product_complete_pack&_rsc=1rp9d,GET,fetch,0,net::ERR_ABORTED,expected_aborted_prefetch,PASS
/products/complete-pack,tablet,https://landlordheaven.co.uk/assisted-prep/start?service=possession&product=complete_pack&src=product_complete_pack&_rsc=1rp9d,GET,fetch,0,net::ERR_ABORTED,expected_aborted_prefetch,PASS
/products/complete-pack,tablet,https://landlordheaven.co.uk/assisted-prep/start?service=section8&product=notice_only&src=product_complete_pack&_rsc=3e0v1,GET,fetch,0,net::ERR_ABORTED,expected_aborted_prefetch,PASS
/products/complete-pack,tablet,https://landlordheaven.co.uk/assisted-prep/start?_rsc=1rp9d,GET,fetch,0,net::ERR_ABORTED,expected_aborted_prefetch,PASS
/products/complete-pack,tablet,https://landlordheaven.co.uk/assisted-prep/start?service=money_claim&product=money_claim&src=product_complete_pack&_rsc=1rp9d,GET,fetch,0,net::ERR_ABORTED,expected_aborted_prefetch,PASS
/products/complete-pack,tablet,https://landlordheaven.co.uk/products/complete-pack?_rsc=3e0v1,GET,fetch,0,net::ERR_ABORTED,expected_aborted_prefetch,PASS
/products/complete-pack,tablet,https://region1.analytics.google.com/g/collect?v=2&tid=G-TBR4PEGY1K&gtm=45je67m0v9239287483za200zd9239287483&_p=1784939571086&gcd=13l3l3l3l1l1&npa=0&dma=0&ecid=376427092&_eu=AAAAACQC&are=1&cid=1783947039.1784939572&frm=0&ibt=1&ngs=1&pscdl=&rcb=13&sr=800x600&uaa=x86&uab=64&uafvl=Chromium%3B143.0.7499.169%7CNot%2520A(Brand%3B24.0.0.0&uam=&uamb=0&uap=Windows&uapv=10.0.0&uaw=0&ul=en-us&tag_exp=115938466~115938469~118897920~118897930~119896802&sid=1784939571&sct=1&seg=0&dl=https%3A%2F%2Flandlordheaven.co.uk%2Fproducts%2Fcomplete-pack&dt=Prepare%20Section%208%20Court%20Papers%20%7C%20N5%20%26%20N119%20%7C%20%C2%A369.99&_s=2&tfd=6371,POST,fetch,0,net::ERR_ABORTED,expected_aborted_prefetch,PASS
/products/complete-pack,tablet,https://landlordheaven.co.uk/compare/section-8-stage-1-vs-stage-2?_rsc=1rp9d,GET,fetch,0,net::ERR_ABORTED,expected_aborted_prefetch,PASS
/products/complete-pack,tablet,https://landlordheaven.co.uk/renters-rights-act-eviction-rules?_rsc=1rp9d,GET,fetch,0,net::ERR_ABORTED,expected_aborted_prefetch,PASS
/products/complete-pack,tablet,https://landlordheaven.co.uk/eviction-process-england?_rsc=1rp9d,GET,fetch,0,net::ERR_ABORTED,expected_aborted_prefetch,PASS
/products/complete-pack,tablet,https://landlordheaven.co.uk/how-to-evict-a-tenant-england?_rsc=1rp9d,GET,fetch,0,net::ERR_ABORTED,expected_aborted_prefetch,PASS
/products/complete-pack,tablet,https://landlordheaven.co.uk/renters-rights-act-eviction-rules?_rsc=3e0v1,GET,fetch,0,net::ERR_ABORTED,expected_aborted_prefetch,PASS
/products/complete-pack,tablet,https://landlordheaven.co.uk/compare/section-8-stage-1-vs-stage-2?_rsc=3e0v1,GET,fetch,0,net::ERR_ABORTED,expected_aborted_prefetch,PASS
/products/complete-pack,tablet,https://landlordheaven.co.uk/eviction-process-england?_rsc=3e0v1,GET,fetch,0,net::ERR_ABORTED,expected_aborted_prefetch,PASS
/products/complete-pack,tablet,https://landlordheaven.co.uk/contact?_rsc=1rp9d,GET,fetch,0,net::ERR_ABORTED,expected_aborted_prefetch,PASS
/products/complete-pack,tablet,https://landlordheaven.co.uk/refunds?_rsc=1rp9d,GET,fetch,0,net::ERR_ABORTED,expected_aborted_prefetch,PASS
/products/complete-pack,tablet,https://landlordheaven.co.uk/cookies?_rsc=1rp9d,GET,fetch,0,net::ERR_ABORTED,expected_aborted_prefetch,PASS
/products/complete-pack,tablet,https://landlordheaven.co.uk/terms?_rsc=1rp9d,GET,fetch,0,net::ERR_ABORTED,expected_aborted_prefetch,PASS
/products/complete-pack,tablet,https://landlordheaven.co.uk/privacy?_rsc=1rp9d,GET,fetch,0,net::ERR_ABORTED,expected_aborted_prefetch,PASS
/products/complete-pack,tablet,https://landlordheaven.co.uk/section-8-notice?_rsc=1rp9d,GET,fetch,0,net::ERR_ABORTED,expected_aborted_prefetch,PASS
/products/complete-pack,tablet,https://landlordheaven.co.uk/ask-heaven?_rsc=1rp9d,GET,fetch,0,net::ERR_ABORTED,expected_aborted_prefetch,PASS
/products/complete-pack,tablet,https://landlordheaven.co.uk/tools?_rsc=1rp9d,GET,fetch,0,net::ERR_ABORTED,expected_aborted_prefetch,PASS
/products/complete-pack,tablet,https://landlordheaven.co.uk/samples?_rsc=1rp9d,GET,fetch,0,net::ERR_ABORTED,expected_aborted_prefetch,PASS
/products/complete-pack,tablet,https://landlordheaven.co.uk/eviction-guides?_rsc=1rp9d,GET,fetch,0,net::ERR_ABORTED,expected_aborted_prefetch,PASS
/products/complete-pack,tablet,https://landlordheaven.co.uk/blog?_rsc=1rp9d,GET,fetch,0,net::ERR_ABORTED,expected_aborted_prefetch,PASS
/products/complete-pack,tablet,https://landlordheaven.co.uk/lodger-agreement?_rsc=1rp9d,GET,fetch,0,net::ERR_ABORTED,expected_aborted_prefetch,PASS
/products/complete-pack,tablet,https://landlordheaven.co.uk/hmo-shared-house-tenancy-agreement?_rsc=1rp9d,GET,fetch,0,net::ERR_ABORTED,expected_aborted_prefetch,PASS
/products/complete-pack,tablet,https://landlordheaven.co.uk/premium-tenancy-agreement?_rsc=1rp9d,GET,fetch,0,net::ERR_ABORTED,expected_aborted_prefetch,PASS
/products/complete-pack,tablet,https://landlordheaven.co.uk/student-tenancy-agreement?_rsc=1rp9d,GET,fetch,0,net::ERR_ABORTED,expected_aborted_prefetch,PASS
/products/complete-pack,tablet,https://landlordheaven.co.uk/products/ast?_rsc=1rp9d,GET,fetch,0,net::ERR_ABORTED,expected_aborted_prefetch,PASS
/products/complete-pack,tablet,https://landlordheaven.co.uk/standard-tenancy-agreement?_rsc=1rp9d,GET,fetch,0,net::ERR_ABORTED,expected_aborted_prefetch,PASS
/products/complete-pack,tablet,https://landlordheaven.co.uk/pricing?_rsc=1rp9d,GET,fetch,0,net::ERR_ABORTED,expected_aborted_prefetch,PASS
/products/complete-pack,tablet,https://landlordheaven.co.uk/rent-increase?_rsc=1rp9d,GET,fetch,0,net::ERR_ABORTED,expected_aborted_prefetch,PASS
/products/complete-pack,tablet,https://landlordheaven.co.uk/assisted-prep?_rsc=1rp9d,GET,fetch,0,net::ERR_ABORTED,expected_aborted_prefetch,PASS
/products/complete-pack,tablet,https://landlordheaven.co.uk/products/money-claim?_rsc=1rp9d,GET,fetch,0,net::ERR_ABORTED,expected_aborted_prefetch,PASS
/products/complete-pack,tablet,https://landlordheaven.co.uk/cookies?_rsc=3e0v1,GET,fetch,0,net::ERR_ABORTED,expected_aborted_prefetch,PASS
/products/complete-pack,tablet,https://landlordheaven.co.uk/refunds?_rsc=3e0v1,GET,fetch,0,net::ERR_ABORTED,expected_aborted_prefetch,PASS
/products/complete-pack,tablet,https://landlordheaven.co.uk/privacy?_rsc=3e0v1,GET,fetch,0,net::ERR_ABORTED,expected_aborted_prefetch,PASS
/products/complete-pack,tablet,https://landlordheaven.co.uk/terms?_rsc=3e0v1,GET,fetch,0,net::ERR_ABORTED,expected_aborted_prefetch,PASS
/products/complete-pack,tablet,https://landlordheaven.co.uk/section-8-notice?_rsc=3e0v1,GET,fetch,0,net::ERR_ABORTED,expected_aborted_prefetch,PASS
/products/complete-pack,tablet,https://landlordheaven.co.uk/ask-heaven?_rsc=3e0v1,GET,fetch,0,net::ERR_ABORTED,expected_aborted_prefetch,PASS
/products/complete-pack,tablet,https://landlordheaven.co.uk/samples?_rsc=3e0v1,GET,fetch,0,net::ERR_ABORTED,expected_aborted_prefetch,PASS
/products/complete-pack,tablet,https://landlordheaven.co.uk/help?_rsc=3e0v1,GET,fetch,0,net::ERR_ABORTED,expected_aborted_prefetch,PASS
/products/complete-pack,tablet,https://landlordheaven.co.uk/contact?_rsc=3e0v1,GET,fetch,0,net::ERR_ABORTED,expected_aborted_prefetch,PASS
/products/complete-pack,tablet,https://landlordheaven.co.uk/about?_rsc=3e0v1,GET,fetch,0,net::ERR_ABORTED,expected_aborted_prefetch,PASS
/products/complete-pack,tablet,https://landlordheaven.co.uk/images/complete-stage-mobile.webp,GET,image,0,net::ERR_ABORTED,expected_responsive_media_candidate_abort,PASS
/products/complete-pack,tablet,https://region1.analytics.google.com/g/collect?v=2&tid=G-TBR4PEGY1K&gtm=45je67m0v9239287483za200zd9239287483&_p=1784939571086&gcd=13l3l3l3l1l1&npa=0&dma=0&ecid=376427092&_eu=AEAAACQC&ae=a&are=1&cid=1783947039.1784939572&frm=0&ibt=1&ngs=1&pscdl=&rcb=13&sr=800x600&uaa=x86&uab=64&uafvl=Chromium%3B143.0.7499.169%7CNot%2520A(Brand%3B24.0.0.0&uam=&uamb=0&uap=Windows&uapv=10.0.0&uaw=0&ul=en-us&_s=3&tag_exp=115938466~115938469~118897920~118897930~119896802&sid=1784939571&sct=1&seg=0&dl=https%3A%2F%2Flandlordheaven.co.uk%2Fproducts%2Fcomplete-pack&dt=Prepare%20Section%208%20Court%20Papers%20%7C%20N5%20%26%20N119%20%7C%20%C2%A369.99&en=scroll&epn.percent_scrolled=90&_et=2&tfd=11378,POST,fetch,0,net::ERR_ABORTED,expected_aborted_prefetch,PASS
/products/complete-pack,desktop,https://landlordheaven.co.uk/products/notice-only?_rsc=1rp9d,GET,fetch,0,net::ERR_ABORTED,expected_aborted_prefetch,PASS
/products/complete-pack,desktop,https://landlordheaven.co.uk/assisted-prep?_rsc=1rp9d,GET,fetch,0,net::ERR_ABORTED,expected_aborted_prefetch,PASS
/products/complete-pack,desktop,https://landlordheaven.co.uk/?_rsc=1rp9d,GET,fetch,0,net::ERR_ABORTED,expected_aborted_prefetch,PASS
/products/complete-pack,desktop,https://landlordheaven.co.uk/products/notice-only?_rsc=3e0v1,GET,fetch,0,net::ERR_ABORTED,expected_aborted_prefetch,PASS
/products/complete-pack,desktop,https://landlordheaven.co.uk/auth/login?_rsc=63vgy,GET,fetch,0,net::ERR_ABORTED,expected_aborted_prefetch,PASS
/products/complete-pack,desktop,https://landlordheaven.co.uk/wizard/flow?type=eviction&product=complete_pack&src=product_page&topic=eviction&_rsc=1kzme,GET,fetch,0,net::ERR_ABORTED,expected_aborted_prefetch,PASS
/products/complete-pack,desktop,https://landlordheaven.co.uk/rent-increase?_rsc=3e0v1,GET,fetch,0,net::ERR_ABORTED,expected_aborted_prefetch,PASS
/products/complete-pack,desktop,https://landlordheaven.co.uk/products/ast?_rsc=3e0v1,GET,fetch,0,net::ERR_ABORTED,expected_aborted_prefetch,PASS
/products/complete-pack,desktop,https://landlordheaven.co.uk/products/money-claim?_rsc=3e0v1,GET,fetch,0,net::ERR_ABORTED,expected_aborted_prefetch,PASS
/products/complete-pack,desktop,https://landlordheaven.co.uk/tools?_rsc=3e0v1,GET,fetch,0,net::ERR_ABORTED,expected_aborted_prefetch,PASS
/products/complete-pack,desktop,https://region1.analytics.google.com/g/collect?v=2&tid=G-TBR4PEGY1K&gtm=45je67m0v9239287483za200zd9239287483&_p=1784939590618&_gaz=1&gcd=13l3l3l3l1l1&npa=0&dma=0&ecid=1773946167&_eu=AAAAACAC&are=1&cid=286843808.1784939591&ec_mode=a&frm=0&ibt=1&ngs=1&pscdl=&rcb=15&sr=800x600&uaa=x86&uab=64&uafvl=Chromium%3B143.0.7499.169%7CNot%2520A(Brand%3B24.0.0.0&uam=&uamb=0&uap=Windows&uapv=10.0.0&uaw=0&ul=en-us&_s=1&tag_exp=115938466~115938468~118897920~118897930~119896803&sid=1784939591&sct=1&seg=0&dl=https%3A%2F%2Flandlordheaven.co.uk%2Fproducts%2Fcomplete-pack&dt=Prepare%20Section%208%20Court%20Papers%20%7C%20N5%20%26%20N119%20%7C%20%C2%A369.99&en=page_view&_fv=1&_nsi=1&_ss=1&_ee=1&tfd=2098,POST,fetch,0,net::ERR_ABORTED,expected_aborted_prefetch,PASS
/products/complete-pack,desktop,https://landlordheaven.co.uk/assisted-prep/start?service=possession&product=complete_pack&src=product_complete_pack&_rsc=1rp9d,GET,fetch,0,net::ERR_ABORTED,expected_aborted_prefetch,PASS
/products/complete-pack,desktop,https://landlordheaven.co.uk/assisted-prep/start?service=money_claim&product=money_claim&src=product_complete_pack&_rsc=1rp9d,GET,fetch,0,net::ERR_ABORTED,expected_aborted_prefetch,PASS
/products/complete-pack,desktop,https://landlordheaven.co.uk/assisted-prep/start?service=section8&product=notice_only&src=product_complete_pack&_rsc=1rp9d,GET,fetch,0,net::ERR_ABORTED,expected_aborted_prefetch,PASS
/products/complete-pack,desktop,https://landlordheaven.co.uk/assisted-prep/start?service=possession&product=complete_pack&src=product_complete_pack&_rsc=3e0v1,GET,fetch,0,net::ERR_ABORTED,expected_aborted_prefetch,PASS
/products/complete-pack,desktop,https://landlordheaven.co.uk/assisted-prep/start?_rsc=1rp9d,GET,fetch,0,net::ERR_ABORTED,expected_aborted_prefetch,PASS
/products/complete-pack,desktop,https://landlordheaven.co.uk/assisted-prep/start?service=money_claim&product=money_claim&src=product_complete_pack&_rsc=3e0v1,GET,fetch,0,net::ERR_ABORTED,expected_aborted_prefetch,PASS
/products/complete-pack,desktop,https://landlordheaven.co.uk/products/complete-pack?_rsc=1rp9d,GET,fetch,0,net::ERR_ABORTED,expected_aborted_prefetch,PASS
/products/complete-pack,desktop,https://landlordheaven.co.uk/how-to-evict-a-tenant-england?_rsc=1rp9d,GET,fetch,0,net::ERR_ABORTED,expected_aborted_prefetch,PASS
/products/complete-pack,desktop,https://landlordheaven.co.uk/eviction-process-england?_rsc=1rp9d,GET,fetch,0,net::ERR_ABORTED,expected_aborted_prefetch,PASS
/products/complete-pack,desktop,https://landlordheaven.co.uk/renters-rights-act-eviction-rules?_rsc=1rp9d,GET,fetch,0,net::ERR_ABORTED,expected_aborted_prefetch,PASS
/products/complete-pack,desktop,https://landlordheaven.co.uk/compare/section-8-stage-1-vs-stage-2?_rsc=1rp9d,GET,fetch,0,net::ERR_ABORTED,expected_aborted_prefetch,PASS
/products/complete-pack,desktop,https://region1.analytics.google.com/g/collect?v=2&tid=G-TBR4PEGY1K&gtm=45je67m0v9239287483za200zd9239287483&_p=1784939590618&gcd=13l3l3l3l1l1&npa=0&dma=0&ecid=1773946167&_eu=AAAAACQC&are=1&cid=286843808.1784939591&frm=0&ibt=1&ngs=1&pscdl=&rcb=15&sr=800x600&uaa=x86&uab=64&uafvl=Chromium%3B143.0.7499.169%7CNot%2520A(Brand%3B24.0.0.0&uam=&uamb=0&uap=Windows&uapv=10.0.0&uaw=0&ul=en-us&tag_exp=115938466~115938468~118897920~118897930~119896803&sid=1784939591&sct=1&seg=0&dl=https%3A%2F%2Flandlordheaven.co.uk%2Fproducts%2Fcomplete-pack&dt=Prepare%20Section%208%20Court%20Papers%20%7C%20N5%20%26%20N119%20%7C%20%C2%A369.99&_s=2&tfd=5576,POST,fetch,0,net::ERR_ABORTED,expected_aborted_prefetch,PASS
/products/complete-pack,desktop,https://landlordheaven.co.uk/renters-rights-act-eviction-rules?_rsc=3e0v1,GET,fetch,0,net::ERR_ABORTED,expected_aborted_prefetch,PASS
/products/complete-pack,desktop,https://landlordheaven.co.uk/eviction-process-england?_rsc=3e0v1,GET,fetch,0,net::ERR_ABORTED,expected_aborted_prefetch,PASS
/products/complete-pack,desktop,https://landlordheaven.co.uk/how-to-evict-a-tenant-england?_rsc=3e0v1,GET,fetch,0,net::ERR_ABORTED,expected_aborted_prefetch,PASS
/products/complete-pack,desktop,https://landlordheaven.co.uk/compare/section-8-stage-1-vs-stage-2?_rsc=3e0v1,GET,fetch,0,net::ERR_ABORTED,expected_aborted_prefetch,PASS
/products/complete-pack,desktop,https://landlordheaven.co.uk/refunds?_rsc=1rp9d,GET,fetch,0,net::ERR_ABORTED,expected_aborted_prefetch,PASS
/products/complete-pack,desktop,https://landlordheaven.co.uk/privacy?_rsc=1rp9d,GET,fetch,0,net::ERR_ABORTED,expected_aborted_prefetch,PASS
/products/complete-pack,desktop,https://landlordheaven.co.uk/cookies?_rsc=1rp9d,GET,fetch,0,net::ERR_ABORTED,expected_aborted_prefetch,PASS
/products/complete-pack,desktop,https://landlordheaven.co.uk/terms?_rsc=1rp9d,GET,fetch,0,net::ERR_ABORTED,expected_aborted_prefetch,PASS
/products/complete-pack,desktop,https://landlordheaven.co.uk/help?_rsc=1rp9d,GET,fetch,0,net::ERR_ABORTED,expected_aborted_prefetch,PASS
/products/complete-pack,desktop,https://landlordheaven.co.uk/contact?_rsc=1rp9d,GET,fetch,0,net::ERR_ABORTED,expected_aborted_prefetch,PASS
/products/complete-pack,desktop,https://landlordheaven.co.uk/about?_rsc=1rp9d,GET,fetch,0,net::ERR_ABORTED,expected_aborted_prefetch,PASS
/products/complete-pack,desktop,https://landlordheaven.co.uk/ask-heaven?_rsc=1rp9d,GET,fetch,0,net::ERR_ABORTED,expected_aborted_prefetch,PASS
/products/complete-pack,desktop,https://landlordheaven.co.uk/section-8-notice?_rsc=1rp9d,GET,fetch,0,net::ERR_ABORTED,expected_aborted_prefetch,PASS
/products/complete-pack,desktop,https://landlordheaven.co.uk/samples?_rsc=1rp9d,GET,fetch,0,net::ERR_ABORTED,expected_aborted_prefetch,PASS
/products/complete-pack,desktop,https://landlordheaven.co.uk/eviction-guides?_rsc=1rp9d,GET,fetch,0,net::ERR_ABORTED,expected_aborted_prefetch,PASS
/products/complete-pack,desktop,https://landlordheaven.co.uk/blog?_rsc=1rp9d,GET,fetch,0,net::ERR_ABORTED,expected_aborted_prefetch,PASS
/products/complete-pack,desktop,https://landlordheaven.co.uk/premium-tenancy-agreement?_rsc=1rp9d,GET,fetch,0,net::ERR_ABORTED,expected_aborted_prefetch,PASS
/products/complete-pack,desktop,https://landlordheaven.co.uk/student-tenancy-agreement?_rsc=1rp9d,GET,fetch,0,net::ERR_ABORTED,expected_aborted_prefetch,PASS
/products/complete-pack,desktop,https://landlordheaven.co.uk/lodger-agreement?_rsc=1rp9d,GET,fetch,0,net::ERR_ABORTED,expected_aborted_prefetch,PASS
/products/complete-pack,desktop,https://landlordheaven.co.uk/standard-tenancy-agreement?_rsc=1rp9d,GET,fetch,0,net::ERR_ABORTED,expected_aborted_prefetch,PASS
/products/complete-pack,desktop,https://landlordheaven.co.uk/refunds?_rsc=3e0v1,GET,fetch,0,net::ERR_ABORTED,expected_aborted_prefetch,PASS
/products/complete-pack,desktop,https://landlordheaven.co.uk/cookies?_rsc=3e0v1,GET,fetch,0,net::ERR_ABORTED,expected_aborted_prefetch,PASS
/products/complete-pack,desktop,https://landlordheaven.co.uk/pricing?_rsc=1rp9d,GET,fetch,0,net::ERR_ABORTED,expected_aborted_prefetch,PASS
/products/complete-pack,desktop,https://landlordheaven.co.uk/help?_rsc=3e0v1,GET,fetch,0,net::ERR_ABORTED,expected_aborted_prefetch,PASS
/products/complete-pack,desktop,https://landlordheaven.co.uk/contact?_rsc=3e0v1,GET,fetch,0,net::ERR_ABORTED,expected_aborted_prefetch,PASS
/products/complete-pack,desktop,https://landlordheaven.co.uk/privacy?_rsc=3e0v1,GET,fetch,0,net::ERR_ABORTED,expected_aborted_prefetch,PASS
/products/complete-pack,desktop,https://landlordheaven.co.uk/terms?_rsc=3e0v1,GET,fetch,0,net::ERR_ABORTED,expected_aborted_prefetch,PASS
/products/complete-pack,desktop,https://landlordheaven.co.uk/about?_rsc=3e0v1,GET,fetch,0,net::ERR_ABORTED,expected_aborted_prefetch,PASS
/products/complete-pack,desktop,https://landlordheaven.co.uk/section-8-notice?_rsc=3e0v1,GET,fetch,0,net::ERR_ABORTED,expected_aborted_prefetch,PASS
/products/complete-pack,desktop,https://landlordheaven.co.uk/ask-heaven?_rsc=3e0v1,GET,fetch,0,net::ERR_ABORTED,expected_aborted_prefetch,PASS
/products/complete-pack,desktop,https://landlordheaven.co.uk/samples?_rsc=3e0v1,GET,fetch,0,net::ERR_ABORTED,expected_aborted_prefetch,PASS
/products/complete-pack,desktop,https://landlordheaven.co.uk/eviction-guides?_rsc=3e0v1,GET,fetch,0,net::ERR_ABORTED,expected_aborted_prefetch,PASS
/products/complete-pack,desktop,https://landlordheaven.co.uk/blog?_rsc=3e0v1,GET,fetch,0,net::ERR_ABORTED,expected_aborted_prefetch,PASS
/products/complete-pack,desktop,https://landlordheaven.co.uk/hmo-shared-house-tenancy-agreement?_rsc=3e0v1,GET,fetch,0,net::ERR_ABORTED,expected_aborted_prefetch,PASS
/products/complete-pack,desktop,https://landlordheaven.co.uk/lodger-agreement?_rsc=3e0v1,GET,fetch,0,net::ERR_ABORTED,expected_aborted_prefetch,PASS
/products/complete-pack,desktop,https://landlordheaven.co.uk/images/complete-stage-mobile.webp,GET,image,0,net::ERR_ABORTED,expected_responsive_media_candidate_abort,PASS
/products/complete-pack,desktop,https://region1.analytics.google.com/g/collect?v=2&tid=G-TBR4PEGY1K&gtm=45je67m0v9239287483za200zd9239287483&_p=1784939590618&gcd=13l3l3l3l1l1&npa=0&dma=0&ecid=1773946167&_eu=AEAAACQC&ae=a&are=1&cid=286843808.1784939591&frm=0&ibt=1&ngs=1&pscdl=&rcb=15&sr=800x600&uaa=x86&uab=64&uafvl=Chromium%3B143.0.7499.169%7CNot%2520A(Brand%3B24.0.0.0&uam=&uamb=0&uap=Windows&uapv=10.0.0&uaw=0&ul=en-us&_s=3&tag_exp=115938466~115938468~118897920~118897930~119896803&sid=1784939591&sct=1&seg=0&dl=https%3A%2F%2Flandlordheaven.co.uk%2Fproducts%2Fcomplete-pack&dt=Prepare%20Section%208%20Court%20Papers%20%7C%20N5%20%26%20N119%20%7C%20%C2%A369.99&en=scroll&epn.percent_scrolled=90&_et=2&tfd=10582,POST,fetch,0,net::ERR_ABORTED,expected_aborted_prefetch,PASS
/products/money-claim,mobile,https://landlordheaven.co.uk/?_rsc=1dzy2,GET,fetch,0,net::ERR_ABORTED,expected_aborted_prefetch,PASS
/products/money-claim,mobile,https://landlordheaven.co.uk/wizard/flow?type=money_claim&product=money_claim&src=product_page&topic=debt&_rsc=1dzy2,GET,fetch,0,net::ERR_ABORTED,expected_aborted_prefetch,PASS
/products/money-claim,mobile,https://landlordheaven.co.uk/products/complete-pack?_rsc=1dzy2,GET,fetch,0,net::ERR_ABORTED,expected_aborted_prefetch,PASS
/products/money-claim,mobile,https://landlordheaven.co.uk/wizard/flow?type=money_claim&product=money_claim&src=product_page&topic=debt&_rsc=1mo0x,GET,fetch,0,net::ERR_ABORTED,expected_aborted_prefetch,PASS
/products/money-claim,mobile,https://landlordheaven.co.uk/wizard/flow?_rsc=1dzy2,GET,fetch,0,net::ERR_ABORTED,expected_aborted_prefetch,PASS
/products/money-claim,mobile,https://landlordheaven.co.uk/?_rsc=9mt49,GET,fetch,0,net::ERR_ABORTED,expected_aborted_prefetch,PASS
/products/money-claim,mobile,https://landlordheaven.co.uk/products/complete-pack?_rsc=9mt49,GET,fetch,0,net::ERR_ABORTED,expected_aborted_prefetch,PASS
/products/money-claim,mobile,https://region1.analytics.google.com/g/collect?v=2&tid=G-TBR4PEGY1K&gtm=45je67m0v9239287483za200zd9239287483&_p=1784939607392&_gaz=1&gcd=13l3l3l3l1l1&npa=0&dma=0&ecid=1638368243&_eu=AAAAACAC&are=1&cid=1776709483.1784939608&ec_mode=a&frm=0&ibt=1&ngs=1&pscdl=&rcb=17&sr=390x844&uaa=x86&uab=64&uafvl=Chromium%3B143.0.7499.169%7CNot%2520A(Brand%3B24.0.0.0&uam=&uamb=0&uap=Windows&uapv=10.0.0&uaw=0&ul=en-us&_s=1&tag_exp=115938466~115938468~118897920~118897930~119896803&sid=1784939607&sct=1&seg=0&dl=https%3A%2F%2Flandlordheaven.co.uk%2Fproducts%2Fmoney-claim&dt=Recover%20Unpaid%20Rent%20Money%20Claim%20Pack%20%7C%20MCOL%20%26%20N1%20%7C%20%C2%A328.99&en=page_view&_fv=1&_nsi=1&_ss=1&_ee=1&tfd=1745,POST,fetch,0,net::ERR_ABORTED,expected_aborted_prefetch,PASS
/products/money-claim,mobile,https://region1.analytics.google.com/g/collect?v=2&tid=G-TBR4PEGY1K&gtm=45je67m0v9239287483za200zd9239287483&_p=1784939607392&gcd=13l3l3l3l1l1&npa=0&dma=0&ecid=1638368243&_eu=AAAAACQC&are=1&cid=1776709483.1784939608&frm=0&ibt=1&ngs=1&pscdl=&rcb=17&sr=390x844&uaa=x86&uab=64&uafvl=Chromium%3B143.0.7499.169%7CNot%2520A(Brand%3B24.0.0.0&uam=&uamb=0&uap=Windows&uapv=10.0.0&uaw=0&ul=en-us&tag_exp=115938466~115938468~118897920~118897930~119896803&sid=1784939607&sct=1&seg=0&dl=https%3A%2F%2Flandlordheaven.co.uk%2Fproducts%2Fmoney-claim&dt=Recover%20Unpaid%20Rent%20Money%20Claim%20Pack%20%7C%20MCOL%20%26%20N1%20%7C%20%C2%A328.99&_s=2&tfd=6761,POST,fetch,0,net::ERR_ABORTED,expected_aborted_prefetch,PASS
/products/money-claim,mobile,https://landlordheaven.co.uk/assisted-prep/start?service=section8&product=notice_only&src=product_money_claim&_rsc=1dzy2,GET,fetch,0,net::ERR_ABORTED,expected_aborted_prefetch,PASS
/products/money-claim,mobile,https://landlordheaven.co.uk/assisted-prep/start?service=possession&product=complete_pack&src=product_money_claim&_rsc=1dzy2,GET,fetch,0,net::ERR_ABORTED,expected_aborted_prefetch,PASS
/products/money-claim,mobile,https://landlordheaven.co.uk/assisted-prep/start?service=money_claim&product=money_claim&src=product_money_claim&_rsc=1dzy2,GET,fetch,0,net::ERR_ABORTED,expected_aborted_prefetch,PASS
/products/money-claim,mobile,https://landlordheaven.co.uk/assisted-prep/start?_rsc=1dzy2,GET,fetch,0,net::ERR_ABORTED,expected_aborted_prefetch,PASS
/products/money-claim,mobile,https://landlordheaven.co.uk/assisted-prep/start?service=section8&product=notice_only&src=product_money_claim&_rsc=9mt49,GET,fetch,0,net::ERR_ABORTED,expected_aborted_prefetch,PASS
/products/money-claim,mobile,https://landlordheaven.co.uk/assisted-prep/start?service=money_claim&product=money_claim&src=product_money_claim&_rsc=9mt49,GET,fetch,0,net::ERR_ABORTED,expected_aborted_prefetch,PASS
/products/money-claim,mobile,https://landlordheaven.co.uk/assisted-prep/start?service=possession&product=complete_pack&src=product_money_claim&_rsc=9mt49,GET,fetch,0,net::ERR_ABORTED,expected_aborted_prefetch,PASS
/products/money-claim,mobile,https://landlordheaven.co.uk/products/money-claim?_rsc=1dzy2,GET,fetch,0,net::ERR_ABORTED,expected_aborted_prefetch,PASS
/products/money-claim,mobile,https://region1.analytics.google.com/g/collect?v=2&tid=G-TBR4PEGY1K&gtm=45je67m0v9239287483za200zd9239287483&_p=1784939607392&gcd=13l3l3l3l1l1&npa=0&dma=0&ecid=1638368243&_eu=AAAAACQC&are=1&cid=1776709483.1784939608&frm=0&ibt=1&ngs=1&pscdl=&rcb=17&sr=390x844&uaa=x86&uab=64&uafvl=Chromium%3B143.0.7499.169%7CNot%2520A(Brand%3B24.0.0.0&uam=&uamb=0&uap=Windows&uapv=10.0.0&uaw=0&ul=en-us&tag_exp=115938466~115938468~118897920~118897930~119896803&sid=1784939607&sct=1&seg=0&dl=https%3A%2F%2Flandlordheaven.co.uk%2Fproducts%2Fmoney-claim&dt=Recover%20Unpaid%20Rent%20Money%20Claim%20Pack%20%7C%20MCOL%20%26%20N1%20%7C%20%C2%A328.99&_s=3&tfd=9408,POST,fetch,0,net::ERR_ABORTED,expected_aborted_prefetch,PASS
/products/money-claim,mobile,https://landlordheaven.co.uk/money-claim-unpaid-rent?_rsc=1dzy2,GET,fetch,0,net::ERR_ABORTED,expected_aborted_prefetch,PASS
/products/money-claim,mobile,https://landlordheaven.co.uk/money-claim-letter-before-action?_rsc=1dzy2,GET,fetch,0,net::ERR_ABORTED,expected_aborted_prefetch,PASS
/products/money-claim,mobile,https://landlordheaven.co.uk/money-claim?_rsc=1dzy2,GET,fetch,0,net::ERR_ABORTED,expected_aborted_prefetch,PASS
/products/money-claim,mobile,https://landlordheaven.co.uk/eviction-guides?_rsc=1dzy2,GET,fetch,0,net::ERR_ABORTED,expected_aborted_prefetch,PASS
/products/money-claim,mobile,https://landlordheaven.co.uk/lodger-agreement?_rsc=1dzy2,GET,fetch,0,net::ERR_ABORTED,expected_aborted_prefetch,PASS
/products/money-claim,mobile,https://landlordheaven.co.uk/blog?_rsc=1dzy2,GET,fetch,0,net::ERR_ABORTED,expected_aborted_prefetch,PASS
/products/money-claim,mobile,https://landlordheaven.co.uk/refunds?_rsc=1dzy2,GET,fetch,0,net::ERR_ABORTED,expected_aborted_prefetch,PASS
/products/money-claim,mobile,https://landlordheaven.co.uk/cookies?_rsc=1dzy2,GET,fetch,0,net::ERR_ABORTED,expected_aborted_prefetch,PASS
/products/money-claim,mobile,https://landlordheaven.co.uk/terms?_rsc=1dzy2,GET,fetch,0,net::ERR_ABORTED,expected_aborted_prefetch,PASS
/products/money-claim,mobile,https://landlordheaven.co.uk/privacy?_rsc=1dzy2,GET,fetch,0,net::ERR_ABORTED,expected_aborted_prefetch,PASS
/products/money-claim,mobile,https://landlordheaven.co.uk/help?_rsc=1dzy2,GET,fetch,0,net::ERR_ABORTED,expected_aborted_prefetch,PASS
/products/money-claim,mobile,https://landlordheaven.co.uk/contact?_rsc=1dzy2,GET,fetch,0,net::ERR_ABORTED,expected_aborted_prefetch,PASS
/products/money-claim,mobile,https://landlordheaven.co.uk/ask-heaven?_rsc=1dzy2,GET,fetch,0,net::ERR_ABORTED,expected_aborted_prefetch,PASS
/products/money-claim,mobile,https://landlordheaven.co.uk/about?_rsc=1dzy2,GET,fetch,0,net::ERR_ABORTED,expected_aborted_prefetch,PASS
/products/money-claim,mobile,https://landlordheaven.co.uk/section-8-notice?_rsc=1dzy2,GET,fetch,0,net::ERR_ABORTED,expected_aborted_prefetch,PASS
/products/money-claim,mobile,https://landlordheaven.co.uk/tools?_rsc=1dzy2,GET,fetch,0,net::ERR_ABORTED,expected_aborted_prefetch,PASS
/products/money-claim,mobile,https://landlordheaven.co.uk/samples?_rsc=1dzy2,GET,fetch,0,net::ERR_ABORTED,expected_aborted_prefetch,PASS
/products/money-claim,mobile,https://landlordheaven.co.uk/student-tenancy-agreement?_rsc=1dzy2,GET,fetch,0,net::ERR_ABORTED,expected_aborted_prefetch,PASS
/products/money-claim,mobile,https://landlordheaven.co.uk/premium-tenancy-agreement?_rsc=1dzy2,GET,fetch,0,net::ERR_ABORTED,expected_aborted_prefetch,PASS
/products/money-claim,mobile,https://landlordheaven.co.uk/standard-tenancy-agreement?_rsc=1dzy2,GET,fetch,0,net::ERR_ABORTED,expected_aborted_prefetch,PASS
/products/money-claim,mobile,https://landlordheaven.co.uk/refunds?_rsc=9mt49,GET,fetch,0,net::ERR_ABORTED,expected_aborted_prefetch,PASS
/products/money-claim,mobile,https://landlordheaven.co.uk/cookies?_rsc=9mt49,GET,fetch,0,net::ERR_ABORTED,expected_aborted_prefetch,PASS
/products/money-claim,mobile,https://landlordheaven.co.uk/privacy?_rsc=9mt49,GET,fetch,0,net::ERR_ABORTED,expected_aborted_prefetch,PASS
/products/money-claim,mobile,https://landlordheaven.co.uk/help?_rsc=9mt49,GET,fetch,0,net::ERR_ABORTED,expected_aborted_prefetch,PASS
/products/money-claim,mobile,https://landlordheaven.co.uk/terms?_rsc=9mt49,GET,fetch,0,net::ERR_ABORTED,expected_aborted_prefetch,PASS
/products/money-claim,mobile,https://landlordheaven.co.uk/contact?_rsc=9mt49,GET,fetch,0,net::ERR_ABORTED,expected_aborted_prefetch,PASS
/products/money-claim,mobile,https://landlordheaven.co.uk/about?_rsc=9mt49,GET,fetch,0,net::ERR_ABORTED,expected_aborted_prefetch,PASS
/products/money-claim,mobile,https://landlordheaven.co.uk/samples?_rsc=9mt49,GET,fetch,0,net::ERR_ABORTED,expected_aborted_prefetch,PASS
/products/money-claim,mobile,https://landlordheaven.co.uk/ask-heaven?_rsc=9mt49,GET,fetch,0,net::ERR_ABORTED,expected_aborted_prefetch,PASS
/products/money-claim,mobile,https://landlordheaven.co.uk/blog?_rsc=9mt49,GET,fetch,0,net::ERR_ABORTED,expected_aborted_prefetch,PASS
/products/money-claim,mobile,https://landlordheaven.co.uk/eviction-guides?_rsc=9mt49,GET,fetch,0,net::ERR_ABORTED,expected_aborted_prefetch,PASS
/products/money-claim,mobile,https://landlordheaven.co.uk/lodger-agreement?_rsc=9mt49,GET,fetch,0,net::ERR_ABORTED,expected_aborted_prefetch,PASS
/products/money-claim,mobile,https://landlordheaven.co.uk/tools?_rsc=9mt49,GET,fetch,0,net::ERR_ABORTED,expected_aborted_prefetch,PASS
/products/money-claim,mobile,https://region1.analytics.google.com/g/collect?v=2&tid=G-TBR4PEGY1K&gtm=45je67m0v9239287483za200zd9239287483&_p=1784939607392&gcd=13l3l3l3l1l1&npa=0&dma=0&ecid=1638368243&_eu=AEAAACQC&ae=a&are=1&cid=1776709483.1784939608&frm=0&ibt=1&ngs=1&pscdl=&rcb=17&sr=390x844&uaa=x86&uab=64&uafvl=Chromium%3B143.0.7499.169%7CNot%2520A(Brand%3B24.0.0.0&uam=&uamb=0&uap=Windows&uapv=10.0.0&uaw=0&ul=en-us&_s=4&tag_exp=115938466~115938468~118897920~118897930~119896803&sid=1784939607&sct=1&seg=0&dl=https%3A%2F%2Flandlordheaven.co.uk%2Fproducts%2Fmoney-claim&dt=Recover%20Unpaid%20Rent%20Money%20Claim%20Pack%20%7C%20MCOL%20%26%20N1%20%7C%20%C2%A328.99&en=scroll&epn.percent_scrolled=90&_et=3&tfd=14416,POST,fetch,0,net::ERR_ABORTED,expected_aborted_prefetch,PASS
/products/money-claim,tablet,https://landlordheaven.co.uk/wizard/flow?type=money_claim&product=money_claim&src=product_page&topic=debt&_rsc=1dzy2,GET,fetch,0,net::ERR_ABORTED,expected_aborted_prefetch,PASS
/products/money-claim,tablet,https://landlordheaven.co.uk/?_rsc=1dzy2,GET,fetch,0,net::ERR_ABORTED,expected_aborted_prefetch,PASS
/products/money-claim,tablet,https://landlordheaven.co.uk/?_rsc=9mt49,GET,fetch,0,net::ERR_ABORTED,expected_aborted_prefetch,PASS
/products/money-claim,tablet,https://landlordheaven.co.uk/wizard/flow?type=money_claim&product=money_claim&src=product_page&topic=debt&_rsc=1mo0x,GET,fetch,0,net::ERR_ABORTED,expected_aborted_prefetch,PASS
/products/money-claim,tablet,https://landlordheaven.co.uk/wizard/flow?_rsc=1dzy2,GET,fetch,0,net::ERR_ABORTED,expected_aborted_prefetch,PASS
/products/money-claim,tablet,https://landlordheaven.co.uk/products/complete-pack?_rsc=9mt49,GET,fetch,0,net::ERR_ABORTED,expected_aborted_prefetch,PASS
/products/money-claim,tablet,https://region1.analytics.google.com/g/collect?v=2&tid=G-TBR4PEGY1K&gtm=45je67m0v9239287483za200zd9239287483&_p=1784939631412&_gaz=1&gcd=13l3l3l3l1l1&npa=0&dma=0&ecid=1975774967&_eu=AAAAACAC&are=1&cid=1272200314.1784939632&ec_mode=a&frm=0&ibt=1&ngs=1&pscdl=&rcb=10&sr=800x600&uaa=x86&uab=64&uafvl=Chromium%3B143.0.7499.169%7CNot%2520A(Brand%3B24.0.0.0&uam=&uamb=0&uap=Windows&uapv=10.0.0&uaw=0&ul=en-us&_s=1&tag_exp=115938466~115938469~118012009~118897920~118897930~119527019~119724320~119896802&sid=1784939631&sct=1&seg=0&dl=https%3A%2F%2Flandlordheaven.co.uk%2Fproducts%2Fmoney-claim&dt=Recover%20Unpaid%20Rent%20Money%20Claim%20Pack%20%7C%20MCOL%20%26%20N1%20%7C%20%C2%A328.99&en=page_view&_fv=1&_nsi=1&_ss=1&_ee=1&tfd=1720,POST,fetch,0,net::ERR_ABORTED,expected_aborted_prefetch,PASS
/products/money-claim,tablet,https://region1.analytics.google.com/g/collect?v=2&tid=G-TBR4PEGY1K&gtm=45je67m0v9239287483za200zd9239287483&_p=1784939631412&gcd=13l3l3l3l1l1&npa=0&dma=0&ecid=1975774967&_eu=AAAAACQC&are=1&cid=1272200314.1784939632&frm=0&ibt=1&ngs=1&pscdl=&rcb=10&sr=800x600&uaa=x86&uab=64&uafvl=Chromium%3B143.0.7499.169%7CNot%2520A(Brand%3B24.0.0.0&uam=&uamb=0&uap=Windows&uapv=10.0.0&uaw=0&ul=en-us&_s=2&tag_exp=115938466~115938469~118012009~118897920~118897930~119527019~119724320~119896802&cu=GBP&sid=1784939631&sct=1&seg=0&dl=https%3A%2F%2Flandlordheaven.co.uk%2Fproducts%2Fmoney-claim&dt=Recover%20Unpaid%20Rent%20Money%20Claim%20Pack%20%7C%20MCOL%20%26%20N1%20%7C%20%C2%A328.99&en=view_item&_ee=1&pr1=idmoney_claim~nmRecover%20unpaid%20rent%20with%20a%20landlord%20money%20claim%20pack~calandlord_document~pr28.99&epn.value=28.99&ep.event_family=view_item&_et=16&tfd=6749,POST,fetch,0,net::ERR_ABORTED,expected_aborted_prefetch,PASS
/products/money-claim,tablet,https://landlordheaven.co.uk/assisted-prep/start?service=section8&product=notice_only&src=product_money_claim&_rsc=1dzy2,GET,fetch,0,net::ERR_ABORTED,expected_aborted_prefetch,PASS
/products/money-claim,tablet,https://landlordheaven.co.uk/assisted-prep/start?service=possession&product=complete_pack&src=product_money_claim&_rsc=1dzy2,GET,fetch,0,net::ERR_ABORTED,expected_aborted_prefetch,PASS
/products/money-claim,tablet,https://landlordheaven.co.uk/assisted-prep/start?service=money_claim&product=money_claim&src=product_money_claim&_rsc=1dzy2,GET,fetch,0,net::ERR_ABORTED,expected_aborted_prefetch,PASS
/products/money-claim,tablet,https://landlordheaven.co.uk/assisted-prep/start?_rsc=1dzy2,GET,fetch,0,net::ERR_ABORTED,expected_aborted_prefetch,PASS
/products/money-claim,tablet,https://landlordheaven.co.uk/assisted-prep/start?service=money_claim&product=money_claim&src=product_money_claim&_rsc=9mt49,GET,fetch,0,net::ERR_ABORTED,expected_aborted_prefetch,PASS
/products/money-claim,tablet,https://landlordheaven.co.uk/products/money-claim?_rsc=1dzy2,GET,fetch,0,net::ERR_ABORTED,expected_aborted_prefetch,PASS
/products/money-claim,tablet,https://landlordheaven.co.uk/assisted-prep/start?service=possession&product=complete_pack&src=product_money_claim&_rsc=9mt49,GET,fetch,0,net::ERR_ABORTED,expected_aborted_prefetch,PASS
/products/money-claim,tablet,https://landlordheaven.co.uk/money-claim-unpaid-rent?_rsc=1dzy2,GET,fetch,0,net::ERR_ABORTED,expected_aborted_prefetch,PASS
/products/money-claim,tablet,https://landlordheaven.co.uk/money-claim-letter-before-action?_rsc=1dzy2,GET,fetch,0,net::ERR_ABORTED,expected_aborted_prefetch,PASS
/products/money-claim,tablet,https://landlordheaven.co.uk/money-claim?_rsc=1dzy2,GET,fetch,0,net::ERR_ABORTED,expected_aborted_prefetch,PASS
/products/money-claim,tablet,https://region1.analytics.google.com/g/collect?v=2&tid=G-TBR4PEGY1K&gtm=45je67m0v9239287483za200zd9239287483&_p=1784939631412&gcd=13l3l3l3l1l1&npa=0&dma=0&ecid=1975774967&_eu=AAAAACQC&are=1&cid=1272200314.1784939632&frm=0&ibt=1&ngs=1&pscdl=&rcb=10&sr=800x600&uaa=x86&uab=64&uafvl=Chromium%3B143.0.7499.169%7CNot%2520A(Brand%3B24.0.0.0&uam=&uamb=0&uap=Windows&uapv=10.0.0&uaw=0&ul=en-us&tag_exp=115938466~115938469~118012009~118897920~118897930~119527019~119724320~119896802&sid=1784939631&sct=1&seg=0&dl=https%3A%2F%2Flandlordheaven.co.uk%2Fproducts%2Fmoney-claim&dt=Recover%20Unpaid%20Rent%20Money%20Claim%20Pack%20%7C%20MCOL%20%26%20N1%20%7C%20%C2%A328.99&_s=3&tfd=9027,POST,fetch,0,net::ERR_ABORTED,expected_aborted_prefetch,PASS
/products/money-claim,tablet,https://landlordheaven.co.uk/student-tenancy-agreement?_rsc=1dzy2,GET,fetch,0,net::ERR_ABORTED,expected_aborted_prefetch,PASS
/products/money-claim,tablet,https://landlordheaven.co.uk/products/ast?_rsc=1dzy2,GET,fetch,0,net::ERR_ABORTED,expected_aborted_prefetch,PASS
/products/money-claim,tablet,https://landlordheaven.co.uk/premium-tenancy-agreement?_rsc=1dzy2,GET,fetch,0,net::ERR_ABORTED,expected_aborted_prefetch,PASS
/products/money-claim,tablet,https://landlordheaven.co.uk/standard-tenancy-agreement?_rsc=1dzy2,GET,fetch,0,net::ERR_ABORTED,expected_aborted_prefetch,PASS
/products/money-claim,tablet,https://landlordheaven.co.uk/refunds?_rsc=1dzy2,GET,fetch,0,net::ERR_ABORTED,expected_aborted_prefetch,PASS
/products/money-claim,tablet,https://landlordheaven.co.uk/privacy?_rsc=1dzy2,GET,fetch,0,net::ERR_ABORTED,expected_aborted_prefetch,PASS
/products/money-claim,tablet,https://landlordheaven.co.uk/terms?_rsc=1dzy2,GET,fetch,0,net::ERR_ABORTED,expected_aborted_prefetch,PASS
/products/money-claim,tablet,https://landlordheaven.co.uk/cookies?_rsc=1dzy2,GET,fetch,0,net::ERR_ABORTED,expected_aborted_prefetch,PASS
/products/money-claim,tablet,https://landlordheaven.co.uk/ask-heaven?_rsc=1dzy2,GET,fetch,0,net::ERR_ABORTED,expected_aborted_prefetch,PASS
/products/money-claim,tablet,https://landlordheaven.co.uk/contact?_rsc=1dzy2,GET,fetch,0,net::ERR_ABORTED,expected_aborted_prefetch,PASS
/products/money-claim,tablet,https://landlordheaven.co.uk/help?_rsc=1dzy2,GET,fetch,0,net::ERR_ABORTED,expected_aborted_prefetch,PASS
/products/money-claim,tablet,https://landlordheaven.co.uk/about?_rsc=1dzy2,GET,fetch,0,net::ERR_ABORTED,expected_aborted_prefetch,PASS
/products/money-claim,tablet,https://landlordheaven.co.uk/section-8-notice?_rsc=1dzy2,GET,fetch,0,net::ERR_ABORTED,expected_aborted_prefetch,PASS
/products/money-claim,tablet,https://landlordheaven.co.uk/tools?_rsc=1dzy2,GET,fetch,0,net::ERR_ABORTED,expected_aborted_prefetch,PASS
/products/money-claim,tablet,https://landlordheaven.co.uk/samples?_rsc=1dzy2,GET,fetch,0,net::ERR_ABORTED,expected_aborted_prefetch,PASS
/products/money-claim,tablet,https://landlordheaven.co.uk/eviction-guides?_rsc=1dzy2,GET,fetch,0,net::ERR_ABORTED,expected_aborted_prefetch,PASS
/products/money-claim,tablet,https://landlordheaven.co.uk/lodger-agreement?_rsc=1dzy2,GET,fetch,0,net::ERR_ABORTED,expected_aborted_prefetch,PASS
/products/money-claim,tablet,https://landlordheaven.co.uk/blog?_rsc=1dzy2,GET,fetch,0,net::ERR_ABORTED,expected_aborted_prefetch,PASS
/products/money-claim,tablet,https://landlordheaven.co.uk/hmo-shared-house-tenancy-agreement?_rsc=1dzy2,GET,fetch,0,net::ERR_ABORTED,expected_aborted_prefetch,PASS
/products/money-claim,tablet,https://landlordheaven.co.uk/rent-increase?_rsc=1dzy2,GET,fetch,0,net::ERR_ABORTED,expected_aborted_prefetch,PASS
/products/money-claim,tablet,https://landlordheaven.co.uk/assisted-prep?_rsc=1dzy2,GET,fetch,0,net::ERR_ABORTED,expected_aborted_prefetch,PASS
/products/money-claim,tablet,https://landlordheaven.co.uk/products/notice-only?_rsc=1dzy2,GET,fetch,0,net::ERR_ABORTED,expected_aborted_prefetch,PASS
/products/money-claim,tablet,https://landlordheaven.co.uk/refunds?_rsc=9mt49,GET,fetch,0,net::ERR_ABORTED,expected_aborted_prefetch,PASS
/products/money-claim,tablet,https://landlordheaven.co.uk/cookies?_rsc=9mt49,GET,fetch,0,net::ERR_ABORTED,expected_aborted_prefetch,PASS
/products/money-claim,tablet,https://landlordheaven.co.uk/terms?_rsc=9mt49,GET,fetch,0,net::ERR_ABORTED,expected_aborted_prefetch,PASS
/products/money-claim,tablet,https://landlordheaven.co.uk/help?_rsc=9mt49,GET,fetch,0,net::ERR_ABORTED,expected_aborted_prefetch,PASS
/products/money-claim,tablet,https://landlordheaven.co.uk/privacy?_rsc=9mt49,GET,fetch,0,net::ERR_ABORTED,expected_aborted_prefetch,PASS
/products/money-claim,tablet,https://landlordheaven.co.uk/contact?_rsc=9mt49,GET,fetch,0,net::ERR_ABORTED,expected_aborted_prefetch,PASS
/products/money-claim,tablet,https://landlordheaven.co.uk/about?_rsc=9mt49,GET,fetch,0,net::ERR_ABORTED,expected_aborted_prefetch,PASS
/products/money-claim,tablet,https://landlordheaven.co.uk/section-8-notice?_rsc=9mt49,GET,fetch,0,net::ERR_ABORTED,expected_aborted_prefetch,PASS
/products/money-claim,tablet,https://landlordheaven.co.uk/ask-heaven?_rsc=9mt49,GET,fetch,0,net::ERR_ABORTED,expected_aborted_prefetch,PASS
/products/money-claim,tablet,https://landlordheaven.co.uk/blog?_rsc=9mt49,GET,fetch,0,net::ERR_ABORTED,expected_aborted_prefetch,PASS
/products/money-claim,tablet,https://landlordheaven.co.uk/tools?_rsc=9mt49,GET,fetch,0,net::ERR_ABORTED,expected_aborted_prefetch,PASS
/products/money-claim,tablet,https://landlordheaven.co.uk/samples?_rsc=9mt49,GET,fetch,0,net::ERR_ABORTED,expected_aborted_prefetch,PASS
/products/money-claim,tablet,https://landlordheaven.co.uk/eviction-guides?_rsc=9mt49,GET,fetch,0,net::ERR_ABORTED,expected_aborted_prefetch,PASS
/products/money-claim,tablet,https://landlordheaven.co.uk/images/money-claim-mobile.webp,GET,image,0,net::ERR_ABORTED,expected_responsive_media_candidate_abort,PASS
/products/money-claim,tablet,https://region1.analytics.google.com/g/collect?v=2&tid=G-TBR4PEGY1K&gtm=45je67m0v9239287483za200zd9239287483&_p=1784939631412&gcd=13l3l3l3l1l1&npa=0&dma=0&ecid=1975774967&_eu=AEAAACQC&ae=a&are=1&cid=1272200314.1784939632&frm=0&ibt=1&ngs=1&pscdl=&rcb=10&sr=800x600&uaa=x86&uab=64&uafvl=Chromium%3B143.0.7499.169%7CNot%2520A(Brand%3B24.0.0.0&uam=&uamb=0&uap=Windows&uapv=10.0.0&uaw=0&ul=en-us&_s=4&tag_exp=115938466~115938469~118012009~118897920~118897930~119527019~119724320~119896802&sid=1784939631&sct=1&seg=0&dl=https%3A%2F%2Flandlordheaven.co.uk%2Fproducts%2Fmoney-claim&dt=Recover%20Unpaid%20Rent%20Money%20Claim%20Pack%20%7C%20MCOL%20%26%20N1%20%7C%20%C2%A328.99&en=scroll&epn.percent_scrolled=90&_et=2&tfd=14034,POST,fetch,0,net::ERR_ABORTED,expected_aborted_prefetch,PASS
/products/money-claim,tablet,https://landlordheaven.co.uk/assisted-prep/start?service=section8&product=notice_only&src=product_money_claim&_rsc=9mt49,GET,fetch,0,net::ERR_ABORTED,expected_aborted_prefetch,PASS
/products/money-claim,desktop,https://landlordheaven.co.uk/rent-increase?_rsc=1dzy2,GET,fetch,0,net::ERR_ABORTED,expected_aborted_prefetch,PASS
/products/money-claim,desktop,https://landlordheaven.co.uk/products/complete-pack?_rsc=1dzy2,GET,fetch,0,net::ERR_ABORTED,expected_aborted_prefetch,PASS
/products/money-claim,desktop,https://landlordheaven.co.uk/auth/login?_rsc=1dzy2,GET,fetch,0,net::ERR_ABORTED,expected_aborted_prefetch,PASS
/products/money-claim,desktop,https://landlordheaven.co.uk/wizard/flow?type=money_claim&product=money_claim&src=product_page&topic=debt&_rsc=1dzy2,GET,fetch,0,net::ERR_ABORTED,expected_aborted_prefetch,PASS
/products/money-claim,desktop,https://landlordheaven.co.uk/products/money-claim?_rsc=1dzy2,GET,fetch,0,net::ERR_ABORTED,expected_aborted_prefetch,PASS
/products/money-claim,desktop,https://landlordheaven.co.uk/assisted-prep?_rsc=1dzy2,GET,fetch,0,net::ERR_ABORTED,expected_aborted_prefetch,PASS
/products/money-claim,desktop,https://landlordheaven.co.uk/tools?_rsc=1dzy2,GET,fetch,0,net::ERR_ABORTED,expected_aborted_prefetch,PASS
/products/money-claim,desktop,https://landlordheaven.co.uk/wizard/flow?type=money_claim&product=money_claim&src=product_page&topic=debt&_rsc=1mo0x,GET,fetch,0,net::ERR_ABORTED,expected_aborted_prefetch,PASS
/products/money-claim,desktop,https://landlordheaven.co.uk/?_rsc=1dzy2,GET,fetch,0,net::ERR_ABORTED,expected_aborted_prefetch,PASS
/products/money-claim,desktop,https://landlordheaven.co.uk/rent-increase?_rsc=9mt49,GET,fetch,0,net::ERR_ABORTED,expected_aborted_prefetch,PASS
/products/money-claim,desktop,https://landlordheaven.co.uk/products/money-claim?_rsc=9mt49,GET,fetch,0,net::ERR_ABORTED,expected_aborted_prefetch,PASS
/products/money-claim,desktop,https://landlordheaven.co.uk/auth/login?_rsc=9mt49,GET,fetch,0,net::ERR_ABORTED,expected_aborted_prefetch,PASS
/products/money-claim,desktop,https://landlordheaven.co.uk/assisted-prep?_rsc=9mt49,GET,fetch,0,net::ERR_ABORTED,expected_aborted_prefetch,PASS
/products/money-claim,desktop,https://landlordheaven.co.uk/wizard/flow?_rsc=1dzy2,GET,fetch,0,net::ERR_ABORTED,expected_aborted_prefetch,PASS
/products/money-claim,desktop,https://region1.analytics.google.com/g/collect?v=2&tid=G-TBR4PEGY1K&gtm=45je67m0v9239287483za200zd9239287483&_p=1784939651143&_gaz=1&gcd=13l3l3l3l1l1&npa=0&dma=0&ecid=1394217533&_eu=AAAAACAC&are=1&cid=2104229935.1784939652&ec_mode=a&frm=0&ibt=1&ngs=1&pscdl=&rcb=7&sr=800x600&uaa=x86&uab=64&uafvl=Chromium%3B143.0.7499.169%7CNot%2520A(Brand%3B24.0.0.0&uam=&uamb=0&uap=Windows&uapv=10.0.0&uaw=0&ul=en-us&_s=1&tag_exp=115938465~115938468~118395333~118897920~118897930~119896802&sid=1784939651&sct=1&seg=0&dl=https%3A%2F%2Flandlordheaven.co.uk%2Fproducts%2Fmoney-claim&dt=Recover%20Unpaid%20Rent%20Money%20Claim%20Pack%20%7C%20MCOL%20%26%20N1%20%7C%20%C2%A328.99&en=page_view&_fv=1&_nsi=1&_ss=1&_ee=1&tfd=1852,POST,fetch,0,net::ERR_ABORTED,expected_aborted_prefetch,PASS
/products/money-claim,desktop,https://landlordheaven.co.uk/assisted-prep/start?service=possession&product=complete_pack&src=product_money_claim&_rsc=1dzy2,GET,fetch,0,net::ERR_ABORTED,expected_aborted_prefetch,PASS
/products/money-claim,desktop,https://landlordheaven.co.uk/assisted-prep/start?service=money_claim&product=money_claim&src=product_money_claim&_rsc=1dzy2,GET,fetch,0,net::ERR_ABORTED,expected_aborted_prefetch,PASS
/products/money-claim,desktop,https://landlordheaven.co.uk/assisted-prep/start?service=section8&product=notice_only&src=product_money_claim&_rsc=1dzy2,GET,fetch,0,net::ERR_ABORTED,expected_aborted_prefetch,PASS
/products/money-claim,desktop,https://region1.analytics.google.com/g/collect?v=2&tid=G-TBR4PEGY1K&gtm=45je67m0v9239287483za200zd9239287483&_p=1784939651143&gcd=13l3l3l3l1l1&npa=0&dma=0&ecid=1394217533&_eu=AAAAACQC&are=1&cid=2104229935.1784939652&frm=0&ibt=1&ngs=1&pscdl=&rcb=7&sr=800x600&uaa=x86&uab=64&uafvl=Chromium%3B143.0.7499.169%7CNot%2520A(Brand%3B24.0.0.0&uam=&uamb=0&uap=Windows&uapv=10.0.0&uaw=0&ul=en-us&tag_exp=115938465~115938468~118395333~118897920~118897930~119896802&sid=1784939651&sct=1&seg=0&dl=https%3A%2F%2Flandlordheaven.co.uk%2Fproducts%2Fmoney-claim&dt=Recover%20Unpaid%20Rent%20Money%20Claim%20Pack%20%7C%20MCOL%20%26%20N1%20%7C%20%C2%A328.99&_s=2&tfd=4683,POST,fetch,0,net::ERR_ABORTED,expected_aborted_prefetch,PASS
/products/money-claim,desktop,https://landlordheaven.co.uk/money-claim-unpaid-rent?_rsc=1dzy2,GET,fetch,0,net::ERR_ABORTED,expected_aborted_prefetch,PASS
/products/money-claim,desktop,https://landlordheaven.co.uk/money-claim?_rsc=1dzy2,GET,fetch,0,net::ERR_ABORTED,expected_aborted_prefetch,PASS
/products/money-claim,desktop,https://landlordheaven.co.uk/money-claim-letter-before-action?_rsc=1dzy2,GET,fetch,0,net::ERR_ABORTED,expected_aborted_prefetch,PASS
/products/money-claim,desktop,https://landlordheaven.co.uk/refunds?_rsc=1dzy2,GET,fetch,0,net::ERR_ABORTED,expected_aborted_prefetch,PASS
/products/money-claim,desktop,https://landlordheaven.co.uk/privacy?_rsc=1dzy2,GET,fetch,0,net::ERR_ABORTED,expected_aborted_prefetch,PASS
/products/money-claim,desktop,https://landlordheaven.co.uk/cookies?_rsc=1dzy2,GET,fetch,0,net::ERR_ABORTED,expected_aborted_prefetch,PASS
/products/money-claim,desktop,https://landlordheaven.co.uk/terms?_rsc=1dzy2,GET,fetch,0,net::ERR_ABORTED,expected_aborted_prefetch,PASS
/products/money-claim,desktop,https://landlordheaven.co.uk/about?_rsc=1dzy2,GET,fetch,0,net::ERR_ABORTED,expected_aborted_prefetch,PASS
/products/money-claim,desktop,https://landlordheaven.co.uk/contact?_rsc=1dzy2,GET,fetch,0,net::ERR_ABORTED,expected_aborted_prefetch,PASS
/products/money-claim,desktop,https://landlordheaven.co.uk/ask-heaven?_rsc=1dzy2,GET,fetch,0,net::ERR_ABORTED,expected_aborted_prefetch,PASS
/products/money-claim,desktop,https://landlordheaven.co.uk/help?_rsc=1dzy2,GET,fetch,0,net::ERR_ABORTED,expected_aborted_prefetch,PASS
/products/money-claim,desktop,https://landlordheaven.co.uk/samples?_rsc=1dzy2,GET,fetch,0,net::ERR_ABORTED,expected_aborted_prefetch,PASS
/products/money-claim,desktop,https://landlordheaven.co.uk/section-8-notice?_rsc=1dzy2,GET,fetch,0,net::ERR_ABORTED,expected_aborted_prefetch,PASS
/products/money-claim,desktop,https://landlordheaven.co.uk/blog?_rsc=1dzy2,GET,fetch,0,net::ERR_ABORTED,expected_aborted_prefetch,PASS
/products/money-claim,desktop,https://landlordheaven.co.uk/eviction-guides?_rsc=1dzy2,GET,fetch,0,net::ERR_ABORTED,expected_aborted_prefetch,PASS
/products/money-claim,desktop,https://landlordheaven.co.uk/student-tenancy-agreement?_rsc=1dzy2,GET,fetch,0,net::ERR_ABORTED,expected_aborted_prefetch,PASS
/products/money-claim,desktop,https://landlordheaven.co.uk/lodger-agreement?_rsc=1dzy2,GET,fetch,0,net::ERR_ABORTED,expected_aborted_prefetch,PASS
/products/money-claim,desktop,https://landlordheaven.co.uk/hmo-shared-house-tenancy-agreement?_rsc=1dzy2,GET,fetch,0,net::ERR_ABORTED,expected_aborted_prefetch,PASS
/products/money-claim,desktop,https://landlordheaven.co.uk/premium-tenancy-agreement?_rsc=1dzy2,GET,fetch,0,net::ERR_ABORTED,expected_aborted_prefetch,PASS
/products/money-claim,desktop,https://landlordheaven.co.uk/refunds?_rsc=9mt49,GET,fetch,0,net::ERR_ABORTED,expected_aborted_prefetch,PASS
/products/money-claim,desktop,https://landlordheaven.co.uk/pricing?_rsc=1dzy2,GET,fetch,0,net::ERR_ABORTED,expected_aborted_prefetch,PASS
/products/money-claim,desktop,https://landlordheaven.co.uk/cookies?_rsc=9mt49,GET,fetch,0,net::ERR_ABORTED,expected_aborted_prefetch,PASS
/products/money-claim,desktop,https://landlordheaven.co.uk/standard-tenancy-agreement?_rsc=1dzy2,GET,fetch,0,net::ERR_ABORTED,expected_aborted_prefetch,PASS
/products/money-claim,desktop,https://landlordheaven.co.uk/privacy?_rsc=9mt49,GET,fetch,0,net::ERR_ABORTED,expected_aborted_prefetch,PASS
/products/money-claim,desktop,https://landlordheaven.co.uk/terms?_rsc=9mt49,GET,fetch,0,net::ERR_ABORTED,expected_aborted_prefetch,PASS
/products/money-claim,desktop,https://landlordheaven.co.uk/help?_rsc=9mt49,GET,fetch,0,net::ERR_ABORTED,expected_aborted_prefetch,PASS
/products/money-claim,desktop,https://landlordheaven.co.uk/ask-heaven?_rsc=9mt49,GET,fetch,0,net::ERR_ABORTED,expected_aborted_prefetch,PASS
/products/money-claim,desktop,https://landlordheaven.co.uk/about?_rsc=9mt49,GET,fetch,0,net::ERR_ABORTED,expected_aborted_prefetch,PASS
/products/money-claim,desktop,https://landlordheaven.co.uk/section-8-notice?_rsc=9mt49,GET,fetch,0,net::ERR_ABORTED,expected_aborted_prefetch,PASS
/products/money-claim,desktop,https://landlordheaven.co.uk/samples?_rsc=9mt49,GET,fetch,0,net::ERR_ABORTED,expected_aborted_prefetch,PASS
/products/money-claim,desktop,https://landlordheaven.co.uk/blog?_rsc=9mt49,GET,fetch,0,net::ERR_ABORTED,expected_aborted_prefetch,PASS
/products/money-claim,desktop,https://landlordheaven.co.uk/lodger-agreement?_rsc=9mt49,GET,fetch,0,net::ERR_ABORTED,expected_aborted_prefetch,PASS
/products/money-claim,desktop,https://landlordheaven.co.uk/eviction-guides?_rsc=9mt49,GET,fetch,0,net::ERR_ABORTED,expected_aborted_prefetch,PASS
/products/money-claim,desktop,https://landlordheaven.co.uk/hmo-shared-house-tenancy-agreement?_rsc=9mt49,GET,fetch,0,net::ERR_ABORTED,expected_aborted_prefetch,PASS
/products/money-claim,desktop,https://landlordheaven.co.uk/images/money-claim-mobile.webp,GET,image,0,net::ERR_ABORTED,expected_responsive_media_candidate_abort,PASS
/products/money-claim,desktop,https://region1.analytics.google.com/g/collect?v=2&tid=G-TBR4PEGY1K&gtm=45je67m0v9239287483za200zd9239287483&_p=1784939651143&gcd=13l3l3l3l1l1&npa=0&dma=0&ecid=1394217533&_eu=AEAAACQC&ae=a&are=1&cid=2104229935.1784939652&frm=0&ibt=1&ngs=1&pscdl=&rcb=7&sr=800x600&uaa=x86&uab=64&uafvl=Chromium%3B143.0.7499.169%7CNot%2520A(Brand%3B24.0.0.0&uam=&uamb=0&uap=Windows&uapv=10.0.0&uaw=0&ul=en-us&_s=3&tag_exp=115938465~115938468~118395333~118897920~118897930~119896802&sid=1784939651&sct=1&seg=0&dl=https%3A%2F%2Flandlordheaven.co.uk%2Fproducts%2Fmoney-claim&dt=Recover%20Unpaid%20Rent%20Money%20Claim%20Pack%20%7C%20MCOL%20%26%20N1%20%7C%20%C2%A328.99&en=scroll&epn.percent_scrolled=90&_et=2&tfd=9698,POST,fetch,0,net::ERR_ABORTED,expected_aborted_prefetch,PASS
/products/ast,mobile,https://landlordheaven.co.uk/premium-tenancy-agreement?_rsc=1yqya,GET,fetch,0,net::ERR_ABORTED,expected_aborted_prefetch,PASS
/products/ast,mobile,https://landlordheaven.co.uk/standard-tenancy-agreement?_rsc=1yqya,GET,fetch,0,net::ERR_ABORTED,expected_aborted_prefetch,PASS
/products/ast,mobile,https://landlordheaven.co.uk/premium-tenancy-agreement?_rsc=p0uw0,GET,fetch,0,net::ERR_ABORTED,expected_aborted_prefetch,PASS
/products/ast,mobile,https://landlordheaven.co.uk/?_rsc=p0uw0,GET,fetch,0,net::ERR_ABORTED,expected_aborted_prefetch,PASS
/products/ast,mobile,https://region1.analytics.google.com/g/collect?v=2&tid=G-TBR4PEGY1K&gtm=45je67m0v9239287483za200zd9239287483&_p=1784939674327&_gaz=1&gcd=13l3l3l3l1l1&npa=0&dma=0&ecid=1668143614&_eu=AAAAACAC&are=1&cid=153918531.1784939675&ec_mode=a&frm=0&ibt=1&ngs=1&pscdl=&rcb=3&sr=390x844&uaa=x86&uab=64&uafvl=Chromium%3B143.0.7499.169%7CNot%2520A(Brand%3B24.0.0.0&uam=&uamb=0&uap=Windows&uapv=10.0.0&uaw=0&ul=en-us&_s=1&tag_exp=115938466~115938469~118897920~118897930~119527020~119896803&sid=1784939674&sct=1&seg=0&dl=https%3A%2F%2Flandlordheaven.co.uk%2Fproducts%2Fast&dt=Tenancy%20Agreement%20England%20%7C%20Renters%27%20Rights%20Act%20Compliant&en=page_view&_fv=1&_nsi=1&_ss=1&_ee=1&tfd=1533,POST,fetch,0,net::ERR_ABORTED,expected_aborted_prefetch,PASS
/products/ast,mobile,https://landlordheaven.co.uk/hmo-shared-house-tenancy-agreement?_rsc=1yqya,GET,fetch,0,net::ERR_ABORTED,expected_aborted_prefetch,PASS
/products/ast,mobile,https://landlordheaven.co.uk/lodger-agreement?_rsc=1yqya,GET,fetch,0,net::ERR_ABORTED,expected_aborted_prefetch,PASS
/products/ast,mobile,https://landlordheaven.co.uk/student-tenancy-agreement?_rsc=p0uw0,GET,fetch,0,net::ERR_ABORTED,expected_aborted_prefetch,PASS
/products/ast,mobile,https://landlordheaven.co.uk/hmo-shared-house-tenancy-agreement?_rsc=p0uw0,GET,fetch,0,net::ERR_ABORTED,expected_aborted_prefetch,PASS
/products/ast,mobile,https://landlordheaven.co.uk/periodic-tenancy-agreement?_rsc=1yqya,GET,fetch,0,net::ERR_ABORTED,expected_aborted_prefetch,PASS
/products/ast,mobile,https://landlordheaven.co.uk/tenancy-agreement-england-2026?_rsc=1yqya,GET,fetch,0,net::ERR_ABORTED,expected_aborted_prefetch,PASS
/products/ast,mobile,https://landlordheaven.co.uk/assured-periodic-tenancy-agreement?_rsc=1yqya,GET,fetch,0,net::ERR_ABORTED,expected_aborted_prefetch,PASS
/products/ast,mobile,https://landlordheaven.co.uk/compare/tenancy-agreement-options-england?_rsc=1yqya,GET,fetch,0,net::ERR_ABORTED,expected_aborted_prefetch,PASS
/products/ast,mobile,https://region1.analytics.google.com/g/collect?v=2&tid=G-TBR4PEGY1K&gtm=45je67m0v9239287483za200zd9239287483&_p=1784939674327&gcd=13l3l3l3l1l1&npa=0&dma=0&ecid=1668143614&_eu=AAAAACQC&are=1&cid=153918531.1784939675&frm=0&ibt=1&ngs=1&pscdl=&rcb=3&sr=390x844&uaa=x86&uab=64&uafvl=Chromium%3B143.0.7499.169%7CNot%2520A(Brand%3B24.0.0.0&uam=&uamb=0&uap=Windows&uapv=10.0.0&uaw=0&ul=en-us&tag_exp=115938466~115938469~118897920~118897930~119527020~119896803&sid=1784939674&sct=1&seg=0&dl=https%3A%2F%2Flandlordheaven.co.uk%2Fproducts%2Fast&dt=Tenancy%20Agreement%20England%20%7C%20Renters%27%20Rights%20Act%20Compliant&_s=2&tfd=5658,POST,fetch,0,net::ERR_ABORTED,expected_aborted_prefetch,PASS
/products/ast,mobile,https://landlordheaven.co.uk/tenancy-agreement-england-2026?_rsc=p0uw0,GET,fetch,0,net::ERR_ABORTED,expected_aborted_prefetch,PASS
/products/ast,mobile,https://landlordheaven.co.uk/periodic-tenancy-agreement?_rsc=p0uw0,GET,fetch,0,net::ERR_ABORTED,expected_aborted_prefetch,PASS
/products/ast,mobile,https://landlordheaven.co.uk/assured-periodic-tenancy-agreement?_rsc=p0uw0,GET,fetch,0,net::ERR_ABORTED,expected_aborted_prefetch,PASS
/products/ast,mobile,https://landlordheaven.co.uk/compare/tenancy-agreement-options-england?_rsc=p0uw0,GET,fetch,0,net::ERR_ABORTED,expected_aborted_prefetch,PASS
/products/ast,mobile,https://landlordheaven.co.uk/products/complete-pack?_rsc=1yqya,GET,fetch,0,net::ERR_ABORTED,expected_aborted_prefetch,PASS
/products/ast,mobile,https://landlordheaven.co.uk/products/notice-only?_rsc=1yqya,GET,fetch,0,net::ERR_ABORTED,expected_aborted_prefetch,PASS
/products/ast,mobile,https://landlordheaven.co.uk/products/money-claim?_rsc=1yqya,GET,fetch,0,net::ERR_ABORTED,expected_aborted_prefetch,PASS
/products/ast,mobile,https://landlordheaven.co.uk/assisted-prep?_rsc=1yqya,GET,fetch,0,net::ERR_ABORTED,expected_aborted_prefetch,PASS
/products/ast,mobile,https://landlordheaven.co.uk/terms?_rsc=1yqya,GET,fetch,0,net::ERR_ABORTED,expected_aborted_prefetch,PASS
/products/ast,mobile,https://landlordheaven.co.uk/cookies?_rsc=1yqya,GET,fetch,0,net::ERR_ABORTED,expected_aborted_prefetch,PASS
/products/ast,mobile,https://landlordheaven.co.uk/refunds?_rsc=1yqya,GET,fetch,0,net::ERR_ABORTED,expected_aborted_prefetch,PASS
/products/ast,mobile,https://landlordheaven.co.uk/contact?_rsc=1yqya,GET,fetch,0,net::ERR_ABORTED,expected_aborted_prefetch,PASS
/products/ast,mobile,https://landlordheaven.co.uk/help?_rsc=1yqya,GET,fetch,0,net::ERR_ABORTED,expected_aborted_prefetch,PASS
/products/ast,mobile,https://landlordheaven.co.uk/about?_rsc=1yqya,GET,fetch,0,net::ERR_ABORTED,expected_aborted_prefetch,PASS
/products/ast,mobile,https://landlordheaven.co.uk/ask-heaven?_rsc=1yqya,GET,fetch,0,net::ERR_ABORTED,expected_aborted_prefetch,PASS
/products/ast,mobile,https://landlordheaven.co.uk/tools?_rsc=1yqya,GET,fetch,0,net::ERR_ABORTED,expected_aborted_prefetch,PASS
/products/ast,mobile,https://landlordheaven.co.uk/eviction-guides?_rsc=1yqya,GET,fetch,0,net::ERR_ABORTED,expected_aborted_prefetch,PASS
/products/ast,mobile,https://landlordheaven.co.uk/section-8-notice?_rsc=1yqya,GET,fetch,0,net::ERR_ABORTED,expected_aborted_prefetch,PASS
/products/ast,mobile,https://landlordheaven.co.uk/samples?_rsc=1yqya,GET,fetch,0,net::ERR_ABORTED,expected_aborted_prefetch,PASS
/products/ast,mobile,https://landlordheaven.co.uk/products/ast?_rsc=1yqya,GET,fetch,0,net::ERR_ABORTED,expected_aborted_prefetch,PASS
/products/ast,mobile,https://landlordheaven.co.uk/blog?_rsc=1yqya,GET,fetch,0,net::ERR_ABORTED,expected_aborted_prefetch,PASS
/products/ast,mobile,https://landlordheaven.co.uk/cookies?_rsc=p0uw0,GET,fetch,0,net::ERR_ABORTED,expected_aborted_prefetch,PASS
/products/ast,mobile,https://landlordheaven.co.uk/refunds?_rsc=p0uw0,GET,fetch,0,net::ERR_ABORTED,expected_aborted_prefetch,PASS
/products/ast,mobile,https://landlordheaven.co.uk/contact?_rsc=p0uw0,GET,fetch,0,net::ERR_ABORTED,expected_aborted_prefetch,PASS
/products/ast,mobile,https://landlordheaven.co.uk/terms?_rsc=p0uw0,GET,fetch,0,net::ERR_ABORTED,expected_aborted_prefetch,PASS
/products/ast,mobile,https://landlordheaven.co.uk/privacy?_rsc=p0uw0,GET,fetch,0,net::ERR_ABORTED,expected_aborted_prefetch,PASS
/products/ast,mobile,https://landlordheaven.co.uk/ask-heaven?_rsc=p0uw0,GET,fetch,0,net::ERR_ABORTED,expected_aborted_prefetch,PASS
/products/ast,mobile,https://landlordheaven.co.uk/about?_rsc=p0uw0,GET,fetch,0,net::ERR_ABORTED,expected_aborted_prefetch,PASS
/products/ast,mobile,https://landlordheaven.co.uk/samples?_rsc=p0uw0,GET,fetch,0,net::ERR_ABORTED,expected_aborted_prefetch,PASS
/products/ast,mobile,https://landlordheaven.co.uk/eviction-guides?_rsc=p0uw0,GET,fetch,0,net::ERR_ABORTED,expected_aborted_prefetch,PASS
/products/ast,mobile,https://landlordheaven.co.uk/tools?_rsc=p0uw0,GET,fetch,0,net::ERR_ABORTED,expected_aborted_prefetch,PASS
/products/ast,mobile,https://landlordheaven.co.uk/blog?_rsc=p0uw0,GET,fetch,0,net::ERR_ABORTED,expected_aborted_prefetch,PASS
/products/ast,mobile,https://landlordheaven.co.uk/products/ast?_rsc=p0uw0,GET,fetch,0,net::ERR_ABORTED,expected_aborted_prefetch,PASS
/products/ast,mobile,https://region1.analytics.google.com/g/collect?v=2&tid=G-TBR4PEGY1K&gtm=45je67m0v9239287483za200zd9239287483&_p=1784939674327&gcd=13l3l3l3l1l1&npa=0&dma=0&ecid=1668143614&_eu=AEAAACQC&ae=a&are=1&cid=153918531.1784939675&frm=0&ibt=1&ngs=1&pscdl=&rcb=3&sr=390x844&uaa=x86&uab=64&uafvl=Chromium%3B143.0.7499.169%7CNot%2520A(Brand%3B24.0.0.0&uam=&uamb=0&uap=Windows&uapv=10.0.0&uaw=0&ul=en-us&_s=3&tag_exp=115938466~115938469~118897920~118897930~119527020~119896803&sid=1784939674&sct=1&seg=0&dl=https%3A%2F%2Flandlordheaven.co.uk%2Fproducts%2Fast&dt=Tenancy%20Agreement%20England%20%7C%20Renters%27%20Rights%20Act%20Compliant&en=scroll&epn.percent_scrolled=90&_et=2&tfd=10682,POST,fetch,0,net::ERR_ABORTED,expected_aborted_prefetch,PASS
/products/ast,tablet,https://landlordheaven.co.uk/premium-tenancy-agreement?_rsc=1yqya,GET,fetch,0,net::ERR_ABORTED,expected_aborted_prefetch,PASS
/products/ast,tablet,https://landlordheaven.co.uk/standard-tenancy-agreement?_rsc=1yqya,GET,fetch,0,net::ERR_ABORTED,expected_aborted_prefetch,PASS
/products/ast,tablet,https://landlordheaven.co.uk/?_rsc=1yqya,GET,fetch,0,net::ERR_ABORTED,expected_aborted_prefetch,PASS
/products/ast,tablet,https://region1.analytics.google.com/g/collect?v=2&tid=G-TBR4PEGY1K&gtm=45je67m0v9239287483za200zd9239287483&_p=1784939690100&_gaz=1&gcd=13l3l3l3l1l1&npa=0&dma=0&ecid=138101114&_eu=AAAAACAC&are=1&cid=1740024253.1784939691&ec_mode=a&frm=0&ibt=1&ngs=1&pscdl=&rcb=13&sr=800x600&uaa=x86&uab=64&uafvl=Chromium%3B143.0.7499.169%7CNot%2520A(Brand%3B24.0.0.0&uam=&uamb=0&uap=Windows&uapv=10.0.0&uaw=0&ul=en-us&_s=1&tag_exp=115616986~115938465~115938468~118897920~118897930~119896802&sid=1784939690&sct=1&seg=0&dl=https%3A%2F%2Flandlordheaven.co.uk%2Fproducts%2Fast&dt=Tenancy%20Agreement%20England%20%7C%20Renters%27%20Rights%20Act%20Compliant&en=page_view&_fv=1&_nsi=1&_ss=1&_ee=1&tfd=1329,POST,fetch,0,net::ERR_ABORTED,expected_aborted_prefetch,PASS
/products/ast,tablet,https://landlordheaven.co.uk/hmo-shared-house-tenancy-agreement?_rsc=1yqya,GET,fetch,0,net::ERR_ABORTED,expected_aborted_prefetch,PASS
/products/ast,tablet,https://landlordheaven.co.uk/student-tenancy-agreement?_rsc=1yqya,GET,fetch,0,net::ERR_ABORTED,expected_aborted_prefetch,PASS
/products/ast,tablet,https://landlordheaven.co.uk/hmo-shared-house-tenancy-agreement?_rsc=p0uw0,GET,fetch,0,net::ERR_ABORTED,expected_aborted_prefetch,PASS
/products/ast,tablet,https://landlordheaven.co.uk/lodger-agreement?_rsc=p0uw0,GET,fetch,0,net::ERR_ABORTED,expected_aborted_prefetch,PASS
/products/ast,tablet,https://region1.analytics.google.com/g/collect?v=2&tid=G-TBR4PEGY1K&gtm=45je67m0v9239287483za200zd9239287483&_p=1784939690100&gcd=13l3l3l3l1l1&npa=0&dma=0&ecid=138101114&_eu=AAAAACQC&are=1&cid=1740024253.1784939691&frm=0&ibt=1&ngs=1&pscdl=&rcb=13&sr=800x600&uaa=x86&uab=64&uafvl=Chromium%3B143.0.7499.169%7CNot%2520A(Brand%3B24.0.0.0&uam=&uamb=0&uap=Windows&uapv=10.0.0&uaw=0&ul=en-us&tag_exp=115616986~115938465~115938468~118897920~118897930~119896802&sid=1784939690&sct=1&seg=0&dl=https%3A%2F%2Flandlordheaven.co.uk%2Fproducts%2Fast&dt=Tenancy%20Agreement%20England%20%7C%20Renters%27%20Rights%20Act%20Compliant&_s=2&tfd=3886,POST,fetch,0,net::ERR_ABORTED,expected_aborted_prefetch,PASS
/products/ast,tablet,https://landlordheaven.co.uk/periodic-tenancy-agreement?_rsc=1yqya,GET,fetch,0,net::ERR_ABORTED,expected_aborted_prefetch,PASS
/products/ast,tablet,https://landlordheaven.co.uk/tenancy-agreement-england-2026?_rsc=1yqya,GET,fetch,0,net::ERR_ABORTED,expected_aborted_prefetch,PASS
/products/ast,tablet,https://landlordheaven.co.uk/assured-periodic-tenancy-agreement?_rsc=1yqya,GET,fetch,0,net::ERR_ABORTED,expected_aborted_prefetch,PASS
/products/ast,tablet,https://landlordheaven.co.uk/compare/tenancy-agreement-options-england?_rsc=1yqya,GET,fetch,0,net::ERR_ABORTED,expected_aborted_prefetch,PASS
/products/ast,tablet,https://landlordheaven.co.uk/help?_rsc=1yqya,GET,fetch,0,net::ERR_ABORTED,expected_aborted_prefetch,PASS
/products/ast,tablet,https://landlordheaven.co.uk/contact?_rsc=1yqya,GET,fetch,0,net::ERR_ABORTED,expected_aborted_prefetch,PASS
/products/ast,tablet,https://landlordheaven.co.uk/cookies?_rsc=1yqya,GET,fetch,0,net::ERR_ABORTED,expected_aborted_prefetch,PASS
/products/ast,tablet,https://landlordheaven.co.uk/refunds?_rsc=1yqya,GET,fetch,0,net::ERR_ABORTED,expected_aborted_prefetch,PASS
/products/ast,tablet,https://landlordheaven.co.uk/ask-heaven?_rsc=1yqya,GET,fetch,0,net::ERR_ABORTED,expected_aborted_prefetch,PASS
/products/ast,tablet,https://landlordheaven.co.uk/privacy?_rsc=1yqya,GET,fetch,0,net::ERR_ABORTED,expected_aborted_prefetch,PASS
/products/ast,tablet,https://landlordheaven.co.uk/section-8-notice?_rsc=1yqya,GET,fetch,0,net::ERR_ABORTED,expected_aborted_prefetch,PASS
/products/ast,tablet,https://landlordheaven.co.uk/terms?_rsc=1yqya,GET,fetch,0,net::ERR_ABORTED,expected_aborted_prefetch,PASS
/products/ast,tablet,https://landlordheaven.co.uk/samples?_rsc=1yqya,GET,fetch,0,net::ERR_ABORTED,expected_aborted_prefetch,PASS
/products/ast,tablet,https://landlordheaven.co.uk/about?_rsc=1yqya,GET,fetch,0,net::ERR_ABORTED,expected_aborted_prefetch,PASS
/products/ast,tablet,https://landlordheaven.co.uk/eviction-guides?_rsc=1yqya,GET,fetch,0,net::ERR_ABORTED,expected_aborted_prefetch,PASS
/products/ast,tablet,https://landlordheaven.co.uk/blog?_rsc=1yqya,GET,fetch,0,net::ERR_ABORTED,expected_aborted_prefetch,PASS
/products/ast,tablet,https://landlordheaven.co.uk/pricing?_rsc=1yqya,GET,fetch,0,net::ERR_ABORTED,expected_aborted_prefetch,PASS
/products/ast,tablet,https://landlordheaven.co.uk/rent-increase?_rsc=1yqya,GET,fetch,0,net::ERR_ABORTED,expected_aborted_prefetch,PASS
/products/ast,tablet,https://landlordheaven.co.uk/products/ast?_rsc=1yqya,GET,fetch,0,net::ERR_ABORTED,expected_aborted_prefetch,PASS
/products/ast,tablet,https://landlordheaven.co.uk/products/money-claim?_rsc=1yqya,GET,fetch,0,net::ERR_ABORTED,expected_aborted_prefetch,PASS
/products/ast,tablet,https://landlordheaven.co.uk/assisted-prep?_rsc=1yqya,GET,fetch,0,net::ERR_ABORTED,expected_aborted_prefetch,PASS
/products/ast,tablet,https://landlordheaven.co.uk/products/complete-pack?_rsc=1yqya,GET,fetch,0,net::ERR_ABORTED,expected_aborted_prefetch,PASS
/products/ast,tablet,https://landlordheaven.co.uk/products/notice-only?_rsc=1yqya,GET,fetch,0,net::ERR_ABORTED,expected_aborted_prefetch,PASS
/products/ast,tablet,https://landlordheaven.co.uk/refunds?_rsc=p0uw0,GET,fetch,0,net::ERR_ABORTED,expected_aborted_prefetch,PASS
/products/ast,tablet,https://landlordheaven.co.uk/terms?_rsc=p0uw0,GET,fetch,0,net::ERR_ABORTED,expected_aborted_prefetch,PASS
/products/ast,tablet,https://landlordheaven.co.uk/privacy?_rsc=p0uw0,GET,fetch,0,net::ERR_ABORTED,expected_aborted_prefetch,PASS
/products/ast,tablet,https://landlordheaven.co.uk/cookies?_rsc=p0uw0,GET,fetch,0,net::ERR_ABORTED,expected_aborted_prefetch,PASS
/products/ast,tablet,https://landlordheaven.co.uk/ask-heaven?_rsc=p0uw0,GET,fetch,0,net::ERR_ABORTED,expected_aborted_prefetch,PASS
/products/ast,tablet,https://landlordheaven.co.uk/section-8-notice?_rsc=p0uw0,GET,fetch,0,net::ERR_ABORTED,expected_aborted_prefetch,PASS
/products/ast,tablet,https://landlordheaven.co.uk/samples?_rsc=p0uw0,GET,fetch,0,net::ERR_ABORTED,expected_aborted_prefetch,PASS
/products/ast,tablet,https://landlordheaven.co.uk/help?_rsc=p0uw0,GET,fetch,0,net::ERR_ABORTED,expected_aborted_prefetch,PASS
/products/ast,tablet,https://landlordheaven.co.uk/about?_rsc=p0uw0,GET,fetch,0,net::ERR_ABORTED,expected_aborted_prefetch,PASS
/products/ast,tablet,https://landlordheaven.co.uk/tools?_rsc=p0uw0,GET,fetch,0,net::ERR_ABORTED,expected_aborted_prefetch,PASS
/products/ast,tablet,https://landlordheaven.co.uk/contact?_rsc=p0uw0,GET,fetch,0,net::ERR_ABORTED,expected_aborted_prefetch,PASS
/products/ast,tablet,https://landlordheaven.co.uk/eviction-guides?_rsc=p0uw0,GET,fetch,0,net::ERR_ABORTED,expected_aborted_prefetch,PASS
/products/ast,tablet,https://landlordheaven.co.uk/assured-periodic-tenancy-agreement?_rsc=p0uw0,GET,fetch,0,net::ERR_ABORTED,expected_aborted_prefetch,PASS
/products/ast,tablet,https://landlordheaven.co.uk/periodic-tenancy-agreement?_rsc=p0uw0,GET,fetch,0,net::ERR_ABORTED,expected_aborted_prefetch,PASS
/products/ast,tablet,https://landlordheaven.co.uk/tenancy-agreement-england-2026?_rsc=p0uw0,GET,fetch,0,net::ERR_ABORTED,expected_aborted_prefetch,PASS
/products/ast,tablet,https://landlordheaven.co.uk/compare/tenancy-agreement-options-england?_rsc=p0uw0,GET,fetch,0,net::ERR_ABORTED,expected_aborted_prefetch,PASS
/products/ast,tablet,https://region1.analytics.google.com/g/collect?v=2&tid=G-TBR4PEGY1K&gtm=45je67m0v9239287483za200zd9239287483&_p=1784939690100&gcd=13l3l3l3l1l1&npa=0&dma=0&ecid=138101114&_eu=AEAAACQC&ae=a&are=1&cid=1740024253.1784939691&frm=0&ibt=1&ngs=1&pscdl=&rcb=13&sr=800x600&uaa=x86&uab=64&uafvl=Chromium%3B143.0.7499.169%7CNot%2520A(Brand%3B24.0.0.0&uam=&uamb=0&uap=Windows&uapv=10.0.0&uaw=0&ul=en-us&_s=3&tag_exp=115616986~115938465~115938468~118897920~118897930~119896802&sid=1784939690&sct=1&seg=0&dl=https%3A%2F%2Flandlordheaven.co.uk%2Fproducts%2Fast&dt=Tenancy%20Agreement%20England%20%7C%20Renters%27%20Rights%20Act%20Compliant&en=scroll&epn.percent_scrolled=90&_et=2&tfd=8893,POST,fetch,0,net::ERR_ABORTED,expected_aborted_prefetch,PASS
/products/ast,desktop,https://landlordheaven.co.uk/rent-increase?_rsc=1yqya,GET,fetch,0,net::ERR_ABORTED,expected_aborted_prefetch,PASS
/products/ast,desktop,https://landlordheaven.co.uk/auth/login?_rsc=1yqya,GET,fetch,0,net::ERR_ABORTED,expected_aborted_prefetch,PASS
/products/ast,desktop,https://landlordheaven.co.uk/standard-tenancy-agreement?_rsc=1yqya,GET,fetch,0,net::ERR_ABORTED,expected_aborted_prefetch,PASS
/products/ast,desktop,https://landlordheaven.co.uk/premium-tenancy-agreement?_rsc=1yqya,GET,fetch,0,net::ERR_ABORTED,expected_aborted_prefetch,PASS
/products/ast,desktop,https://landlordheaven.co.uk/assisted-prep?_rsc=1yqya,GET,fetch,0,net::ERR_ABORTED,expected_aborted_prefetch,PASS
/products/ast,desktop,https://landlordheaven.co.uk/products/money-claim?_rsc=1yqya,GET,fetch,0,net::ERR_ABORTED,expected_aborted_prefetch,PASS
/products/ast,desktop,https://landlordheaven.co.uk/products/notice-only?_rsc=1yqya,GET,fetch,0,net::ERR_ABORTED,expected_aborted_prefetch,PASS
/products/ast,desktop,https://landlordheaven.co.uk/products/ast?_rsc=1yqya,GET,fetch,0,net::ERR_ABORTED,expected_aborted_prefetch,PASS
/products/ast,desktop,https://landlordheaven.co.uk/standard-tenancy-agreement?_rsc=p0uw0,GET,fetch,0,net::ERR_ABORTED,expected_aborted_prefetch,PASS
/products/ast,desktop,https://landlordheaven.co.uk/?_rsc=1yqya,GET,fetch,0,net::ERR_ABORTED,expected_aborted_prefetch,PASS
/products/ast,desktop,https://region1.analytics.google.com/g/collect?v=2&tid=G-TBR4PEGY1K&gtm=45je67m0v9239287483za200zd9239287483&_p=1784939704282&_gaz=1&gcd=13l3l3l3l1l1&npa=0&dma=0&ecid=1730612695&_eu=AAAAACAC&are=1&cid=1808701092.1784939705&ec_mode=a&frm=0&ibt=1&ngs=1&pscdl=&rcb=16&sr=800x600&uaa=x86&uab=64&uafvl=Chromium%3B143.0.7499.169%7CNot%2520A(Brand%3B24.0.0.0&uam=&uamb=0&uap=Windows&uapv=10.0.0&uaw=0&ul=en-us&_s=1&tag_exp=115938465~115938469~118897920~118897930~119527020~119896802&sid=1784939704&sct=1&seg=0&dl=https%3A%2F%2Flandlordheaven.co.uk%2Fproducts%2Fast&dt=Tenancy%20Agreement%20England%20%7C%20Renters%27%20Rights%20Act%20Compliant&en=page_view&_fv=1&_nsi=1&_ss=1&_ee=1&tfd=1629,POST,fetch,0,net::ERR_ABORTED,expected_aborted_prefetch,PASS
/products/ast,desktop,https://landlordheaven.co.uk/auth/login?_rsc=8sii3,GET,fetch,0,net::ERR_ABORTED,expected_aborted_prefetch,PASS
/products/ast,desktop,https://landlordheaven.co.uk/products/money-claim?_rsc=p0uw0,GET,fetch,0,net::ERR_ABORTED,expected_aborted_prefetch,PASS
/products/ast,desktop,https://landlordheaven.co.uk/assisted-prep?_rsc=p0uw0,GET,fetch,0,net::ERR_ABORTED,expected_aborted_prefetch,PASS
/products/ast,desktop,https://landlordheaven.co.uk/rent-increase?_rsc=p0uw0,GET,fetch,0,net::ERR_ABORTED,expected_aborted_prefetch,PASS
/products/ast,desktop,https://landlordheaven.co.uk/?_rsc=p0uw0,GET,fetch,0,net::ERR_ABORTED,expected_aborted_prefetch,PASS
/products/ast,desktop,https://landlordheaven.co.uk/products/ast?_rsc=p0uw0,GET,fetch,0,net::ERR_ABORTED,expected_aborted_prefetch,PASS
/products/ast,desktop,https://landlordheaven.co.uk/tools?_rsc=p0uw0,GET,fetch,0,net::ERR_ABORTED,expected_aborted_prefetch,PASS
/products/ast,desktop,https://landlordheaven.co.uk/student-tenancy-agreement?_rsc=1yqya,GET,fetch,0,net::ERR_ABORTED,expected_aborted_prefetch,PASS
/products/ast,desktop,https://landlordheaven.co.uk/hmo-shared-house-tenancy-agreement?_rsc=1yqya,GET,fetch,0,net::ERR_ABORTED,expected_aborted_prefetch,PASS
/products/ast,desktop,https://landlordheaven.co.uk/lodger-agreement?_rsc=1yqya,GET,fetch,0,net::ERR_ABORTED,expected_aborted_prefetch,PASS
/products/ast,desktop,https://landlordheaven.co.uk/student-tenancy-agreement?_rsc=p0uw0,GET,fetch,0,net::ERR_ABORTED,expected_aborted_prefetch,PASS
/products/ast,desktop,https://landlordheaven.co.uk/hmo-shared-house-tenancy-agreement?_rsc=p0uw0,GET,fetch,0,net::ERR_ABORTED,expected_aborted_prefetch,PASS
/products/ast,desktop,https://region1.analytics.google.com/g/collect?v=2&tid=G-TBR4PEGY1K&gtm=45je67m0v9239287483za200zd9239287483&_p=1784939704282&gcd=13l3l3l3l1l1&npa=0&dma=0&ecid=1730612695&_eu=AAAAACQC&are=1&cid=1808701092.1784939705&frm=0&ibt=1&ngs=1&pscdl=&rcb=16&sr=800x600&uaa=x86&uab=64&uafvl=Chromium%3B143.0.7499.169%7CNot%2520A(Brand%3B24.0.0.0&uam=&uamb=0&uap=Windows&uapv=10.0.0&uaw=0&ul=en-us&tag_exp=115938465~115938469~118897920~118897930~119527020~119896802&sid=1784939704&sct=1&seg=0&dl=https%3A%2F%2Flandlordheaven.co.uk%2Fproducts%2Fast&dt=Tenancy%20Agreement%20England%20%7C%20Renters%27%20Rights%20Act%20Compliant&_s=2&tfd=4411,POST,fetch,0,net::ERR_ABORTED,expected_aborted_prefetch,PASS
/products/ast,desktop,https://landlordheaven.co.uk/assured-periodic-tenancy-agreement?_rsc=1yqya,GET,fetch,0,net::ERR_ABORTED,expected_aborted_prefetch,PASS
/products/ast,desktop,https://landlordheaven.co.uk/periodic-tenancy-agreement?_rsc=1yqya,GET,fetch,0,net::ERR_ABORTED,expected_aborted_prefetch,PASS
/products/ast,desktop,https://landlordheaven.co.uk/compare/tenancy-agreement-options-england?_rsc=1yqya,GET,fetch,0,net::ERR_ABORTED,expected_aborted_prefetch,PASS
/products/ast,desktop,https://landlordheaven.co.uk/tenancy-agreement-england-2026?_rsc=1yqya,GET,fetch,0,net::ERR_ABORTED,expected_aborted_prefetch,PASS
/products/ast,desktop,https://landlordheaven.co.uk/refunds?_rsc=1yqya,GET,fetch,0,net::ERR_ABORTED,expected_aborted_prefetch,PASS
/products/ast,desktop,https://landlordheaven.co.uk/cookies?_rsc=1yqya,GET,fetch,0,net::ERR_ABORTED,expected_aborted_prefetch,PASS
/products/ast,desktop,https://landlordheaven.co.uk/terms?_rsc=1yqya,GET,fetch,0,net::ERR_ABORTED,expected_aborted_prefetch,PASS
/products/ast,desktop,https://landlordheaven.co.uk/privacy?_rsc=1yqya,GET,fetch,0,net::ERR_ABORTED,expected_aborted_prefetch,PASS
/products/ast,desktop,https://landlordheaven.co.uk/help?_rsc=1yqya,GET,fetch,0,net::ERR_ABORTED,expected_aborted_prefetch,PASS
/products/ast,desktop,https://landlordheaven.co.uk/contact?_rsc=1yqya,GET,fetch,0,net::ERR_ABORTED,expected_aborted_prefetch,PASS
/products/ast,desktop,https://landlordheaven.co.uk/about?_rsc=1yqya,GET,fetch,0,net::ERR_ABORTED,expected_aborted_prefetch,PASS
/products/ast,desktop,https://landlordheaven.co.uk/ask-heaven?_rsc=1yqya,GET,fetch,0,net::ERR_ABORTED,expected_aborted_prefetch,PASS
/products/ast,desktop,https://landlordheaven.co.uk/samples?_rsc=1yqya,GET,fetch,0,net::ERR_ABORTED,expected_aborted_prefetch,PASS
/products/ast,desktop,https://landlordheaven.co.uk/eviction-guides?_rsc=1yqya,GET,fetch,0,net::ERR_ABORTED,expected_aborted_prefetch,PASS
/products/ast,desktop,https://landlordheaven.co.uk/section-8-notice?_rsc=1yqya,GET,fetch,0,net::ERR_ABORTED,expected_aborted_prefetch,PASS
/products/ast,desktop,https://landlordheaven.co.uk/blog?_rsc=1yqya,GET,fetch,0,net::ERR_ABORTED,expected_aborted_prefetch,PASS
/products/ast,desktop,https://landlordheaven.co.uk/refunds?_rsc=p0uw0,GET,fetch,0,net::ERR_ABORTED,expected_aborted_prefetch,PASS
/products/ast,desktop,https://landlordheaven.co.uk/products/complete-pack?_rsc=1yqya,GET,fetch,0,net::ERR_ABORTED,expected_aborted_prefetch,PASS
/products/ast,desktop,https://landlordheaven.co.uk/pricing?_rsc=1yqya,GET,fetch,0,net::ERR_ABORTED,expected_aborted_prefetch,PASS
/products/ast,desktop,https://landlordheaven.co.uk/cookies?_rsc=p0uw0,GET,fetch,0,net::ERR_ABORTED,expected_aborted_prefetch,PASS
/products/ast,desktop,https://landlordheaven.co.uk/contact?_rsc=p0uw0,GET,fetch,0,net::ERR_ABORTED,expected_aborted_prefetch,PASS
/products/ast,desktop,https://landlordheaven.co.uk/help?_rsc=p0uw0,GET,fetch,0,net::ERR_ABORTED,expected_aborted_prefetch,PASS
/products/ast,desktop,https://landlordheaven.co.uk/privacy?_rsc=p0uw0,GET,fetch,0,net::ERR_ABORTED,expected_aborted_prefetch,PASS
/products/ast,desktop,https://landlordheaven.co.uk/terms?_rsc=p0uw0,GET,fetch,0,net::ERR_ABORTED,expected_aborted_prefetch,PASS
/products/ast,desktop,https://landlordheaven.co.uk/about?_rsc=p0uw0,GET,fetch,0,net::ERR_ABORTED,expected_aborted_prefetch,PASS
/products/ast,desktop,https://landlordheaven.co.uk/ask-heaven?_rsc=p0uw0,GET,fetch,0,net::ERR_ABORTED,expected_aborted_prefetch,PASS
/products/ast,desktop,https://landlordheaven.co.uk/section-8-notice?_rsc=p0uw0,GET,fetch,0,net::ERR_ABORTED,expected_aborted_prefetch,PASS
/products/ast,desktop,https://landlordheaven.co.uk/samples?_rsc=p0uw0,GET,fetch,0,net::ERR_ABORTED,expected_aborted_prefetch,PASS
/products/ast,desktop,https://landlordheaven.co.uk/eviction-guides?_rsc=p0uw0,GET,fetch,0,net::ERR_ABORTED,expected_aborted_prefetch,PASS
/products/ast,desktop,https://landlordheaven.co.uk/blog?_rsc=p0uw0,GET,fetch,0,net::ERR_ABORTED,expected_aborted_prefetch,PASS
/products/ast,desktop,https://landlordheaven.co.uk/products/complete-pack?_rsc=p0uw0,GET,fetch,0,net::ERR_ABORTED,expected_aborted_prefetch,PASS
/products/ast,desktop,https://landlordheaven.co.uk/pricing?_rsc=p0uw0,GET,fetch,0,net::ERR_ABORTED,expected_aborted_prefetch,PASS
/products/ast,desktop,https://region1.analytics.google.com/g/collect?v=2&tid=G-TBR4PEGY1K&gtm=45je67m0v9239287483za200zd9239287483&_p=1784939704282&gcd=13l3l3l3l1l1&npa=0&dma=0&ecid=1730612695&_eu=AEAAACQC&ae=a&are=1&cid=1808701092.1784939705&frm=0&ibt=1&ngs=1&pscdl=&rcb=16&sr=800x600&uaa=x86&uab=64&uafvl=Chromium%3B143.0.7499.169%7CNot%2520A(Brand%3B24.0.0.0&uam=&uamb=0&uap=Windows&uapv=10.0.0&uaw=0&ul=en-us&_s=3&tag_exp=115938465~115938469~118897920~118897930~119527020~119896802&sid=1784939704&sct=1&seg=0&dl=https%3A%2F%2Flandlordheaven.co.uk%2Fproducts%2Fast&dt=Tenancy%20Agreement%20England%20%7C%20Renters%27%20Rights%20Act%20Compliant&en=scroll&epn.percent_scrolled=90&_et=3&tfd=9427,POST,fetch,0,net::ERR_ABORTED,expected_aborted_prefetch,PASS
/products/section-13-standard,mobile,https://landlordheaven.co.uk/wizard/flow?type=rent_increase&product=section13_standard&src=product_page&topic=general&_rsc=1pr9z,GET,fetch,0,net::ERR_ABORTED,expected_aborted_prefetch,PASS
/products/section-13-standard,mobile,https://landlordheaven.co.uk/products/section-13-defence?_rsc=1pr9z,GET,fetch,0,net::ERR_ABORTED,expected_aborted_prefetch,PASS
/products/section-13-standard,mobile,https://region1.analytics.google.com/g/collect?v=2&tid=G-TBR4PEGY1K&gtm=45je67m0v9239287483za200zd9239287483&_p=1784939726030&_gaz=1&gcd=13l3l3l3l1l1&npa=0&dma=0&ecid=1804115714&_eu=AAAAACAC&are=1&cid=2031575400.1784939726&ec_mode=a&frm=0&ibt=1&ngs=1&pscdl=&rcb=2&sr=390x844&uaa=x86&uab=64&uafvl=Chromium%3B143.0.7499.169%7CNot%2520A(Brand%3B24.0.0.0&uam=&uamb=0&uap=Windows&uapv=10.0.0&uaw=0&ul=en-us&_s=1&tag_exp=115616985~115938465~115938468~118897920~118897930~119259606~119527019~119896802&sid=1784939726&sct=1&seg=0&dl=https%3A%2F%2Flandlordheaven.co.uk%2Fproducts%2Fsection-13-standard&dt=Form%204A%20Rent%20Increase%20Pack%20%7C%20Market%20Evidence%20%7C%20%C2%A324.99&en=page_view&_fv=1&_nsi=1&_ss=1&_ee=1&tfd=1840,POST,fetch,0,net::ERR_ABORTED,expected_aborted_prefetch,PASS
/products/section-13-standard,mobile,https://landlordheaven.co.uk/wizard/flow?type=rent_increase&product=section13_defensive&src=product_page&topic=general&_rsc=1pr9z,GET,fetch,0,net::ERR_ABORTED,expected_aborted_prefetch,PASS
/products/section-13-standard,mobile,https://landlordheaven.co.uk/products/rent-increase?_rsc=1pr9z,GET,fetch,0,net::ERR_ABORTED,expected_aborted_prefetch,PASS
/products/section-13-standard,mobile,https://landlordheaven.co.uk/compare/section-13-standard-vs-defence?_rsc=1pr9z,GET,fetch,0,net::ERR_ABORTED,expected_aborted_prefetch,PASS
/products/section-13-standard,mobile,https://landlordheaven.co.uk/rent-increase/form-4a-guide?_rsc=1pr9z,GET,fetch,0,net::ERR_ABORTED,expected_aborted_prefetch,PASS
/products/section-13-standard,mobile,https://landlordheaven.co.uk/products/rent-increase?_rsc=19pq2,GET,fetch,0,net::ERR_ABORTED,expected_aborted_prefetch,PASS
/products/section-13-standard,mobile,https://landlordheaven.co.uk/rent-increase/section-13-notice?_rsc=19pq2,GET,fetch,0,net::ERR_ABORTED,expected_aborted_prefetch,PASS
/products/section-13-standard,mobile,https://landlordheaven.co.uk/rent-increase/form-4a-guide?_rsc=19pq2,GET,fetch,0,net::ERR_ABORTED,expected_aborted_prefetch,PASS
/products/section-13-standard,mobile,https://landlordheaven.co.uk/compare/section-13-standard-vs-defence?_rsc=19pq2,GET,fetch,0,net::ERR_ABORTED,expected_aborted_prefetch,PASS
/products/section-13-standard,mobile,https://region1.analytics.google.com/g/collect?v=2&tid=G-TBR4PEGY1K&gtm=45je67m0v9239287483za200zd9239287483&_p=1784939726030&gcd=13l3l3l3l1l1&npa=0&dma=0&ecid=1804115714&_eu=AAAAACQC&are=1&cid=2031575400.1784939726&frm=0&ibt=1&ngs=1&pscdl=&rcb=2&sr=390x844&uaa=x86&uab=64&uafvl=Chromium%3B143.0.7499.169%7CNot%2520A(Brand%3B24.0.0.0&uam=&uamb=0&uap=Windows&uapv=10.0.0&uaw=0&ul=en-us&tag_exp=115616985~115938465~115938468~118897920~118897930~119259606~119527019~119896802&sid=1784939726&sct=1&seg=0&dl=https%3A%2F%2Flandlordheaven.co.uk%2Fproducts%2Fsection-13-standard&dt=Form%204A%20Rent%20Increase%20Pack%20%7C%20Market%20Evidence%20%7C%20%C2%A324.99&_s=2&tfd=5083,POST,fetch,0,net::ERR_ABORTED,expected_aborted_prefetch,PASS
/products/section-13-standard,mobile,https://landlordheaven.co.uk/eviction-guides?_rsc=1pr9z,GET,fetch,0,net::ERR_ABORTED,expected_aborted_prefetch,PASS
/products/section-13-standard,mobile,https://landlordheaven.co.uk/tools?_rsc=1pr9z,GET,fetch,0,net::ERR_ABORTED,expected_aborted_prefetch,PASS
/products/section-13-standard,mobile,https://landlordheaven.co.uk/section-8-notice?_rsc=1pr9z,GET,fetch,0,net::ERR_ABORTED,expected_aborted_prefetch,PASS
/products/section-13-standard,mobile,https://landlordheaven.co.uk/samples?_rsc=1pr9z,GET,fetch,0,net::ERR_ABORTED,expected_aborted_prefetch,PASS
/products/section-13-standard,mobile,https://landlordheaven.co.uk/refunds?_rsc=1pr9z,GET,fetch,0,net::ERR_ABORTED,expected_aborted_prefetch,PASS
/products/section-13-standard,mobile,https://landlordheaven.co.uk/cookies?_rsc=1pr9z,GET,fetch,0,net::ERR_ABORTED,expected_aborted_prefetch,PASS
/products/section-13-standard,mobile,https://landlordheaven.co.uk/terms?_rsc=1pr9z,GET,fetch,0,net::ERR_ABORTED,expected_aborted_prefetch,PASS
/products/section-13-standard,mobile,https://landlordheaven.co.uk/privacy?_rsc=1pr9z,GET,fetch,0,net::ERR_ABORTED,expected_aborted_prefetch,PASS
/products/section-13-standard,mobile,https://landlordheaven.co.uk/about?_rsc=1pr9z,GET,fetch,0,net::ERR_ABORTED,expected_aborted_prefetch,PASS
/products/section-13-standard,mobile,https://landlordheaven.co.uk/help?_rsc=1pr9z,GET,fetch,0,net::ERR_ABORTED,expected_aborted_prefetch,PASS
/products/section-13-standard,mobile,https://landlordheaven.co.uk/contact?_rsc=1pr9z,GET,fetch,0,net::ERR_ABORTED,expected_aborted_prefetch,PASS
/products/section-13-standard,mobile,https://landlordheaven.co.uk/ask-heaven?_rsc=1pr9z,GET,fetch,0,net::ERR_ABORTED,expected_aborted_prefetch,PASS
/products/section-13-standard,mobile,https://landlordheaven.co.uk/blog?_rsc=1pr9z,GET,fetch,0,net::ERR_ABORTED,expected_aborted_prefetch,PASS
/products/section-13-standard,mobile,https://landlordheaven.co.uk/hmo-shared-house-tenancy-agreement?_rsc=1pr9z,GET,fetch,0,net::ERR_ABORTED,expected_aborted_prefetch,PASS
/products/section-13-standard,mobile,https://landlordheaven.co.uk/student-tenancy-agreement?_rsc=1pr9z,GET,fetch,0,net::ERR_ABORTED,expected_aborted_prefetch,PASS
/products/section-13-standard,mobile,https://landlordheaven.co.uk/lodger-agreement?_rsc=1pr9z,GET,fetch,0,net::ERR_ABORTED,expected_aborted_prefetch,PASS
/products/section-13-standard,mobile,https://landlordheaven.co.uk/standard-tenancy-agreement?_rsc=1pr9z,GET,fetch,0,net::ERR_ABORTED,expected_aborted_prefetch,PASS
/products/section-13-standard,mobile,https://landlordheaven.co.uk/premium-tenancy-agreement?_rsc=1pr9z,GET,fetch,0,net::ERR_ABORTED,expected_aborted_prefetch,PASS
/products/section-13-standard,mobile,https://landlordheaven.co.uk/products/ast?_rsc=1pr9z,GET,fetch,0,net::ERR_ABORTED,expected_aborted_prefetch,PASS
/products/section-13-standard,mobile,https://landlordheaven.co.uk/refunds?_rsc=19pq2,GET,fetch,0,net::ERR_ABORTED,expected_aborted_prefetch,PASS
/products/section-13-standard,mobile,https://landlordheaven.co.uk/privacy?_rsc=19pq2,GET,fetch,0,net::ERR_ABORTED,expected_aborted_prefetch,PASS
/products/section-13-standard,mobile,https://landlordheaven.co.uk/help?_rsc=19pq2,GET,fetch,0,net::ERR_ABORTED,expected_aborted_prefetch,PASS
/products/section-13-standard,mobile,https://landlordheaven.co.uk/terms?_rsc=19pq2,GET,fetch,0,net::ERR_ABORTED,expected_aborted_prefetch,PASS
/products/section-13-standard,mobile,https://landlordheaven.co.uk/cookies?_rsc=19pq2,GET,fetch,0,net::ERR_ABORTED,expected_aborted_prefetch,PASS
/products/section-13-standard,mobile,https://landlordheaven.co.uk/about?_rsc=19pq2,GET,fetch,0,net::ERR_ABORTED,expected_aborted_prefetch,PASS
/products/section-13-standard,mobile,https://landlordheaven.co.uk/contact?_rsc=19pq2,GET,fetch,0,net::ERR_ABORTED,expected_aborted_prefetch,PASS
/products/section-13-standard,mobile,https://landlordheaven.co.uk/ask-heaven?_rsc=19pq2,GET,fetch,0,net::ERR_ABORTED,expected_aborted_prefetch,PASS
/products/section-13-standard,mobile,https://landlordheaven.co.uk/section-8-notice?_rsc=19pq2,GET,fetch,0,net::ERR_ABORTED,expected_aborted_prefetch,PASS
/products/section-13-standard,mobile,https://landlordheaven.co.uk/samples?_rsc=19pq2,GET,fetch,0,net::ERR_ABORTED,expected_aborted_prefetch,PASS
/products/section-13-standard,mobile,https://landlordheaven.co.uk/tools?_rsc=19pq2,GET,fetch,0,net::ERR_ABORTED,expected_aborted_prefetch,PASS
/products/section-13-standard,mobile,https://landlordheaven.co.uk/blog?_rsc=19pq2,GET,fetch,0,net::ERR_ABORTED,expected_aborted_prefetch,PASS
/products/section-13-standard,mobile,https://landlordheaven.co.uk/eviction-guides?_rsc=19pq2,GET,fetch,0,net::ERR_ABORTED,expected_aborted_prefetch,PASS
/products/section-13-standard,mobile,https://landlordheaven.co.uk/hmo-shared-house-tenancy-agreement?_rsc=19pq2,GET,fetch,0,net::ERR_ABORTED,expected_aborted_prefetch,PASS
/products/section-13-standard,mobile,https://landlordheaven.co.uk/student-tenancy-agreement?_rsc=19pq2,GET,fetch,0,net::ERR_ABORTED,expected_aborted_prefetch,PASS
/products/section-13-standard,mobile,https://landlordheaven.co.uk/premium-tenancy-agreement?_rsc=19pq2,GET,fetch,0,net::ERR_ABORTED,expected_aborted_prefetch,PASS
/products/section-13-standard,mobile,https://landlordheaven.co.uk/lodger-agreement?_rsc=19pq2,GET,fetch,0,net::ERR_ABORTED,expected_aborted_prefetch,PASS
/products/section-13-standard,mobile,https://landlordheaven.co.uk/wizard/flow?type=rent_increase&product=section13_defensive&src=product_page&topic=general&_rsc=19pq2,GET,fetch,0,net::ERR_ABORTED,expected_aborted_prefetch,PASS
/products/section-13-standard,mobile,https://region1.analytics.google.com/g/collect?v=2&tid=G-TBR4PEGY1K&gtm=45je67m0v9239287483za200zd9239287483&_p=1784939726030&gcd=13l3l3l3l1l1&npa=0&dma=0&ecid=1804115714&_eu=AEAAACQC&ae=a&are=1&cid=2031575400.1784939726&frm=0&ibt=1&ngs=1&pscdl=&rcb=2&sr=390x844&uaa=x86&uab=64&uafvl=Chromium%3B143.0.7499.169%7CNot%2520A(Brand%3B24.0.0.0&uam=&uamb=0&uap=Windows&uapv=10.0.0&uaw=0&ul=en-us&_s=3&tag_exp=115616985~115938465~115938468~118897920~118897930~119259606~119527019~119896802&sid=1784939726&sct=1&seg=0&dl=https%3A%2F%2Flandlordheaven.co.uk%2Fproducts%2Fsection-13-standard&dt=Form%204A%20Rent%20Increase%20Pack%20%7C%20Market%20Evidence%20%7C%20%C2%A324.99&en=scroll&epn.percent_scrolled=90&_et=2&tfd=10088,POST,fetch,0,net::ERR_ABORTED,expected_aborted_prefetch,PASS
/products/section-13-standard,tablet,https://region1.analytics.google.com/g/collect?v=2&tid=G-TBR4PEGY1K&gtm=45je67m0v9239287483za200zd9239287483&_p=1784939740081&_gaz=1&gcd=13l3l3l3l1l1&npa=0&dma=0&ecid=101509765&_eu=AAAAACAC&are=1&cid=1143052335.1784939741&ec_mode=a&frm=0&ibt=1&ngs=1&pscdl=&rcb=0&sr=800x600&uaa=x86&uab=64&uafvl=Chromium%3B143.0.7499.169%7CNot%2520A(Brand%3B24.0.0.0&uam=&uamb=0&uap=Windows&uapv=10.0.0&uaw=0&ul=en-us&_s=1&tag_exp=115616985~115938465~115938469~118395333~118897920~118897930~119724322~119896803&sid=1784939740&sct=1&seg=0&dl=https%3A%2F%2Flandlordheaven.co.uk%2Fproducts%2Fsection-13-standard&dt=Form%204A%20Rent%20Increase%20Pack%20%7C%20Market%20Evidence%20%7C%20%C2%A324.99&en=page_view&_fv=1&_nsi=1&_ss=1&_ee=1&tfd=1954,POST,fetch,0,net::ERR_ABORTED,expected_aborted_prefetch,PASS
/products/section-13-standard,tablet,https://landlordheaven.co.uk/wizard/flow?type=rent_increase&product=section13_defensive&src=product_page&topic=general&_rsc=19pq2,GET,fetch,0,net::ERR_ABORTED,expected_aborted_prefetch,PASS
/products/section-13-standard,tablet,https://region1.analytics.google.com/g/collect?v=2&tid=G-TBR4PEGY1K&gtm=45je67m0v9239287483za200zd9239287483&_p=1784939740081&gcd=13l3l3l3l1l1&npa=0&dma=0&ecid=101509765&_eu=AAAAACQC&are=1&cid=1143052335.1784939741&frm=0&ibt=1&ngs=1&pscdl=&rcb=0&sr=800x600&uaa=x86&uab=64&uafvl=Chromium%3B143.0.7499.169%7CNot%2520A(Brand%3B24.0.0.0&uam=&uamb=0&uap=Windows&uapv=10.0.0&uaw=0&ul=en-us&tag_exp=115616985~115938465~115938469~118395333~118897920~118897930~119724322~119896803&sid=1784939740&sct=1&seg=0&dl=https%3A%2F%2Flandlordheaven.co.uk%2Fproducts%2Fsection-13-standard&dt=Form%204A%20Rent%20Increase%20Pack%20%7C%20Market%20Evidence%20%7C%20%C2%A324.99&_s=2&tfd=4222,POST,fetch,0,net::ERR_ABORTED,expected_aborted_prefetch,PASS
/products/section-13-standard,tablet,https://landlordheaven.co.uk/compare/section-13-standard-vs-defence?_rsc=1pr9z,GET,fetch,0,net::ERR_ABORTED,expected_aborted_prefetch,PASS
/products/section-13-standard,tablet,https://landlordheaven.co.uk/rent-increase/form-4a-guide?_rsc=1pr9z,GET,fetch,0,net::ERR_ABORTED,expected_aborted_prefetch,PASS
/products/section-13-standard,tablet,https://landlordheaven.co.uk/contact?_rsc=1pr9z,GET,fetch,0,net::ERR_ABORTED,expected_aborted_prefetch,PASS
/products/section-13-standard,tablet,https://landlordheaven.co.uk/about?_rsc=1pr9z,GET,fetch,0,net::ERR_ABORTED,expected_aborted_prefetch,PASS
/products/section-13-standard,tablet,https://landlordheaven.co.uk/privacy?_rsc=1pr9z,GET,fetch,0,net::ERR_ABORTED,expected_aborted_prefetch,PASS
/products/section-13-standard,tablet,https://landlordheaven.co.uk/terms?_rsc=1pr9z,GET,fetch,0,net::ERR_ABORTED,expected_aborted_prefetch,PASS
/products/section-13-standard,tablet,https://landlordheaven.co.uk/cookies?_rsc=1pr9z,GET,fetch,0,net::ERR_ABORTED,expected_aborted_prefetch,PASS
/products/section-13-standard,tablet,https://landlordheaven.co.uk/help?_rsc=1pr9z,GET,fetch,0,net::ERR_ABORTED,expected_aborted_prefetch,PASS
/products/section-13-standard,tablet,https://landlordheaven.co.uk/section-8-notice?_rsc=1pr9z,GET,fetch,0,net::ERR_ABORTED,expected_aborted_prefetch,PASS
/products/section-13-standard,tablet,https://landlordheaven.co.uk/samples?_rsc=1pr9z,GET,fetch,0,net::ERR_ABORTED,expected_aborted_prefetch,PASS
/products/section-13-standard,tablet,https://landlordheaven.co.uk/ask-heaven?_rsc=1pr9z,GET,fetch,0,net::ERR_ABORTED,expected_aborted_prefetch,PASS
/products/section-13-standard,tablet,https://landlordheaven.co.uk/tools?_rsc=1pr9z,GET,fetch,0,net::ERR_ABORTED,expected_aborted_prefetch,PASS
/products/section-13-standard,tablet,https://landlordheaven.co.uk/blog?_rsc=1pr9z,GET,fetch,0,net::ERR_ABORTED,expected_aborted_prefetch,PASS
/products/section-13-standard,tablet,https://landlordheaven.co.uk/hmo-shared-house-tenancy-agreement?_rsc=1pr9z,GET,fetch,0,net::ERR_ABORTED,expected_aborted_prefetch,PASS
/products/section-13-standard,tablet,https://landlordheaven.co.uk/lodger-agreement?_rsc=1pr9z,GET,fetch,0,net::ERR_ABORTED,expected_aborted_prefetch,PASS
/products/section-13-standard,tablet,https://landlordheaven.co.uk/student-tenancy-agreement?_rsc=1pr9z,GET,fetch,0,net::ERR_ABORTED,expected_aborted_prefetch,PASS
/products/section-13-standard,tablet,https://landlordheaven.co.uk/products/ast?_rsc=1pr9z,GET,fetch,0,net::ERR_ABORTED,expected_aborted_prefetch,PASS
/products/section-13-standard,tablet,https://landlordheaven.co.uk/pricing?_rsc=1pr9z,GET,fetch,0,net::ERR_ABORTED,expected_aborted_prefetch,PASS
/products/section-13-standard,tablet,https://landlordheaven.co.uk/premium-tenancy-agreement?_rsc=1pr9z,GET,fetch,0,net::ERR_ABORTED,expected_aborted_prefetch,PASS
/products/section-13-standard,tablet,https://landlordheaven.co.uk/standard-tenancy-agreement?_rsc=1pr9z,GET,fetch,0,net::ERR_ABORTED,expected_aborted_prefetch,PASS
/products/section-13-standard,tablet,https://landlordheaven.co.uk/rent-increase?_rsc=1pr9z,GET,fetch,0,net::ERR_ABORTED,expected_aborted_prefetch,PASS
/products/section-13-standard,tablet,https://landlordheaven.co.uk/assisted-prep?_rsc=1pr9z,GET,fetch,0,net::ERR_ABORTED,expected_aborted_prefetch,PASS
/products/section-13-standard,tablet,https://landlordheaven.co.uk/products/complete-pack?_rsc=1pr9z,GET,fetch,0,net::ERR_ABORTED,expected_aborted_prefetch,PASS
/products/section-13-standard,tablet,https://landlordheaven.co.uk/products/money-claim?_rsc=1pr9z,GET,fetch,0,net::ERR_ABORTED,expected_aborted_prefetch,PASS
/products/section-13-standard,tablet,https://landlordheaven.co.uk/cookies?_rsc=19pq2,GET,fetch,0,net::ERR_ABORTED,expected_aborted_prefetch,PASS
/products/section-13-standard,tablet,https://landlordheaven.co.uk/products/notice-only?_rsc=1pr9z,GET,fetch,0,net::ERR_ABORTED,expected_aborted_prefetch,PASS
/products/section-13-standard,tablet,https://landlordheaven.co.uk/privacy?_rsc=19pq2,GET,fetch,0,net::ERR_ABORTED,expected_aborted_prefetch,PASS
/products/section-13-standard,tablet,https://landlordheaven.co.uk/refunds?_rsc=19pq2,GET,fetch,0,net::ERR_ABORTED,expected_aborted_prefetch,PASS
/products/section-13-standard,tablet,https://landlordheaven.co.uk/help?_rsc=19pq2,GET,fetch,0,net::ERR_ABORTED,expected_aborted_prefetch,PASS
/products/section-13-standard,tablet,https://landlordheaven.co.uk/ask-heaven?_rsc=19pq2,GET,fetch,0,net::ERR_ABORTED,expected_aborted_prefetch,PASS
/products/section-13-standard,tablet,https://landlordheaven.co.uk/terms?_rsc=19pq2,GET,fetch,0,net::ERR_ABORTED,expected_aborted_prefetch,PASS
/products/section-13-standard,tablet,https://landlordheaven.co.uk/section-8-notice?_rsc=19pq2,GET,fetch,0,net::ERR_ABORTED,expected_aborted_prefetch,PASS
/products/section-13-standard,tablet,https://region1.analytics.google.com/g/collect?v=2&tid=G-TBR4PEGY1K&gtm=45je67m0v9239287483za200zd9239287483&_p=1784939740081&gcd=13l3l3l3l1l1&npa=0&dma=0&ecid=101509765&_eu=AEAAACQC&ae=a&are=1&cid=1143052335.1784939741&frm=0&ibt=1&ngs=1&pscdl=&rcb=0&sr=800x600&uaa=x86&uab=64&uafvl=Chromium%3B143.0.7499.169%7CNot%2520A(Brand%3B24.0.0.0&uam=&uamb=0&uap=Windows&uapv=10.0.0&uaw=0&ul=en-us&_s=3&tag_exp=115616985~115938465~115938469~118395333~118897920~118897930~119724322~119896803&sid=1784939740&sct=1&seg=0&dl=https%3A%2F%2Flandlordheaven.co.uk%2Fproducts%2Fsection-13-standard&dt=Form%204A%20Rent%20Increase%20Pack%20%7C%20Market%20Evidence%20%7C%20%C2%A324.99&en=scroll&epn.percent_scrolled=90&_et=2&tfd=9226,POST,fetch,0,net::ERR_ABORTED,expected_aborted_prefetch,PASS
/products/section-13-standard,tablet,https://landlordheaven.co.uk/compare/section-13-standard-vs-defence?_rsc=19pq2,GET,fetch,0,net::ERR_ABORTED,expected_aborted_prefetch,PASS
/products/section-13-standard,tablet,https://landlordheaven.co.uk/rent-increase/form-4a-guide?_rsc=19pq2,GET,fetch,0,net::ERR_ABORTED,expected_aborted_prefetch,PASS
/products/section-13-standard,tablet,https://landlordheaven.co.uk/products/rent-increase?_rsc=19pq2,GET,fetch,0,net::ERR_ABORTED,expected_aborted_prefetch,PASS
/products/section-13-standard,tablet,https://landlordheaven.co.uk/rent-increase/section-13-notice?_rsc=19pq2,GET,fetch,0,net::ERR_ABORTED,expected_aborted_prefetch,PASS
/products/section-13-standard,desktop,https://landlordheaven.co.uk/products/section-13-defence?_rsc=1pr9z,GET,fetch,0,net::ERR_ABORTED,expected_aborted_prefetch,PASS
/products/section-13-standard,desktop,https://landlordheaven.co.uk/products/notice-only?_rsc=1pr9z,GET,fetch,0,net::ERR_ABORTED,expected_aborted_prefetch,PASS
/products/section-13-standard,desktop,https://landlordheaven.co.uk/assisted-prep?_rsc=1pr9z,GET,fetch,0,net::ERR_ABORTED,expected_aborted_prefetch,PASS
/products/section-13-standard,desktop,https://landlordheaven.co.uk/products/money-claim?_rsc=1pr9z,GET,fetch,0,net::ERR_ABORTED,expected_aborted_prefetch,PASS
/products/section-13-standard,desktop,https://landlordheaven.co.uk/?_rsc=1pr9z,GET,fetch,0,net::ERR_ABORTED,expected_aborted_prefetch,PASS
/products/section-13-standard,desktop,https://landlordheaven.co.uk/wizard/flow?type=rent_increase&product=section13_standard&src=product_page&topic=general&_rsc=fn4sj,GET,fetch,0,net::ERR_ABORTED,expected_aborted_prefetch,PASS
/products/section-13-standard,desktop,https://landlordheaven.co.uk/products/section-13-defence?_rsc=19pq2,GET,fetch,0,net::ERR_ABORTED,expected_aborted_prefetch,PASS
/products/section-13-standard,desktop,https://landlordheaven.co.uk/rent-increase?_rsc=19pq2,GET,fetch,0,net::ERR_ABORTED,expected_aborted_prefetch,PASS
/products/section-13-standard,desktop,https://landlordheaven.co.uk/products/money-claim?_rsc=19pq2,GET,fetch,0,net::ERR_ABORTED,expected_aborted_prefetch,PASS
/products/section-13-standard,desktop,https://landlordheaven.co.uk/products/notice-only?_rsc=19pq2,GET,fetch,0,net::ERR_ABORTED,expected_aborted_prefetch,PASS
/products/section-13-standard,desktop,https://landlordheaven.co.uk/tools?_rsc=19pq2,GET,fetch,0,net::ERR_ABORTED,expected_aborted_prefetch,PASS
/products/section-13-standard,desktop,https://landlordheaven.co.uk/products/ast?_rsc=19pq2,GET,fetch,0,net::ERR_ABORTED,expected_aborted_prefetch,PASS
/products/section-13-standard,desktop,https://landlordheaven.co.uk/?_rsc=19pq2,GET,fetch,0,net::ERR_ABORTED,expected_aborted_prefetch,PASS
/products/section-13-standard,desktop,https://region1.analytics.google.com/g/collect?v=2&tid=G-TBR4PEGY1K&gtm=45je67m0v9239287483za200zd9239287483&_p=1784939753220&_gaz=1&gcd=13l3l3l3l1l1&npa=0&dma=0&ecid=271525560&_eu=AAAAACAC&are=1&cid=1794531964.1784939754&ec_mode=a&frm=0&ibt=1&ngs=1&pscdl=&rcb=5&sr=800x600&uaa=x86&uab=64&uafvl=Chromium%3B143.0.7499.169%7CNot%2520A(Brand%3B24.0.0.0&uam=&uamb=0&uap=Windows&uapv=10.0.0&uaw=0&ul=en-us&_s=1&tag_exp=115938466~115938468~118897920~118897930~119527020~119896803&sid=1784939753&sct=1&seg=0&dl=https%3A%2F%2Flandlordheaven.co.uk%2Fproducts%2Fsection-13-standard&dt=Form%204A%20Rent%20Increase%20Pack%20%7C%20Market%20Evidence%20%7C%20%C2%A324.99&en=page_view&_fv=1&_nsi=1&_ss=1&_ee=1&tfd=2326,POST,fetch,0,net::ERR_ABORTED,expected_aborted_prefetch,PASS
/products/section-13-standard,desktop,https://landlordheaven.co.uk/wizard/flow?type=rent_increase&product=section13_defensive&src=product_page&topic=general&_rsc=19pq2,GET,fetch,0,net::ERR_ABORTED,expected_aborted_prefetch,PASS
/products/section-13-standard,desktop,https://region1.analytics.google.com/g/collect?v=2&tid=G-TBR4PEGY1K&gtm=45je67m0v9239287483za200zd9239287483&_p=1784939753220&gcd=13l3l3l3l1l1&npa=0&dma=0&ecid=271525560&_eu=AAAAACQC&are=1&cid=1794531964.1784939754&frm=0&ibt=1&ngs=1&pscdl=&rcb=5&sr=800x600&uaa=x86&uab=64&uafvl=Chromium%3B143.0.7499.169%7CNot%2520A(Brand%3B24.0.0.0&uam=&uamb=0&uap=Windows&uapv=10.0.0&uaw=0&ul=en-us&tag_exp=115938466~115938468~118897920~118897930~119527020~119896803&sid=1784939753&sct=1&seg=0&dl=https%3A%2F%2Flandlordheaven.co.uk%2Fproducts%2Fsection-13-standard&dt=Form%204A%20Rent%20Increase%20Pack%20%7C%20Market%20Evidence%20%7C%20%C2%A324.99&_s=2&tfd=4654,POST,fetch,0,net::ERR_ABORTED,expected_aborted_prefetch,PASS
/products/section-13-standard,desktop,https://landlordheaven.co.uk/products/rent-increase?_rsc=1pr9z,GET,fetch,0,net::ERR_ABORTED,expected_aborted_prefetch,PASS
/products/section-13-standard,desktop,https://landlordheaven.co.uk/rent-increase/form-4a-guide?_rsc=1pr9z,GET,fetch,0,net::ERR_ABORTED,expected_aborted_prefetch,PASS
/products/section-13-standard,desktop,https://landlordheaven.co.uk/rent-increase/section-13-notice?_rsc=1pr9z,GET,fetch,0,net::ERR_ABORTED,expected_aborted_prefetch,PASS
/products/section-13-standard,desktop,https://landlordheaven.co.uk/compare/section-13-standard-vs-defence?_rsc=1pr9z,GET,fetch,0,net::ERR_ABORTED,expected_aborted_prefetch,PASS
/products/section-13-standard,desktop,https://landlordheaven.co.uk/refunds?_rsc=1pr9z,GET,fetch,0,net::ERR_ABORTED,expected_aborted_prefetch,PASS
/products/section-13-standard,desktop,https://landlordheaven.co.uk/privacy?_rsc=1pr9z,GET,fetch,0,net::ERR_ABORTED,expected_aborted_prefetch,PASS
/products/section-13-standard,desktop,https://landlordheaven.co.uk/ask-heaven?_rsc=1pr9z,GET,fetch,0,net::ERR_ABORTED,expected_aborted_prefetch,PASS
/products/section-13-standard,desktop,https://landlordheaven.co.uk/cookies?_rsc=1pr9z,GET,fetch,0,net::ERR_ABORTED,expected_aborted_prefetch,PASS
/products/section-13-standard,desktop,https://landlordheaven.co.uk/section-8-notice?_rsc=1pr9z,GET,fetch,0,net::ERR_ABORTED,expected_aborted_prefetch,PASS
/products/section-13-standard,desktop,https://landlordheaven.co.uk/lodger-agreement?_rsc=1pr9z,GET,fetch,0,net::ERR_ABORTED,expected_aborted_prefetch,PASS
/products/section-13-standard,desktop,https://landlordheaven.co.uk/hmo-shared-house-tenancy-agreement?_rsc=1pr9z,GET,fetch,0,net::ERR_ABORTED,expected_aborted_prefetch,PASS
/products/section-13-standard,desktop,https://landlordheaven.co.uk/pricing?_rsc=1pr9z,GET,fetch,0,net::ERR_ABORTED,expected_aborted_prefetch,PASS
/products/section-13-standard,desktop,https://landlordheaven.co.uk/terms?_rsc=1pr9z,GET,fetch,0,net::ERR_ABORTED,expected_aborted_prefetch,PASS
/products/section-13-standard,desktop,https://landlordheaven.co.uk/help?_rsc=1pr9z,GET,fetch,0,net::ERR_ABORTED,expected_aborted_prefetch,PASS
/products/section-13-standard,desktop,https://landlordheaven.co.uk/about?_rsc=1pr9z,GET,fetch,0,net::ERR_ABORTED,expected_aborted_prefetch,PASS
/products/section-13-standard,desktop,https://landlordheaven.co.uk/contact?_rsc=1pr9z,GET,fetch,0,net::ERR_ABORTED,expected_aborted_prefetch,PASS
/products/section-13-standard,desktop,https://landlordheaven.co.uk/samples?_rsc=1pr9z,GET,fetch,0,net::ERR_ABORTED,expected_aborted_prefetch,PASS
/products/section-13-standard,desktop,https://landlordheaven.co.uk/eviction-guides?_rsc=1pr9z,GET,fetch,0,net::ERR_ABORTED,expected_aborted_prefetch,PASS
/products/section-13-standard,desktop,https://landlordheaven.co.uk/blog?_rsc=1pr9z,GET,fetch,0,net::ERR_ABORTED,expected_aborted_prefetch,PASS
/products/section-13-standard,desktop,https://landlordheaven.co.uk/student-tenancy-agreement?_rsc=1pr9z,GET,fetch,0,net::ERR_ABORTED,expected_aborted_prefetch,PASS
/products/section-13-standard,desktop,https://landlordheaven.co.uk/refunds?_rsc=19pq2,GET,fetch,0,net::ERR_ABORTED,expected_aborted_prefetch,PASS
/products/section-13-standard,desktop,https://landlordheaven.co.uk/products/complete-pack?_rsc=1pr9z,GET,fetch,0,net::ERR_ABORTED,expected_aborted_prefetch,PASS
/products/section-13-standard,desktop,https://landlordheaven.co.uk/standard-tenancy-agreement?_rsc=1pr9z,GET,fetch,0,net::ERR_ABORTED,expected_aborted_prefetch,PASS
/products/section-13-standard,desktop,https://landlordheaven.co.uk/premium-tenancy-agreement?_rsc=1pr9z,GET,fetch,0,net::ERR_ABORTED,expected_aborted_prefetch,PASS
/products/section-13-standard,desktop,https://landlordheaven.co.uk/cookies?_rsc=19pq2,GET,fetch,0,net::ERR_ABORTED,expected_aborted_prefetch,PASS
/products/section-13-standard,desktop,https://landlordheaven.co.uk/privacy?_rsc=19pq2,GET,fetch,0,net::ERR_ABORTED,expected_aborted_prefetch,PASS
/products/section-13-standard,desktop,https://landlordheaven.co.uk/ask-heaven?_rsc=19pq2,GET,fetch,0,net::ERR_ABORTED,expected_aborted_prefetch,PASS
/products/section-13-standard,desktop,https://landlordheaven.co.uk/section-8-notice?_rsc=19pq2,GET,fetch,0,net::ERR_ABORTED,expected_aborted_prefetch,PASS
/products/section-13-standard,desktop,https://landlordheaven.co.uk/lodger-agreement?_rsc=19pq2,GET,fetch,0,net::ERR_ABORTED,expected_aborted_prefetch,PASS
/products/section-13-standard,desktop,https://landlordheaven.co.uk/terms?_rsc=19pq2,GET,fetch,0,net::ERR_ABORTED,expected_aborted_prefetch,PASS
/products/section-13-standard,desktop,https://landlordheaven.co.uk/pricing?_rsc=19pq2,GET,fetch,0,net::ERR_ABORTED,expected_aborted_prefetch,PASS
/products/section-13-standard,desktop,https://landlordheaven.co.uk/hmo-shared-house-tenancy-agreement?_rsc=19pq2,GET,fetch,0,net::ERR_ABORTED,expected_aborted_prefetch,PASS
/products/section-13-standard,desktop,https://landlordheaven.co.uk/help?_rsc=19pq2,GET,fetch,0,net::ERR_ABORTED,expected_aborted_prefetch,PASS
/products/section-13-standard,desktop,https://landlordheaven.co.uk/contact?_rsc=19pq2,GET,fetch,0,net::ERR_ABORTED,expected_aborted_prefetch,PASS
/products/section-13-standard,desktop,https://landlordheaven.co.uk/samples?_rsc=19pq2,GET,fetch,0,net::ERR_ABORTED,expected_aborted_prefetch,PASS
/products/section-13-standard,desktop,https://landlordheaven.co.uk/about?_rsc=19pq2,GET,fetch,0,net::ERR_ABORTED,expected_aborted_prefetch,PASS
/products/section-13-standard,desktop,https://region1.analytics.google.com/g/collect?v=2&tid=G-TBR4PEGY1K&gtm=45je67m0v9239287483za200zd9239287483&_p=1784939753220&gcd=13l3l3l3l1l1&npa=0&dma=0&ecid=271525560&_eu=AEAAACQC&ae=a&are=1&cid=1794531964.1784939754&frm=0&ibt=1&ngs=1&pscdl=&rcb=5&sr=800x600&uaa=x86&uab=64&uafvl=Chromium%3B143.0.7499.169%7CNot%2520A(Brand%3B24.0.0.0&uam=&uamb=0&uap=Windows&uapv=10.0.0&uaw=0&ul=en-us&_s=3&tag_exp=115938466~115938468~118897920~118897930~119527020~119896803&sid=1784939753&sct=1&seg=0&dl=https%3A%2F%2Flandlordheaven.co.uk%2Fproducts%2Fsection-13-standard&dt=Form%204A%20Rent%20Increase%20Pack%20%7C%20Market%20Evidence%20%7C%20%C2%A324.99&en=scroll&epn.percent_scrolled=90&_et=1&tfd=9661,POST,fetch,0,net::ERR_ABORTED,expected_aborted_prefetch,PASS
/products/section-13-standard,desktop,https://landlordheaven.co.uk/rent-increase/form-4a-guide?_rsc=19pq2,GET,fetch,0,net::ERR_ABORTED,expected_aborted_prefetch,PASS
/products/section-13-standard,desktop,https://landlordheaven.co.uk/rent-increase/section-13-notice?_rsc=19pq2,GET,fetch,0,net::ERR_ABORTED,expected_aborted_prefetch,PASS
/products/section-13-standard,desktop,https://landlordheaven.co.uk/compare/section-13-standard-vs-defence?_rsc=19pq2,GET,fetch,0,net::ERR_ABORTED,expected_aborted_prefetch,PASS
/products/section-13-standard,desktop,https://landlordheaven.co.uk/products/rent-increase?_rsc=19pq2,GET,fetch,0,net::ERR_ABORTED,expected_aborted_prefetch,PASS
/tools/hmo-license-checker,mobile,https://landlordheaven.co.uk/?_rsc=11dmp,GET,fetch,0,net::ERR_ABORTED,expected_aborted_prefetch,PASS
/tools/hmo-license-checker,mobile,https://region1.analytics.google.com/g/collect?v=2&tid=G-TBR4PEGY1K&gtm=45je67m0v9239287483za200zd9239287483&_p=1784939779030&_gaz=1&gcd=13l3l3l3l1l1&npa=0&dma=0&ecid=1847940885&_eu=AAAAACAC&are=1&cid=1582529425.1784939779&ec_mode=a&frm=0&ibt=1&ngs=1&pscdl=&rcb=9&sr=390x844&uaa=x86&uab=64&uafvl=Chromium%3B143.0.7499.169%7CNot%2520A(Brand%3B24.0.0.0&uam=&uamb=0&uap=Windows&uapv=10.0.0&uaw=0&ul=en-us&_s=1&tag_exp=115938465~115938468~118897920~118897930~119527020~119896802&sid=1784939779&sct=1&seg=0&dl=https%3A%2F%2Flandlordheaven.co.uk%2Ftools%2Fhmo-license-checker&dt=HMO%20Licence%20Checker%20%7C%20England%20Landlords&en=page_view&_fv=1&_nsi=1&_ss=1&_ee=1&tfd=1366,POST,fetch,0,net::ERR_ABORTED,expected_aborted_prefetch,PASS
/tools/hmo-license-checker,mobile,https://landlordheaven.co.uk/products/ast?_rsc=1119k,GET,fetch,0,net::ERR_ABORTED,expected_aborted_prefetch,PASS
/tools/hmo-license-checker,mobile,https://region1.analytics.google.com/g/collect?v=2&tid=G-TBR4PEGY1K&gtm=45je67m0v9239287483za200zd9239287483&_p=1784939779030&gcd=13l3l3l3l1l1&npa=0&dma=0&ecid=1847940885&_eu=AAAAACQC&are=1&cid=1582529425.1784939779&frm=0&ibt=1&ngs=1&pscdl=&rcb=9&sr=390x844&uaa=x86&uab=64&uafvl=Chromium%3B143.0.7499.169%7CNot%2520A(Brand%3B24.0.0.0&uam=&uamb=0&uap=Windows&uapv=10.0.0&uaw=0&ul=en-us&tag_exp=115938465~115938468~118897920~118897930~119527020~119896802&sid=1784939779&sct=1&seg=0&dl=https%3A%2F%2Flandlordheaven.co.uk%2Ftools%2Fhmo-license-checker&dt=HMO%20Licence%20Checker%20%7C%20England%20Landlords&_s=2&tfd=3004,POST,fetch,0,net::ERR_ABORTED,expected_aborted_prefetch,PASS
/tools/hmo-license-checker,mobile,https://landlordheaven.co.uk/blog?_rsc=1119k,GET,fetch,0,net::ERR_ABORTED,expected_aborted_prefetch,PASS
/tools/hmo-license-checker,mobile,https://landlordheaven.co.uk/lodger-agreement?_rsc=1119k,GET,fetch,0,net::ERR_ABORTED,expected_aborted_prefetch,PASS
/tools/hmo-license-checker,mobile,https://landlordheaven.co.uk/hmo-shared-house-tenancy-agreement?_rsc=1119k,GET,fetch,0,net::ERR_ABORTED,expected_aborted_prefetch,PASS
/tools/hmo-license-checker,mobile,https://landlordheaven.co.uk/student-tenancy-agreement?_rsc=1119k,GET,fetch,0,net::ERR_ABORTED,expected_aborted_prefetch,PASS
/tools/hmo-license-checker,mobile,https://landlordheaven.co.uk/refunds?_rsc=1119k,GET,fetch,0,net::ERR_ABORTED,expected_aborted_prefetch,PASS
/tools/hmo-license-checker,mobile,https://landlordheaven.co.uk/privacy?_rsc=1119k,GET,fetch,0,net::ERR_ABORTED,expected_aborted_prefetch,PASS
/tools/hmo-license-checker,mobile,https://landlordheaven.co.uk/cookies?_rsc=1119k,GET,fetch,0,net::ERR_ABORTED,expected_aborted_prefetch,PASS
/tools/hmo-license-checker,mobile,https://landlordheaven.co.uk/terms?_rsc=1119k,GET,fetch,0,net::ERR_ABORTED,expected_aborted_prefetch,PASS
/tools/hmo-license-checker,mobile,https://landlordheaven.co.uk/help?_rsc=1119k,GET,fetch,0,net::ERR_ABORTED,expected_aborted_prefetch,PASS
/tools/hmo-license-checker,mobile,https://landlordheaven.co.uk/about?_rsc=1119k,GET,fetch,0,net::ERR_ABORTED,expected_aborted_prefetch,PASS
/tools/hmo-license-checker,mobile,https://landlordheaven.co.uk/contact?_rsc=1119k,GET,fetch,0,net::ERR_ABORTED,expected_aborted_prefetch,PASS
/tools/hmo-license-checker,mobile,https://landlordheaven.co.uk/samples?_rsc=1119k,GET,fetch,0,net::ERR_ABORTED,expected_aborted_prefetch,PASS
/tools/hmo-license-checker,mobile,https://landlordheaven.co.uk/tools?_rsc=1119k,GET,fetch,0,net::ERR_ABORTED,expected_aborted_prefetch,PASS
/tools/hmo-license-checker,mobile,https://landlordheaven.co.uk/section-8-notice?_rsc=1119k,GET,fetch,0,net::ERR_ABORTED,expected_aborted_prefetch,PASS
/tools/hmo-license-checker,mobile,https://landlordheaven.co.uk/premium-tenancy-agreement?_rsc=1119k,GET,fetch,0,net::ERR_ABORTED,expected_aborted_prefetch,PASS
/tools/hmo-license-checker,mobile,https://landlordheaven.co.uk/standard-tenancy-agreement?_rsc=1119k,GET,fetch,0,net::ERR_ABORTED,expected_aborted_prefetch,PASS
/tools/hmo-license-checker,mobile,https://landlordheaven.co.uk/refunds?_rsc=11dmp,GET,fetch,0,net::ERR_ABORTED,expected_aborted_prefetch,PASS
/tools/hmo-license-checker,mobile,https://landlordheaven.co.uk/cookies?_rsc=11dmp,GET,fetch,0,net::ERR_ABORTED,expected_aborted_prefetch,PASS
/tools/hmo-license-checker,mobile,https://landlordheaven.co.uk/terms?_rsc=11dmp,GET,fetch,0,net::ERR_ABORTED,expected_aborted_prefetch,PASS
/tools/hmo-license-checker,mobile,https://landlordheaven.co.uk/privacy?_rsc=11dmp,GET,fetch,0,net::ERR_ABORTED,expected_aborted_prefetch,PASS
/tools/hmo-license-checker,mobile,https://landlordheaven.co.uk/help?_rsc=11dmp,GET,fetch,0,net::ERR_ABORTED,expected_aborted_prefetch,PASS
/tools/hmo-license-checker,mobile,https://landlordheaven.co.uk/contact?_rsc=11dmp,GET,fetch,0,net::ERR_ABORTED,expected_aborted_prefetch,PASS
/tools/hmo-license-checker,mobile,https://landlordheaven.co.uk/about?_rsc=11dmp,GET,fetch,0,net::ERR_ABORTED,expected_aborted_prefetch,PASS
/tools/hmo-license-checker,mobile,https://landlordheaven.co.uk/ask-heaven?_rsc=11dmp,GET,fetch,0,net::ERR_ABORTED,expected_aborted_prefetch,PASS
/tools/hmo-license-checker,mobile,https://landlordheaven.co.uk/section-8-notice?_rsc=11dmp,GET,fetch,0,net::ERR_ABORTED,expected_aborted_prefetch,PASS
/tools/hmo-license-checker,mobile,https://landlordheaven.co.uk/samples?_rsc=11dmp,GET,fetch,0,net::ERR_ABORTED,expected_aborted_prefetch,PASS
/tools/hmo-license-checker,mobile,https://landlordheaven.co.uk/tools?_rsc=11dmp,GET,fetch,0,net::ERR_ABORTED,expected_aborted_prefetch,PASS
/tools/hmo-license-checker,mobile,https://landlordheaven.co.uk/blog?_rsc=11dmp,GET,fetch,0,net::ERR_ABORTED,expected_aborted_prefetch,PASS
/tools/hmo-license-checker,mobile,https://landlordheaven.co.uk/eviction-guides?_rsc=11dmp,GET,fetch,0,net::ERR_ABORTED,expected_aborted_prefetch,PASS
/tools/hmo-license-checker,mobile,https://landlordheaven.co.uk/lodger-agreement?_rsc=11dmp,GET,fetch,0,net::ERR_ABORTED,expected_aborted_prefetch,PASS
/tools/hmo-license-checker,mobile,https://landlordheaven.co.uk/student-tenancy-agreement?_rsc=11dmp,GET,fetch,0,net::ERR_ABORTED,expected_aborted_prefetch,PASS
/tools/hmo-license-checker,mobile,https://landlordheaven.co.uk/hmo-shared-house-tenancy-agreement?_rsc=11dmp,GET,fetch,0,net::ERR_ABORTED,expected_aborted_prefetch,PASS
/tools/hmo-license-checker,mobile,https://landlordheaven.co.uk/premium-tenancy-agreement?_rsc=11dmp,GET,fetch,0,net::ERR_ABORTED,expected_aborted_prefetch,PASS
/tools/hmo-license-checker,mobile,https://landlordheaven.co.uk/standard-tenancy-agreement?_rsc=11dmp,GET,fetch,0,net::ERR_ABORTED,expected_aborted_prefetch,PASS
/tools/hmo-license-checker,mobile,https://landlordheaven.co.uk/tools/rent-arrears-calculator?_rsc=11dmp,GET,fetch,0,net::ERR_ABORTED,expected_aborted_prefetch,PASS
/tools/hmo-license-checker,mobile,https://landlordheaven.co.uk/eviction-notice-england?_rsc=1119k,GET,fetch,0,net::ERR_ABORTED,expected_aborted_prefetch,PASS
/tools/hmo-license-checker,mobile,https://landlordheaven.co.uk/pricing?_rsc=1119k,GET,fetch,0,net::ERR_ABORTED,expected_aborted_prefetch,PASS
/tools/hmo-license-checker,tablet,https://landlordheaven.co.uk/?_rsc=1119k,GET,fetch,0,net::ERR_ABORTED,expected_aborted_prefetch,PASS
/tools/hmo-license-checker,tablet,https://landlordheaven.co.uk/?_rsc=11dmp,GET,fetch,0,net::ERR_ABORTED,expected_aborted_prefetch,PASS
/tools/hmo-license-checker,tablet,https://region1.analytics.google.com/g/collect?v=2&tid=G-TBR4PEGY1K&gtm=45je67m0v9239287483za200zd9239287483&_p=1784939789332&_gaz=1&gcd=13l3l3l3l1l1&npa=0&dma=0&ecid=1975567513&_eu=AAAAACAC&are=1&cid=918443917.1784939790&ec_mode=a&frm=0&ibt=1&ngs=1&pscdl=&rcb=2&sr=800x600&uaa=x86&uab=64&uafvl=Chromium%3B143.0.7499.169%7CNot%2520A(Brand%3B24.0.0.0&uam=&uamb=0&uap=Windows&uapv=10.0.0&uaw=0&ul=en-us&_s=1&tag_exp=115938466~115938469~118897920~118897930~119724320~119896802&sid=1784939789&sct=1&seg=0&dl=https%3A%2F%2Flandlordheaven.co.uk%2Ftools%2Fhmo-license-checker&dt=HMO%20Licence%20Checker%20%7C%20England%20Landlords&en=page_view&_fv=1&_nsi=1&_ss=1&_ee=1&tfd=1219,POST,fetch,0,net::ERR_ABORTED,expected_aborted_prefetch,PASS
/tools/hmo-license-checker,tablet,https://landlordheaven.co.uk/student-tenancy-agreement?_rsc=1119k,GET,fetch,0,net::ERR_ABORTED,expected_aborted_prefetch,PASS
/tools/hmo-license-checker,tablet,https://landlordheaven.co.uk/premium-tenancy-agreement?_rsc=1119k,GET,fetch,0,net::ERR_ABORTED,expected_aborted_prefetch,PASS
/tools/hmo-license-checker,tablet,https://landlordheaven.co.uk/products/ast?_rsc=1119k,GET,fetch,0,net::ERR_ABORTED,expected_aborted_prefetch,PASS
/tools/hmo-license-checker,tablet,https://region1.analytics.google.com/g/collect?v=2&tid=G-TBR4PEGY1K&gtm=45je67m0v9239287483za200zd9239287483&_p=1784939789332&gcd=13l3l3l3l1l1&npa=0&dma=0&ecid=1975567513&_eu=AAAAACQC&are=1&cid=918443917.1784939790&frm=0&ibt=1&ngs=1&pscdl=&rcb=2&sr=800x600&uaa=x86&uab=64&uafvl=Chromium%3B143.0.7499.169%7CNot%2520A(Brand%3B24.0.0.0&uam=&uamb=0&uap=Windows&uapv=10.0.0&uaw=0&ul=en-us&tag_exp=115938466~115938469~118897920~118897930~119724320~119896802&sid=1784939789&sct=1&seg=0&dl=https%3A%2F%2Flandlordheaven.co.uk%2Ftools%2Fhmo-license-checker&dt=HMO%20Licence%20Checker%20%7C%20England%20Landlords&_s=2&tfd=2619,POST,fetch,0,net::ERR_ABORTED,expected_aborted_prefetch,PASS
/tools/hmo-license-checker,tablet,https://landlordheaven.co.uk/standard-tenancy-agreement?_rsc=1119k,GET,fetch,0,net::ERR_ABORTED,expected_aborted_prefetch,PASS
/tools/hmo-license-checker,tablet,https://landlordheaven.co.uk/privacy?_rsc=1119k,GET,fetch,0,net::ERR_ABORTED,expected_aborted_prefetch,PASS
/tools/hmo-license-checker,tablet,https://landlordheaven.co.uk/cookies?_rsc=1119k,GET,fetch,0,net::ERR_ABORTED,expected_aborted_prefetch,PASS
/tools/hmo-license-checker,tablet,https://landlordheaven.co.uk/refunds?_rsc=1119k,GET,fetch,0,net::ERR_ABORTED,expected_aborted_prefetch,PASS
/tools/hmo-license-checker,tablet,https://landlordheaven.co.uk/about?_rsc=1119k,GET,fetch,0,net::ERR_ABORTED,expected_aborted_prefetch,PASS
/tools/hmo-license-checker,tablet,https://landlordheaven.co.uk/help?_rsc=1119k,GET,fetch,0,net::ERR_ABORTED,expected_aborted_prefetch,PASS
/tools/hmo-license-checker,tablet,https://landlordheaven.co.uk/section-8-notice?_rsc=1119k,GET,fetch,0,net::ERR_ABORTED,expected_aborted_prefetch,PASS
/tools/hmo-license-checker,tablet,https://landlordheaven.co.uk/samples?_rsc=1119k,GET,fetch,0,net::ERR_ABORTED,expected_aborted_prefetch,PASS
/tools/hmo-license-checker,tablet,https://landlordheaven.co.uk/blog?_rsc=1119k,GET,fetch,0,net::ERR_ABORTED,expected_aborted_prefetch,PASS
/tools/hmo-license-checker,tablet,https://landlordheaven.co.uk/lodger-agreement?_rsc=1119k,GET,fetch,0,net::ERR_ABORTED,expected_aborted_prefetch,PASS
/tools/hmo-license-checker,tablet,https://landlordheaven.co.uk/assisted-prep?_rsc=1119k,GET,fetch,0,net::ERR_ABORTED,expected_aborted_prefetch,PASS
/tools/hmo-license-checker,tablet,https://landlordheaven.co.uk/rent-increase?_rsc=1119k,GET,fetch,0,net::ERR_ABORTED,expected_aborted_prefetch,PASS
/tools/hmo-license-checker,tablet,https://landlordheaven.co.uk/products/complete-pack?_rsc=1119k,GET,fetch,0,net::ERR_ABORTED,expected_aborted_prefetch,PASS
/tools/hmo-license-checker,tablet,https://landlordheaven.co.uk/products/money-claim?_rsc=1119k,GET,fetch,0,net::ERR_ABORTED,expected_aborted_prefetch,PASS
/tools/hmo-license-checker,tablet,https://landlordheaven.co.uk/products/notice-only?_rsc=1119k,GET,fetch,0,net::ERR_ABORTED,expected_aborted_prefetch,PASS
/tools/hmo-license-checker,tablet,https://landlordheaven.co.uk/refunds?_rsc=11dmp,GET,fetch,0,net::ERR_ABORTED,expected_aborted_prefetch,PASS
/tools/hmo-license-checker,tablet,https://landlordheaven.co.uk/privacy?_rsc=11dmp,GET,fetch,0,net::ERR_ABORTED,expected_aborted_prefetch,PASS
/tools/hmo-license-checker,tablet,https://landlordheaven.co.uk/cookies?_rsc=11dmp,GET,fetch,0,net::ERR_ABORTED,expected_aborted_prefetch,PASS
/tools/hmo-license-checker,tablet,https://landlordheaven.co.uk/terms?_rsc=11dmp,GET,fetch,0,net::ERR_ABORTED,expected_aborted_prefetch,PASS
/tools/hmo-license-checker,tablet,https://landlordheaven.co.uk/help?_rsc=11dmp,GET,fetch,0,net::ERR_ABORTED,expected_aborted_prefetch,PASS
/tools/hmo-license-checker,tablet,https://landlordheaven.co.uk/contact?_rsc=11dmp,GET,fetch,0,net::ERR_ABORTED,expected_aborted_prefetch,PASS
/tools/hmo-license-checker,tablet,https://landlordheaven.co.uk/about?_rsc=11dmp,GET,fetch,0,net::ERR_ABORTED,expected_aborted_prefetch,PASS
/tools/hmo-license-checker,tablet,https://landlordheaven.co.uk/ask-heaven?_rsc=11dmp,GET,fetch,0,net::ERR_ABORTED,expected_aborted_prefetch,PASS
/tools/hmo-license-checker,tablet,https://landlordheaven.co.uk/tools?_rsc=11dmp,GET,fetch,0,net::ERR_ABORTED,expected_aborted_prefetch,PASS
/tools/hmo-license-checker,tablet,https://landlordheaven.co.uk/section-8-notice-generator?_rsc=1119k,GET,fetch,0,net::ERR_ABORTED,expected_aborted_prefetch,PASS
/tools/hmo-license-checker,tablet,https://landlordheaven.co.uk/tools/rent-arrears-calculator?_rsc=11dmp,GET,fetch,0,net::ERR_ABORTED,expected_aborted_prefetch,PASS
/tools/hmo-license-checker,tablet,https://landlordheaven.co.uk/eviction-notice-england?_rsc=11dmp,GET,fetch,0,net::ERR_ABORTED,expected_aborted_prefetch,PASS
/tools/hmo-license-checker,tablet,https://landlordheaven.co.uk/section-8-notice-generator?_rsc=11dmp,GET,fetch,0,net::ERR_ABORTED,expected_aborted_prefetch,PASS
/tools/hmo-license-checker,tablet,https://region1.analytics.google.com/g/collect?v=2&tid=G-TBR4PEGY1K&gtm=45je67m0v9239287483za200zd9239287483&_p=1784939789332&gcd=13l3l3l3l1l1&npa=0&dma=0&ecid=1975567513&_eu=AEAAACQC&ae=a&are=1&cid=918443917.1784939790&frm=0&ibt=1&ngs=1&pscdl=&rcb=2&sr=800x600&uaa=x86&uab=64&uafvl=Chromium%3B143.0.7499.169%7CNot%2520A(Brand%3B24.0.0.0&uam=&uamb=0&uap=Windows&uapv=10.0.0&uaw=0&ul=en-us&_s=3&tag_exp=115938466~115938469~118897920~118897930~119724320~119896802&sid=1784939789&sct=1&seg=0&dl=https%3A%2F%2Flandlordheaven.co.uk%2Ftools%2Fhmo-license-checker&dt=HMO%20Licence%20Checker%20%7C%20England%20Landlords&en=scroll&epn.percent_scrolled=90&_et=3&tfd=7624,POST,fetch,0,net::ERR_ABORTED,expected_aborted_prefetch,PASS
/tools/hmo-license-checker,tablet,https://landlordheaven.co.uk/hmo-shared-house-tenancy-agreement?_rsc=11dmp,GET,fetch,0,net::ERR_ABORTED,expected_aborted_prefetch,PASS
/tools/hmo-license-checker,tablet,https://landlordheaven.co.uk/standard-tenancy-agreement?_rsc=11dmp,GET,fetch,0,net::ERR_ABORTED,expected_aborted_prefetch,PASS
/tools/hmo-license-checker,tablet,https://landlordheaven.co.uk/premium-tenancy-agreement?_rsc=11dmp,GET,fetch,0,net::ERR_ABORTED,expected_aborted_prefetch,PASS
/tools/hmo-license-checker,tablet,https://landlordheaven.co.uk/student-tenancy-agreement?_rsc=11dmp,GET,fetch,0,net::ERR_ABORTED,expected_aborted_prefetch,PASS
/tools/hmo-license-checker,tablet,https://landlordheaven.co.uk/rent-increase?_rsc=11dmp,GET,fetch,0,net::ERR_ABORTED,expected_aborted_prefetch,PASS
/tools/hmo-license-checker,tablet,https://landlordheaven.co.uk/products/ast?_rsc=11dmp,GET,fetch,0,net::ERR_ABORTED,expected_aborted_prefetch,PASS
/tools/hmo-license-checker,tablet,https://landlordheaven.co.uk/assisted-prep?_rsc=11dmp,GET,fetch,0,net::ERR_ABORTED,expected_aborted_prefetch,PASS
/tools/hmo-license-checker,tablet,https://landlordheaven.co.uk/products/money-claim?_rsc=11dmp,GET,fetch,0,net::ERR_ABORTED,expected_aborted_prefetch,PASS
/tools/hmo-license-checker,tablet,https://landlordheaven.co.uk/products/notice-only?_rsc=11dmp,GET,fetch,0,net::ERR_ABORTED,expected_aborted_prefetch,PASS
/tools/hmo-license-checker,tablet,https://landlordheaven.co.uk/products/complete-pack?_rsc=11dmp,GET,fetch,0,net::ERR_ABORTED,expected_aborted_prefetch,PASS
/tools/hmo-license-checker,tablet,https://landlordheaven.co.uk/eviction-guides?_rsc=11dmp,GET,fetch,0,net::ERR_ABORTED,expected_aborted_prefetch,PASS
/tools/hmo-license-checker,tablet,https://landlordheaven.co.uk/blog?_rsc=11dmp,GET,fetch,0,net::ERR_ABORTED,expected_aborted_prefetch,PASS
/tools/hmo-license-checker,tablet,https://landlordheaven.co.uk/lodger-agreement?_rsc=11dmp,GET,fetch,0,net::ERR_ABORTED,expected_aborted_prefetch,PASS
/tools/hmo-license-checker,tablet,https://landlordheaven.co.uk/pricing?_rsc=11dmp,GET,fetch,0,net::ERR_ABORTED,expected_aborted_prefetch,PASS
/tools/hmo-license-checker,desktop,https://landlordheaven.co.uk/rent-increase?_rsc=1119k,GET,fetch,0,net::ERR_ABORTED,expected_aborted_prefetch,PASS
/tools/hmo-license-checker,desktop,https://landlordheaven.co.uk/products/notice-only?_rsc=1119k,GET,fetch,0,net::ERR_ABORTED,expected_aborted_prefetch,PASS
/tools/hmo-license-checker,desktop,https://landlordheaven.co.uk/products/ast?_rsc=1119k,GET,fetch,0,net::ERR_ABORTED,expected_aborted_prefetch,PASS
/tools/hmo-license-checker,desktop,https://landlordheaven.co.uk/?_rsc=1119k,GET,fetch,0,net::ERR_ABORTED,expected_aborted_prefetch,PASS
/tools/hmo-license-checker,desktop,https://landlordheaven.co.uk/rent-increase?_rsc=11dmp,GET,fetch,0,net::ERR_ABORTED,expected_aborted_prefetch,PASS
/tools/hmo-license-checker,desktop,https://landlordheaven.co.uk/assisted-prep?_rsc=11dmp,GET,fetch,0,net::ERR_ABORTED,expected_aborted_prefetch,PASS
/tools/hmo-license-checker,desktop,https://landlordheaven.co.uk/auth/login?_rsc=19pd1,GET,fetch,0,net::ERR_ABORTED,expected_aborted_prefetch,PASS
/tools/hmo-license-checker,desktop,https://landlordheaven.co.uk/products/money-claim?_rsc=11dmp,GET,fetch,0,net::ERR_ABORTED,expected_aborted_prefetch,PASS
/tools/hmo-license-checker,desktop,https://region1.analytics.google.com/g/collect?v=2&tid=G-TBR4PEGY1K&gtm=45je67m0v9239287483za200zd9239287483&_p=1784939801671&_gaz=1&gcd=13l3l3l3l1l1&npa=0&dma=0&ecid=1934160042&_eu=AAAAACAC&are=1&cid=502789783.1784939802&ec_mode=a&frm=0&ibt=1&ngs=1&pscdl=&rcb=9&sr=800x600&uaa=x86&uab=64&uafvl=Chromium%3B143.0.7499.169%7CNot%2520A(Brand%3B24.0.0.0&uam=&uamb=0&uap=Windows&uapv=10.0.0&uaw=0&ul=en-us&_s=1&tag_exp=115938466~115938468~118395333~118897920~118897930~119896803&sid=1784939802&sct=1&seg=0&dl=https%3A%2F%2Flandlordheaven.co.uk%2Ftools%2Fhmo-license-checker&dt=HMO%20Licence%20Checker%20%7C%20England%20Landlords&en=page_view&_fv=1&_nsi=1&_ss=1&_ee=1&tfd=1173,POST,fetch,0,net::ERR_ABORTED,expected_aborted_prefetch,PASS
/tools/hmo-license-checker,desktop,https://landlordheaven.co.uk/products/ast?_rsc=11dmp,GET,fetch,0,net::ERR_ABORTED,expected_aborted_prefetch,PASS
/tools/hmo-license-checker,desktop,https://landlordheaven.co.uk/products/notice-only?_rsc=11dmp,GET,fetch,0,net::ERR_ABORTED,expected_aborted_prefetch,PASS
/tools/hmo-license-checker,desktop,https://region1.analytics.google.com/g/collect?v=2&tid=G-TBR4PEGY1K&gtm=45je67m0v9239287483za200zd9239287483&_p=1784939801671&gcd=13l3l3l3l1l1&npa=0&dma=0&ecid=1934160042&_eu=AAAAACQC&are=1&cid=502789783.1784939802&frm=0&ibt=1&ngs=1&pscdl=&rcb=9&sr=800x600&uaa=x86&uab=64&uafvl=Chromium%3B143.0.7499.169%7CNot%2520A(Brand%3B24.0.0.0&uam=&uamb=0&uap=Windows&uapv=10.0.0&uaw=0&ul=en-us&tag_exp=115938466~115938468~118395333~118897920~118897930~119896803&sid=1784939802&sct=1&seg=0&dl=https%3A%2F%2Flandlordheaven.co.uk%2Ftools%2Fhmo-license-checker&dt=HMO%20Licence%20Checker%20%7C%20England%20Landlords&_s=2&tfd=2899,POST,fetch,0,net::ERR_ABORTED,expected_aborted_prefetch,PASS
/tools/hmo-license-checker,desktop,https://landlordheaven.co.uk/tools/rent-arrears-calculator?_rsc=1119k,GET,fetch,0,net::ERR_ABORTED,expected_aborted_prefetch,PASS
/tools/hmo-license-checker,desktop,https://landlordheaven.co.uk/eviction-notice-england?_rsc=1119k,GET,fetch,0,net::ERR_ABORTED,expected_aborted_prefetch,PASS
/tools/hmo-license-checker,desktop,https://landlordheaven.co.uk/refunds?_rsc=1119k,GET,fetch,0,net::ERR_ABORTED,expected_aborted_prefetch,PASS
/tools/hmo-license-checker,desktop,https://landlordheaven.co.uk/cookies?_rsc=1119k,GET,fetch,0,net::ERR_ABORTED,expected_aborted_prefetch,PASS
/tools/hmo-license-checker,desktop,https://landlordheaven.co.uk/privacy?_rsc=1119k,GET,fetch,0,net::ERR_ABORTED,expected_aborted_prefetch,PASS
/tools/hmo-license-checker,desktop,https://landlordheaven.co.uk/terms?_rsc=1119k,GET,fetch,0,net::ERR_ABORTED,expected_aborted_prefetch,PASS
/tools/hmo-license-checker,desktop,https://landlordheaven.co.uk/help?_rsc=1119k,GET,fetch,0,net::ERR_ABORTED,expected_aborted_prefetch,PASS
/tools/hmo-license-checker,desktop,https://landlordheaven.co.uk/contact?_rsc=1119k,GET,fetch,0,net::ERR_ABORTED,expected_aborted_prefetch,PASS
/tools/hmo-license-checker,desktop,https://landlordheaven.co.uk/about?_rsc=1119k,GET,fetch,0,net::ERR_ABORTED,expected_aborted_prefetch,PASS
/tools/hmo-license-checker,desktop,https://landlordheaven.co.uk/ask-heaven?_rsc=1119k,GET,fetch,0,net::ERR_ABORTED,expected_aborted_prefetch,PASS
/tools/hmo-license-checker,desktop,https://landlordheaven.co.uk/section-8-notice?_rsc=1119k,GET,fetch,0,net::ERR_ABORTED,expected_aborted_prefetch,PASS
/tools/hmo-license-checker,desktop,https://landlordheaven.co.uk/samples?_rsc=1119k,GET,fetch,0,net::ERR_ABORTED,expected_aborted_prefetch,PASS
/tools/hmo-license-checker,desktop,https://landlordheaven.co.uk/eviction-guides?_rsc=1119k,GET,fetch,0,net::ERR_ABORTED,expected_aborted_prefetch,PASS
/tools/hmo-license-checker,desktop,https://landlordheaven.co.uk/blog?_rsc=1119k,GET,fetch,0,net::ERR_ABORTED,expected_aborted_prefetch,PASS
/tools/hmo-license-checker,desktop,https://landlordheaven.co.uk/lodger-agreement?_rsc=1119k,GET,fetch,0,net::ERR_ABORTED,expected_aborted_prefetch,PASS
/tools/hmo-license-checker,desktop,https://landlordheaven.co.uk/hmo-shared-house-tenancy-agreement?_rsc=1119k,GET,fetch,0,net::ERR_ABORTED,expected_aborted_prefetch,PASS
/tools/hmo-license-checker,desktop,https://landlordheaven.co.uk/premium-tenancy-agreement?_rsc=1119k,GET,fetch,0,net::ERR_ABORTED,expected_aborted_prefetch,PASS
/tools/hmo-license-checker,desktop,https://landlordheaven.co.uk/pricing?_rsc=1119k,GET,fetch,0,net::ERR_ABORTED,expected_aborted_prefetch,PASS
/tools/hmo-license-checker,desktop,https://landlordheaven.co.uk/standard-tenancy-agreement?_rsc=1119k,GET,fetch,0,net::ERR_ABORTED,expected_aborted_prefetch,PASS
/tools/hmo-license-checker,desktop,https://landlordheaven.co.uk/products/complete-pack?_rsc=1119k,GET,fetch,0,net::ERR_ABORTED,expected_aborted_prefetch,PASS
/tools/hmo-license-checker,desktop,https://landlordheaven.co.uk/terms?_rsc=11dmp,GET,fetch,0,net::ERR_ABORTED,expected_aborted_prefetch,PASS
/tools/hmo-license-checker,desktop,https://landlordheaven.co.uk/refunds?_rsc=11dmp,GET,fetch,0,net::ERR_ABORTED,expected_aborted_prefetch,PASS
/tools/hmo-license-checker,desktop,https://landlordheaven.co.uk/cookies?_rsc=11dmp,GET,fetch,0,net::ERR_ABORTED,expected_aborted_prefetch,PASS
/tools/hmo-license-checker,desktop,https://landlordheaven.co.uk/privacy?_rsc=11dmp,GET,fetch,0,net::ERR_ABORTED,expected_aborted_prefetch,PASS
/tools/hmo-license-checker,desktop,https://landlordheaven.co.uk/help?_rsc=11dmp,GET,fetch,0,net::ERR_ABORTED,expected_aborted_prefetch,PASS
/tools/hmo-license-checker,desktop,https://landlordheaven.co.uk/contact?_rsc=11dmp,GET,fetch,0,net::ERR_ABORTED,expected_aborted_prefetch,PASS
/tools/hmo-license-checker,desktop,https://landlordheaven.co.uk/about?_rsc=11dmp,GET,fetch,0,net::ERR_ABORTED,expected_aborted_prefetch,PASS
/tools/hmo-license-checker,desktop,https://landlordheaven.co.uk/ask-heaven?_rsc=11dmp,GET,fetch,0,net::ERR_ABORTED,expected_aborted_prefetch,PASS
/tools/hmo-license-checker,desktop,https://landlordheaven.co.uk/eviction-guides?_rsc=11dmp,GET,fetch,0,net::ERR_ABORTED,expected_aborted_prefetch,PASS
/tools/hmo-license-checker,desktop,https://landlordheaven.co.uk/student-tenancy-agreement?_rsc=11dmp,GET,fetch,0,net::ERR_ABORTED,expected_aborted_prefetch,PASS
/tools/hmo-license-checker,desktop,https://landlordheaven.co.uk/lodger-agreement?_rsc=11dmp,GET,fetch,0,net::ERR_ABORTED,expected_aborted_prefetch,PASS
/tools/hmo-license-checker,desktop,https://landlordheaven.co.uk/blog?_rsc=11dmp,GET,fetch,0,net::ERR_ABORTED,expected_aborted_prefetch,PASS
/tools/hmo-license-checker,desktop,https://landlordheaven.co.uk/hmo-shared-house-tenancy-agreement?_rsc=11dmp,GET,fetch,0,net::ERR_ABORTED,expected_aborted_prefetch,PASS
/tools/hmo-license-checker,desktop,https://landlordheaven.co.uk/pricing?_rsc=11dmp,GET,fetch,0,net::ERR_ABORTED,expected_aborted_prefetch,PASS
/tools/hmo-license-checker,desktop,https://landlordheaven.co.uk/products/complete-pack?_rsc=11dmp,GET,fetch,0,net::ERR_ABORTED,expected_aborted_prefetch,PASS
/tools/hmo-license-checker,desktop,https://landlordheaven.co.uk/premium-tenancy-agreement?_rsc=11dmp,GET,fetch,0,net::ERR_ABORTED,expected_aborted_prefetch,PASS
/tools/hmo-license-checker,desktop,https://landlordheaven.co.uk/standard-tenancy-agreement?_rsc=11dmp,GET,fetch,0,net::ERR_ABORTED,expected_aborted_prefetch,PASS
/tools/rent-arrears-calculator,mobile,https://landlordheaven.co.uk/tools/rent-arrears-calculator?_rsc=h9m4o,GET,fetch,0,net::ERR_ABORTED,expected_aborted_prefetch,PASS
/tools/rent-arrears-calculator,mobile,https://landlordheaven.co.uk/products/money-claim?_rsc=h9m4o,GET,fetch,0,net::ERR_ABORTED,expected_aborted_prefetch,PASS
/tools/rent-arrears-calculator,mobile,https://landlordheaven.co.uk/?_rsc=h9m4o,GET,fetch,0,net::ERR_ABORTED,expected_aborted_prefetch,PASS
/tools/rent-arrears-calculator,mobile,https://region1.analytics.google.com/g/collect?v=2&tid=G-TBR4PEGY1K&gtm=45je67m0v9239287483za200zd9239287483&_p=1784939812317&_gaz=1&gcd=13l3l3l3l1l1&npa=0&dma=0&ecid=1278356585&_eu=AAAAACAC&are=1&cid=109256214.1784939813&ec_mode=a&frm=0&ibt=1&ngs=1&pscdl=&rcb=19&sr=390x844&uaa=x86&uab=64&uafvl=Chromium%3B143.0.7499.169%7CNot%2520A(Brand%3B24.0.0.0&uam=&uamb=0&uap=Windows&uapv=10.0.0&uaw=0&ul=en-us&_s=1&tag_exp=115938466~115938469~118897920~118897930~119896803&sid=1784939812&sct=1&seg=0&dl=https%3A%2F%2Flandlordheaven.co.uk%2Ftools%2Frent-arrears-calculator&dt=Rent%20Arrears%20Calculator%20%7C%20UK%20Landlords&en=page_view&_fv=1&_nsi=1&_ss=1&_ee=1&tfd=1226,POST,fetch,0,net::ERR_ABORTED,expected_aborted_prefetch,PASS
/tools/rent-arrears-calculator,mobile,https://region1.analytics.google.com/g/collect?v=2&tid=G-TBR4PEGY1K&gtm=45je67m0v9239287483za200zd9239287483&_p=1784939812317&gcd=13l3l3l3l1l1&npa=0&dma=0&ecid=1278356585&_eu=AAAAACQC&are=1&cid=109256214.1784939813&frm=0&ibt=1&ngs=1&pscdl=&rcb=19&sr=390x844&uaa=x86&uab=64&uafvl=Chromium%3B143.0.7499.169%7CNot%2520A(Brand%3B24.0.0.0&uam=&uamb=0&uap=Windows&uapv=10.0.0&uaw=0&ul=en-us&tag_exp=115938466~115938469~118897920~118897930~119896803&sid=1784939812&sct=1&seg=0&dl=https%3A%2F%2Flandlordheaven.co.uk%2Ftools%2Frent-arrears-calculator&dt=Rent%20Arrears%20Calculator%20%7C%20UK%20Landlords&_s=2&tfd=3085,POST,fetch,0,net::ERR_ABORTED,expected_aborted_prefetch,PASS
/tools/rent-arrears-calculator,mobile,https://landlordheaven.co.uk/standard-tenancy-agreement?_rsc=1dh2m,GET,fetch,0,net::ERR_ABORTED,expected_aborted_prefetch,PASS
/tools/rent-arrears-calculator,mobile,https://landlordheaven.co.uk/products/ast?_rsc=1dh2m,GET,fetch,0,net::ERR_ABORTED,expected_aborted_prefetch,PASS
/tools/rent-arrears-calculator,mobile,https://landlordheaven.co.uk/rent-increase?_rsc=1dh2m,GET,fetch,0,net::ERR_ABORTED,expected_aborted_prefetch,PASS
/tools/rent-arrears-calculator,mobile,https://landlordheaven.co.uk/pricing?_rsc=1dh2m,GET,fetch,0,net::ERR_ABORTED,expected_aborted_prefetch,PASS
/tools/rent-arrears-calculator,mobile,https://landlordheaven.co.uk/cookies?_rsc=1dh2m,GET,fetch,0,net::ERR_ABORTED,expected_aborted_prefetch,PASS
/tools/rent-arrears-calculator,mobile,https://landlordheaven.co.uk/privacy?_rsc=1dh2m,GET,fetch,0,net::ERR_ABORTED,expected_aborted_prefetch,PASS
/tools/rent-arrears-calculator,mobile,https://landlordheaven.co.uk/refunds?_rsc=1dh2m,GET,fetch,0,net::ERR_ABORTED,expected_aborted_prefetch,PASS
/tools/rent-arrears-calculator,mobile,https://landlordheaven.co.uk/terms?_rsc=1dh2m,GET,fetch,0,net::ERR_ABORTED,expected_aborted_prefetch,PASS
/tools/rent-arrears-calculator,mobile,https://landlordheaven.co.uk/contact?_rsc=1dh2m,GET,fetch,0,net::ERR_ABORTED,expected_aborted_prefetch,PASS
/tools/rent-arrears-calculator,mobile,https://landlordheaven.co.uk/ask-heaven?_rsc=1dh2m,GET,fetch,0,net::ERR_ABORTED,expected_aborted_prefetch,PASS
/tools/rent-arrears-calculator,mobile,https://landlordheaven.co.uk/about?_rsc=1dh2m,GET,fetch,0,net::ERR_ABORTED,expected_aborted_prefetch,PASS
/tools/rent-arrears-calculator,mobile,https://landlordheaven.co.uk/help?_rsc=1dh2m,GET,fetch,0,net::ERR_ABORTED,expected_aborted_prefetch,PASS
/tools/rent-arrears-calculator,mobile,https://landlordheaven.co.uk/eviction-guides?_rsc=1dh2m,GET,fetch,0,net::ERR_ABORTED,expected_aborted_prefetch,PASS
/tools/rent-arrears-calculator,mobile,https://landlordheaven.co.uk/tools?_rsc=1dh2m,GET,fetch,0,net::ERR_ABORTED,expected_aborted_prefetch,PASS
/tools/rent-arrears-calculator,mobile,https://landlordheaven.co.uk/samples?_rsc=1dh2m,GET,fetch,0,net::ERR_ABORTED,expected_aborted_prefetch,PASS
/tools/rent-arrears-calculator,mobile,https://landlordheaven.co.uk/section-8-notice?_rsc=1dh2m,GET,fetch,0,net::ERR_ABORTED,expected_aborted_prefetch,PASS
/tools/rent-arrears-calculator,mobile,https://landlordheaven.co.uk/lodger-agreement?_rsc=1dh2m,GET,fetch,0,net::ERR_ABORTED,expected_aborted_prefetch,PASS
/tools/rent-arrears-calculator,mobile,https://landlordheaven.co.uk/blog?_rsc=1dh2m,GET,fetch,0,net::ERR_ABORTED,expected_aborted_prefetch,PASS
/tools/rent-arrears-calculator,mobile,https://landlordheaven.co.uk/premium-tenancy-agreement?_rsc=1dh2m,GET,fetch,0,net::ERR_ABORTED,expected_aborted_prefetch,PASS
/tools/rent-arrears-calculator,mobile,https://landlordheaven.co.uk/refunds?_rsc=h9m4o,GET,fetch,0,net::ERR_ABORTED,expected_aborted_prefetch,PASS
/tools/rent-arrears-calculator,mobile,https://landlordheaven.co.uk/cookies?_rsc=h9m4o,GET,fetch,0,net::ERR_ABORTED,expected_aborted_prefetch,PASS
/tools/rent-arrears-calculator,mobile,https://landlordheaven.co.uk/privacy?_rsc=h9m4o,GET,fetch,0,net::ERR_ABORTED,expected_aborted_prefetch,PASS
/tools/rent-arrears-calculator,mobile,https://landlordheaven.co.uk/terms?_rsc=h9m4o,GET,fetch,0,net::ERR_ABORTED,expected_aborted_prefetch,PASS
/tools/rent-arrears-calculator,mobile,https://landlordheaven.co.uk/help?_rsc=h9m4o,GET,fetch,0,net::ERR_ABORTED,expected_aborted_prefetch,PASS
/tools/rent-arrears-calculator,mobile,https://landlordheaven.co.uk/contact?_rsc=h9m4o,GET,fetch,0,net::ERR_ABORTED,expected_aborted_prefetch,PASS
/tools/rent-arrears-calculator,mobile,https://landlordheaven.co.uk/about?_rsc=h9m4o,GET,fetch,0,net::ERR_ABORTED,expected_aborted_prefetch,PASS
/tools/rent-arrears-calculator,mobile,https://landlordheaven.co.uk/section-8-notice?_rsc=h9m4o,GET,fetch,0,net::ERR_ABORTED,expected_aborted_prefetch,PASS
/tools/rent-arrears-calculator,mobile,https://landlordheaven.co.uk/ask-heaven?_rsc=h9m4o,GET,fetch,0,net::ERR_ABORTED,expected_aborted_prefetch,PASS
/tools/rent-arrears-calculator,mobile,https://landlordheaven.co.uk/samples?_rsc=h9m4o,GET,fetch,0,net::ERR_ABORTED,expected_aborted_prefetch,PASS
/tools/rent-arrears-calculator,mobile,https://landlordheaven.co.uk/tools?_rsc=h9m4o,GET,fetch,0,net::ERR_ABORTED,expected_aborted_prefetch,PASS
/tools/rent-arrears-calculator,mobile,https://landlordheaven.co.uk/eviction-guides?_rsc=h9m4o,GET,fetch,0,net::ERR_ABORTED,expected_aborted_prefetch,PASS
/tools/rent-arrears-calculator,mobile,https://landlordheaven.co.uk/blog?_rsc=h9m4o,GET,fetch,0,net::ERR_ABORTED,expected_aborted_prefetch,PASS
/tools/rent-arrears-calculator,mobile,https://region1.analytics.google.com/g/collect?v=2&tid=G-TBR4PEGY1K&gtm=45je67m0v9239287483za200zd9239287483&_p=1784939812317&gcd=13l3l3l3l1l1&npa=0&dma=0&ecid=1278356585&_eu=AEAAACQC&ae=a&are=1&cid=109256214.1784939813&frm=0&ibt=1&ngs=1&pscdl=&rcb=19&sr=390x844&uaa=x86&uab=64&uafvl=Chromium%3B143.0.7499.169%7CNot%2520A(Brand%3B24.0.0.0&uam=&uamb=0&uap=Windows&uapv=10.0.0&uaw=0&ul=en-us&_s=3&tag_exp=115938466~115938469~118897920~118897930~119896803&sid=1784939812&sct=1&seg=0&dl=https%3A%2F%2Flandlordheaven.co.uk%2Ftools%2Frent-arrears-calculator&dt=Rent%20Arrears%20Calculator%20%7C%20UK%20Landlords&en=scroll&epn.percent_scrolled=90&_et=2&tfd=8097,POST,fetch,0,net::ERR_ABORTED,expected_aborted_prefetch,PASS
/tools/rent-arrears-calculator,tablet,https://landlordheaven.co.uk/?_rsc=1dh2m,GET,fetch,0,net::ERR_ABORTED,expected_aborted_prefetch,PASS
/tools/rent-arrears-calculator,tablet,https://region1.analytics.google.com/g/collect?v=2&tid=G-TBR4PEGY1K&gtm=45je67m1h2v9239287483za200zd9239287483&_p=1784939833518&_gaz=1&gcd=13l3l3l3l1l1&npa=0&dma=0&ecid=1997151719&_eu=AAAAACAC&are=1&cid=1050923872.1784939834&ec_mode=a&frm=0&ibt=1&ngs=1&pscdl=&rcb=9&sr=800x600&uaa=x86&uab=64&uafvl=Chromium%3B143.0.7499.169%7CNot%2520A(Brand%3B24.0.0.0&uam=&uamb=0&uap=Windows&uapv=10.0.0&uaw=0&ul=en-us&_s=1&tag_exp=115938466~115938468~118897920~118897930~119896803&sid=1784939833&sct=1&seg=0&dl=https%3A%2F%2Flandlordheaven.co.uk%2Ftools%2Frent-arrears-calculator&dt=Rent%20Arrears%20Calculator%20%7C%20UK%20Landlords&en=page_view&_fv=1&_nsi=1&_ss=1&_ee=1&tfd=1660,POST,fetch,0,net::ERR_ABORTED,expected_aborted_prefetch,PASS
/tools/rent-arrears-calculator,tablet,https://landlordheaven.co.uk/lodger-agreement?_rsc=1dh2m,GET,fetch,0,net::ERR_ABORTED,expected_aborted_prefetch,PASS
/tools/rent-arrears-calculator,tablet,https://landlordheaven.co.uk/premium-tenancy-agreement?_rsc=1dh2m,GET,fetch,0,net::ERR_ABORTED,expected_aborted_prefetch,PASS
/tools/rent-arrears-calculator,tablet,https://landlordheaven.co.uk/hmo-shared-house-tenancy-agreement?_rsc=1dh2m,GET,fetch,0,net::ERR_ABORTED,expected_aborted_prefetch,PASS
/tools/rent-arrears-calculator,tablet,https://landlordheaven.co.uk/student-tenancy-agreement?_rsc=1dh2m,GET,fetch,0,net::ERR_ABORTED,expected_aborted_prefetch,PASS
/tools/rent-arrears-calculator,tablet,https://region1.analytics.google.com/g/collect?v=2&tid=G-TBR4PEGY1K&gtm=45je67m1h2v9239287483za200zd9239287483&_p=1784939833518&gcd=13l3l3l3l1l1&npa=0&dma=0&ecid=1997151719&_eu=AAAAACQC&are=1&cid=1050923872.1784939834&frm=0&ibt=1&ngs=1&pscdl=&rcb=9&sr=800x600&uaa=x86&uab=64&uafvl=Chromium%3B143.0.7499.169%7CNot%2520A(Brand%3B24.0.0.0&uam=&uamb=0&uap=Windows&uapv=10.0.0&uaw=0&ul=en-us&tag_exp=115938466~115938468~118897920~118897930~119896803&sid=1784939833&sct=1&seg=0&dl=https%3A%2F%2Flandlordheaven.co.uk%2Ftools%2Frent-arrears-calculator&dt=Rent%20Arrears%20Calculator%20%7C%20UK%20Landlords&_s=2&tfd=3303,POST,fetch,0,net::ERR_ABORTED,expected_aborted_prefetch,PASS
/tools/rent-arrears-calculator,tablet,https://landlordheaven.co.uk/refunds?_rsc=1dh2m,GET,fetch,0,net::ERR_ABORTED,expected_aborted_prefetch,PASS
/tools/rent-arrears-calculator,tablet,https://landlordheaven.co.uk/privacy?_rsc=1dh2m,GET,fetch,0,net::ERR_ABORTED,expected_aborted_prefetch,PASS
/tools/rent-arrears-calculator,tablet,https://landlordheaven.co.uk/terms?_rsc=1dh2m,GET,fetch,0,net::ERR_ABORTED,expected_aborted_prefetch,PASS
/tools/rent-arrears-calculator,tablet,https://landlordheaven.co.uk/cookies?_rsc=1dh2m,GET,fetch,0,net::ERR_ABORTED,expected_aborted_prefetch,PASS
/tools/rent-arrears-calculator,tablet,https://landlordheaven.co.uk/help?_rsc=1dh2m,GET,fetch,0,net::ERR_ABORTED,expected_aborted_prefetch,PASS
/tools/rent-arrears-calculator,tablet,https://landlordheaven.co.uk/about?_rsc=1dh2m,GET,fetch,0,net::ERR_ABORTED,expected_aborted_prefetch,PASS
/tools/rent-arrears-calculator,tablet,https://landlordheaven.co.uk/contact?_rsc=1dh2m,GET,fetch,0,net::ERR_ABORTED,expected_aborted_prefetch,PASS
/tools/rent-arrears-calculator,tablet,https://landlordheaven.co.uk/ask-heaven?_rsc=1dh2m,GET,fetch,0,net::ERR_ABORTED,expected_aborted_prefetch,PASS
/tools/rent-arrears-calculator,tablet,https://landlordheaven.co.uk/section-8-notice?_rsc=1dh2m,GET,fetch,0,net::ERR_ABORTED,expected_aborted_prefetch,PASS
/tools/rent-arrears-calculator,tablet,https://landlordheaven.co.uk/samples?_rsc=1dh2m,GET,fetch,0,net::ERR_ABORTED,expected_aborted_prefetch,PASS
/tools/rent-arrears-calculator,tablet,https://landlordheaven.co.uk/tools?_rsc=1dh2m,GET,fetch,0,net::ERR_ABORTED,expected_aborted_prefetch,PASS
/tools/rent-arrears-calculator,tablet,https://landlordheaven.co.uk/eviction-guides?_rsc=1dh2m,GET,fetch,0,net::ERR_ABORTED,expected_aborted_prefetch,PASS
/tools/rent-arrears-calculator,tablet,https://landlordheaven.co.uk/blog?_rsc=1dh2m,GET,fetch,0,net::ERR_ABORTED,expected_aborted_prefetch,PASS
/tools/rent-arrears-calculator,tablet,https://landlordheaven.co.uk/standard-tenancy-agreement?_rsc=1dh2m,GET,fetch,0,net::ERR_ABORTED,expected_aborted_prefetch,PASS
/tools/rent-arrears-calculator,tablet,https://landlordheaven.co.uk/products/ast?_rsc=1dh2m,GET,fetch,0,net::ERR_ABORTED,expected_aborted_prefetch,PASS
/tools/rent-arrears-calculator,tablet,https://landlordheaven.co.uk/pricing?_rsc=1dh2m,GET,fetch,0,net::ERR_ABORTED,expected_aborted_prefetch,PASS
/tools/rent-arrears-calculator,tablet,https://landlordheaven.co.uk/assisted-prep?_rsc=1dh2m,GET,fetch,0,net::ERR_ABORTED,expected_aborted_prefetch,PASS
/tools/rent-arrears-calculator,tablet,https://landlordheaven.co.uk/products/complete-pack?_rsc=1dh2m,GET,fetch,0,net::ERR_ABORTED,expected_aborted_prefetch,PASS
/tools/rent-arrears-calculator,tablet,https://landlordheaven.co.uk/rent-increase?_rsc=1dh2m,GET,fetch,0,net::ERR_ABORTED,expected_aborted_prefetch,PASS
/tools/rent-arrears-calculator,tablet,https://landlordheaven.co.uk/cookies?_rsc=h9m4o,GET,fetch,0,net::ERR_ABORTED,expected_aborted_prefetch,PASS
/tools/rent-arrears-calculator,tablet,https://landlordheaven.co.uk/products/notice-only?_rsc=1dh2m,GET,fetch,0,net::ERR_ABORTED,expected_aborted_prefetch,PASS
/tools/rent-arrears-calculator,tablet,https://landlordheaven.co.uk/section-8-notice-generator?_rsc=1dh2m,GET,fetch,0,net::ERR_ABORTED,expected_aborted_prefetch,PASS
/tools/rent-arrears-calculator,tablet,https://landlordheaven.co.uk/refunds?_rsc=h9m4o,GET,fetch,0,net::ERR_ABORTED,expected_aborted_prefetch,PASS
/tools/rent-arrears-calculator,tablet,https://landlordheaven.co.uk/terms?_rsc=h9m4o,GET,fetch,0,net::ERR_ABORTED,expected_aborted_prefetch,PASS
/tools/rent-arrears-calculator,tablet,https://landlordheaven.co.uk/privacy?_rsc=h9m4o,GET,fetch,0,net::ERR_ABORTED,expected_aborted_prefetch,PASS
/tools/rent-arrears-calculator,tablet,https://landlordheaven.co.uk/help?_rsc=h9m4o,GET,fetch,0,net::ERR_ABORTED,expected_aborted_prefetch,PASS
/tools/rent-arrears-calculator,tablet,https://landlordheaven.co.uk/contact?_rsc=h9m4o,GET,fetch,0,net::ERR_ABORTED,expected_aborted_prefetch,PASS
/tools/rent-arrears-calculator,desktop,https://landlordheaven.co.uk/assisted-prep?_rsc=1dh2m,GET,fetch,0,net::ERR_ABORTED,expected_aborted_prefetch,PASS
/tools/rent-arrears-calculator,desktop,https://landlordheaven.co.uk/products/notice-only?_rsc=1dh2m,GET,fetch,0,net::ERR_ABORTED,expected_aborted_prefetch,PASS
/tools/rent-arrears-calculator,desktop,https://landlordheaven.co.uk/products/ast?_rsc=1dh2m,GET,fetch,0,net::ERR_ABORTED,expected_aborted_prefetch,PASS
/tools/rent-arrears-calculator,desktop,https://landlordheaven.co.uk/auth/login?_rsc=1e8on,GET,fetch,0,net::ERR_ABORTED,expected_aborted_prefetch,PASS
/tools/rent-arrears-calculator,desktop,https://landlordheaven.co.uk/products/notice-only?_rsc=h9m4o,GET,fetch,0,net::ERR_ABORTED,expected_aborted_prefetch,PASS
/tools/rent-arrears-calculator,desktop,https://region1.analytics.google.com/g/collect?v=2&tid=G-TBR4PEGY1K&gtm=45je67m0v9239287483za200zd9239287483&_p=1784939841158&_gaz=1&gcd=13l3l3l3l1l1&npa=0&dma=0&ecid=466213235&_eu=AAAAACAC&are=1&cid=1208282370.1784939842&ec_mode=a&frm=0&ibt=1&ngs=1&pscdl=&rcb=16&sr=800x600&uaa=x86&uab=64&uafvl=Chromium%3B143.0.7499.169%7CNot%2520A(Brand%3B24.0.0.0&uam=&uamb=0&uap=Windows&uapv=10.0.0&uaw=0&ul=en-us&_s=1&tag_exp=115938466~115938469~118897920~118897930~119724321~119896803&sid=1784939841&sct=1&seg=0&dl=https%3A%2F%2Flandlordheaven.co.uk%2Ftools%2Frent-arrears-calculator&dt=Rent%20Arrears%20Calculator%20%7C%20UK%20Landlords&en=page_view&_fv=1&_nsi=1&_ss=1&_ee=1&tfd=1489,POST,fetch,0,net::ERR_ABORTED,expected_aborted_prefetch,PASS
/tools/rent-arrears-calculator,desktop,https://landlordheaven.co.uk/rent-increase?_rsc=h9m4o,GET,fetch,0,net::ERR_ABORTED,expected_aborted_prefetch,PASS
/tools/rent-arrears-calculator,desktop,https://landlordheaven.co.uk/tools?_rsc=h9m4o,GET,fetch,0,net::ERR_ABORTED,expected_aborted_prefetch,PASS
/tools/rent-arrears-calculator,desktop,https://landlordheaven.co.uk/?_rsc=h9m4o,GET,fetch,0,net::ERR_ABORTED,expected_aborted_prefetch,PASS
/tools/rent-arrears-calculator,desktop,https://landlordheaven.co.uk/products/ast?_rsc=h9m4o,GET,fetch,0,net::ERR_ABORTED,expected_aborted_prefetch,PASS
/tools/rent-arrears-calculator,desktop,https://region1.analytics.google.com/g/collect?v=2&tid=G-TBR4PEGY1K&gtm=45je67m0v9239287483za200zd9239287483&_p=1784939841158&gcd=13l3l3l3l1l1&npa=0&dma=0&ecid=466213235&_eu=AAAAACQC&are=1&cid=1208282370.1784939842&frm=0&ibt=1&ngs=1&pscdl=&rcb=16&sr=800x600&uaa=x86&uab=64&uafvl=Chromium%3B143.0.7499.169%7CNot%2520A(Brand%3B24.0.0.0&uam=&uamb=0&uap=Windows&uapv=10.0.0&uaw=0&ul=en-us&tag_exp=115938466~115938469~118897920~118897930~119724321~119896803&sid=1784939841&sct=1&seg=0&dl=https%3A%2F%2Flandlordheaven.co.uk%2Ftools%2Frent-arrears-calculator&dt=Rent%20Arrears%20Calculator%20%7C%20UK%20Landlords&_s=2&tfd=3914,POST,fetch,0,net::ERR_ABORTED,expected_aborted_prefetch,PASS
/tools/rent-arrears-calculator,desktop,https://landlordheaven.co.uk/privacy?_rsc=1dh2m,GET,fetch,0,net::ERR_ABORTED,expected_aborted_prefetch,PASS
/tools/rent-arrears-calculator,desktop,https://landlordheaven.co.uk/refunds?_rsc=1dh2m,GET,fetch,0,net::ERR_ABORTED,expected_aborted_prefetch,PASS
/tools/rent-arrears-calculator,desktop,https://landlordheaven.co.uk/terms?_rsc=1dh2m,GET,fetch,0,net::ERR_ABORTED,expected_aborted_prefetch,PASS
/tools/rent-arrears-calculator,desktop,https://landlordheaven.co.uk/cookies?_rsc=1dh2m,GET,fetch,0,net::ERR_ABORTED,expected_aborted_prefetch,PASS
/tools/rent-arrears-calculator,desktop,https://landlordheaven.co.uk/about?_rsc=1dh2m,GET,fetch,0,net::ERR_ABORTED,expected_aborted_prefetch,PASS
/tools/rent-arrears-calculator,desktop,https://landlordheaven.co.uk/contact?_rsc=1dh2m,GET,fetch,0,net::ERR_ABORTED,expected_aborted_prefetch,PASS
/tools/rent-arrears-calculator,desktop,https://landlordheaven.co.uk/ask-heaven?_rsc=1dh2m,GET,fetch,0,net::ERR_ABORTED,expected_aborted_prefetch,PASS
/tools/rent-arrears-calculator,desktop,https://landlordheaven.co.uk/help?_rsc=1dh2m,GET,fetch,0,net::ERR_ABORTED,expected_aborted_prefetch,PASS
/tools/rent-arrears-calculator,desktop,https://landlordheaven.co.uk/samples?_rsc=1dh2m,GET,fetch,0,net::ERR_ABORTED,expected_aborted_prefetch,PASS
/tools/rent-arrears-calculator,desktop,https://landlordheaven.co.uk/section-8-notice?_rsc=1dh2m,GET,fetch,0,net::ERR_ABORTED,expected_aborted_prefetch,PASS
/tools/rent-arrears-calculator,desktop,https://landlordheaven.co.uk/blog?_rsc=1dh2m,GET,fetch,0,net::ERR_ABORTED,expected_aborted_prefetch,PASS
/tools/rent-arrears-calculator,desktop,https://landlordheaven.co.uk/hmo-shared-house-tenancy-agreement?_rsc=1dh2m,GET,fetch,0,net::ERR_ABORTED,expected_aborted_prefetch,PASS
/tools/rent-arrears-calculator,desktop,https://landlordheaven.co.uk/lodger-agreement?_rsc=1dh2m,GET,fetch,0,net::ERR_ABORTED,expected_aborted_prefetch,PASS
/tools/rent-arrears-calculator,desktop,https://landlordheaven.co.uk/eviction-guides?_rsc=1dh2m,GET,fetch,0,net::ERR_ABORTED,expected_aborted_prefetch,PASS
/tools/rent-arrears-calculator,desktop,https://landlordheaven.co.uk/premium-tenancy-agreement?_rsc=1dh2m,GET,fetch,0,net::ERR_ABORTED,expected_aborted_prefetch,PASS
/tools/rent-arrears-calculator,desktop,https://landlordheaven.co.uk/student-tenancy-agreement?_rsc=1dh2m,GET,fetch,0,net::ERR_ABORTED,expected_aborted_prefetch,PASS
/tools/rent-arrears-calculator,desktop,https://landlordheaven.co.uk/standard-tenancy-agreement?_rsc=1dh2m,GET,fetch,0,net::ERR_ABORTED,expected_aborted_prefetch,PASS
/tools/rent-arrears-calculator,desktop,https://landlordheaven.co.uk/products/complete-pack?_rsc=1dh2m,GET,fetch,0,net::ERR_ABORTED,expected_aborted_prefetch,PASS
/tools/rent-arrears-calculator,desktop,https://landlordheaven.co.uk/section-8-notice-generator?_rsc=1dh2m,GET,fetch,0,net::ERR_ABORTED,expected_aborted_prefetch,PASS
/tools/rent-arrears-calculator,desktop,https://landlordheaven.co.uk/pricing?_rsc=1dh2m,GET,fetch,0,net::ERR_ABORTED,expected_aborted_prefetch,PASS
/tools/rent-arrears-calculator,desktop,https://landlordheaven.co.uk/refunds?_rsc=h9m4o,GET,fetch,0,net::ERR_ABORTED,expected_aborted_prefetch,PASS
/tools/rent-arrears-calculator,desktop,https://landlordheaven.co.uk/blog/rent-arrears-eviction-guide?_rsc=1dh2m,GET,fetch,0,net::ERR_ABORTED,expected_aborted_prefetch,PASS
/tools/rent-arrears-calculator,desktop,https://landlordheaven.co.uk/privacy?_rsc=h9m4o,GET,fetch,0,net::ERR_ABORTED,expected_aborted_prefetch,PASS
/tools/rent-arrears-calculator,desktop,https://landlordheaven.co.uk/terms?_rsc=h9m4o,GET,fetch,0,net::ERR_ABORTED,expected_aborted_prefetch,PASS
/tools/rent-arrears-calculator,desktop,https://landlordheaven.co.uk/help?_rsc=h9m4o,GET,fetch,0,net::ERR_ABORTED,expected_aborted_prefetch,PASS
/tools/rent-arrears-calculator,desktop,https://landlordheaven.co.uk/blog/rent-arrears-eviction-guide?_rsc=h9m4o,GET,fetch,0,net::ERR_ABORTED,expected_aborted_prefetch,PASS
/tools/rent-arrears-calculator,desktop,https://landlordheaven.co.uk/contact?_rsc=h9m4o,GET,fetch,0,net::ERR_ABORTED,expected_aborted_prefetch,PASS
/tools/rent-arrears-calculator,desktop,https://landlordheaven.co.uk/section-8-notice?_rsc=h9m4o,GET,fetch,0,net::ERR_ABORTED,expected_aborted_prefetch,PASS
/tools/rent-arrears-calculator,desktop,https://landlordheaven.co.uk/ask-heaven?_rsc=h9m4o,GET,fetch,0,net::ERR_ABORTED,expected_aborted_prefetch,PASS
/tools/rent-arrears-calculator,desktop,https://landlordheaven.co.uk/samples?_rsc=h9m4o,GET,fetch,0,net::ERR_ABORTED,expected_aborted_prefetch,PASS
/tools/rent-arrears-calculator,desktop,https://landlordheaven.co.uk/eviction-guides?_rsc=h9m4o,GET,fetch,0,net::ERR_ABORTED,expected_aborted_prefetch,PASS
/tools/rent-arrears-calculator,desktop,https://region1.analytics.google.com/g/collect?v=2&tid=G-TBR4PEGY1K&gtm=45je67m0v9239287483za200zd9239287483&_p=1784939841158&gcd=13l3l3l3l1l1&npa=0&dma=0&ecid=466213235&_eu=AEAAACQC&ae=a&are=1&cid=1208282370.1784939842&frm=0&ibt=1&ngs=1&pscdl=&rcb=16&sr=800x600&uaa=x86&uab=64&uafvl=Chromium%3B143.0.7499.169%7CNot%2520A(Brand%3B24.0.0.0&uam=&uamb=0&uap=Windows&uapv=10.0.0&uaw=0&ul=en-us&_s=3&tag_exp=115938466~115938469~118897920~118897930~119724321~119896803&sid=1784939841&sct=1&seg=0&dl=https%3A%2F%2Flandlordheaven.co.uk%2Ftools%2Frent-arrears-calculator&dt=Rent%20Arrears%20Calculator%20%7C%20UK%20Landlords&en=scroll&epn.percent_scrolled=90&_et=2&tfd=8915,POST,fetch,0,net::ERR_ABORTED,expected_aborted_prefetch,PASS
/blog/how-to-write-letter-before-action-unpaid-rent,mobile,https://landlordheaven.co.uk/products/money-claim?_rsc=yq4a9,GET,fetch,0,net::ERR_ABORTED,expected_aborted_prefetch,PASS
/blog/how-to-write-letter-before-action-unpaid-rent,mobile,https://landlordheaven.co.uk/blog?_rsc=yq4a9,GET,fetch,0,net::ERR_ABORTED,expected_aborted_prefetch,PASS
/blog/how-to-write-letter-before-action-unpaid-rent,mobile,https://landlordheaven.co.uk/?_rsc=1558j,GET,fetch,0,net::ERR_ABORTED,expected_aborted_prefetch,PASS
/blog/how-to-write-letter-before-action-unpaid-rent,mobile,https://landlordheaven.co.uk/products/money-claim?_rsc=1558j,GET,fetch,0,net::ERR_ABORTED,expected_aborted_prefetch,PASS
/blog/how-to-write-letter-before-action-unpaid-rent,mobile,https://region1.analytics.google.com/g/collect?v=2&tid=G-TBR4PEGY1K&gtm=45je67m0h1v9239287483za200zd9239287483&_p=1784939856453&_gaz=1&gcd=13l3l3l3l1l1&npa=0&dma=0&ecid=1263805033&_eu=AAAAACAC&are=1&cid=2005264328.1784939857&ec_mode=a&frm=0&ibt=1&ngs=1&pscdl=&rcb=1&sr=390x844&uaa=x86&uab=64&uafvl=Chromium%3B143.0.7499.169%7CNot%2520A(Brand%3B24.0.0.0&uam=&uamb=0&uap=Windows&uapv=10.0.0&uaw=0&ul=en-us&_s=1&tag_exp=115616985~115938466~115938469~118897920~118897930~119896802&sid=1784939856&sct=1&seg=0&dl=https%3A%2F%2Flandlordheaven.co.uk%2Fblog%2Fhow-to-write-letter-before-action-unpaid-rent&dt=How%20to%20Write%20a%20Letter%20Before%20Action%20for%20Unpaid%20Rent&en=page_view&_fv=1&_nsi=1&_ss=1&_ee=1&tfd=1613,POST,fetch,0,net::ERR_ABORTED,expected_aborted_prefetch,PASS
/blog/how-to-write-letter-before-action-unpaid-rent,mobile,https://landlordheaven.co.uk/evict-tenant-not-paying-rent?_rsc=yq4a9,GET,fetch,0,net::ERR_ABORTED,expected_aborted_prefetch,PASS
/blog/how-to-write-letter-before-action-unpaid-rent,mobile,https://landlordheaven.co.uk/evict-tenant-not-paying-rent?_rsc=1558j,GET,fetch,0,net::ERR_ABORTED,expected_aborted_prefetch,PASS
/blog/how-to-write-letter-before-action-unpaid-rent,mobile,https://landlordheaven.co.uk/products/money-claim?src=blog_lba&_rsc=yq4a9,GET,fetch,0,net::ERR_ABORTED,expected_aborted_prefetch,PASS
/blog/how-to-write-letter-before-action-unpaid-rent,mobile,https://landlordheaven.co.uk/assisted-prep/start?service=possession&product=complete_pack&src=blog_assisted_cta&_rsc=yq4a9,GET,fetch,0,net::ERR_ABORTED,expected_aborted_prefetch,PASS
/blog/how-to-write-letter-before-action-unpaid-rent,mobile,https://landlordheaven.co.uk/assisted-prep/start?service=section8&product=notice_only&src=blog_assisted_cta&_rsc=1558j,GET,fetch,0,net::ERR_ABORTED,expected_aborted_prefetch,PASS
/blog/how-to-write-letter-before-action-unpaid-rent,mobile,https://landlordheaven.co.uk/assisted-prep/start?_rsc=yq4a9,GET,fetch,0,net::ERR_ABORTED,expected_aborted_prefetch,PASS
/blog/how-to-write-letter-before-action-unpaid-rent,mobile,https://landlordheaven.co.uk/money-claim?_rsc=yq4a9,GET,fetch,0,net::ERR_ABORTED,expected_aborted_prefetch,PASS
/blog/how-to-write-letter-before-action-unpaid-rent,mobile,https://landlordheaven.co.uk/tenant-stopped-paying-rent?_rsc=yq4a9,GET,fetch,0,net::ERR_ABORTED,expected_aborted_prefetch,PASS
/blog/how-to-write-letter-before-action-unpaid-rent,mobile,https://landlordheaven.co.uk/how-to-evict-a-tenant-england?_rsc=yq4a9,GET,fetch,0,net::ERR_ABORTED,expected_aborted_prefetch,PASS
/blog/how-to-write-letter-before-action-unpaid-rent,mobile,https://landlordheaven.co.uk/section-8-notice?_rsc=yq4a9,GET,fetch,0,net::ERR_ABORTED,expected_aborted_prefetch,PASS
/blog/how-to-write-letter-before-action-unpaid-rent,mobile,https://landlordheaven.co.uk/products/notice-only?_rsc=yq4a9,GET,fetch,0,net::ERR_ABORTED,expected_aborted_prefetch,PASS
/blog/how-to-write-letter-before-action-unpaid-rent,mobile,https://landlordheaven.co.uk/tenant-stopped-paying-rent?_rsc=1558j,GET,fetch,0,net::ERR_ABORTED,expected_aborted_prefetch,PASS
/blog/how-to-write-letter-before-action-unpaid-rent,mobile,https://landlordheaven.co.uk/section-8-notice?_rsc=1558j,GET,fetch,0,net::ERR_ABORTED,expected_aborted_prefetch,PASS
/blog/how-to-write-letter-before-action-unpaid-rent,mobile,https://landlordheaven.co.uk/products/notice-only?_rsc=1558j,GET,fetch,0,net::ERR_ABORTED,expected_aborted_prefetch,PASS
/blog/how-to-write-letter-before-action-unpaid-rent,mobile,https://landlordheaven.co.uk/how-to-evict-a-tenant-england?_rsc=1558j,GET,fetch,0,net::ERR_ABORTED,expected_aborted_prefetch,PASS
/blog/how-to-write-letter-before-action-unpaid-rent,mobile,https://region1.analytics.google.com/g/collect?v=2&tid=G-TBR4PEGY1K&gtm=45je67m0h1v9239287483za200zd9239287483&_p=1784939856453&gcd=13l3l3l3l1l1&npa=0&dma=0&ecid=1263805033&_eu=AAAAACQC&are=1&cid=2005264328.1784939857&frm=0&ibt=1&ngs=1&pscdl=&rcb=1&sr=390x844&uaa=x86&uab=64&uafvl=Chromium%3B143.0.7499.169%7CNot%2520A(Brand%3B24.0.0.0&uam=&uamb=0&uap=Windows&uapv=10.0.0&uaw=0&ul=en-us&tag_exp=115616985~115938466~115938469~118897920~118897930~119896802&sid=1784939856&sct=1&seg=0&dl=https%3A%2F%2Flandlordheaven.co.uk%2Fblog%2Fhow-to-write-letter-before-action-unpaid-rent&dt=How%20to%20Write%20a%20Letter%20Before%20Action%20for%20Unpaid%20Rent&_s=2&tfd=5050,POST,fetch,0,net::ERR_ABORTED,expected_aborted_prefetch,PASS
/blog/how-to-write-letter-before-action-unpaid-rent,mobile,https://landlordheaven.co.uk/tools?_rsc=yq4a9,GET,fetch,0,net::ERR_ABORTED,expected_aborted_prefetch,PASS
/blog/how-to-write-letter-before-action-unpaid-rent,mobile,https://landlordheaven.co.uk/eviction-guides?_rsc=yq4a9,GET,fetch,0,net::ERR_ABORTED,expected_aborted_prefetch,PASS
/blog/how-to-write-letter-before-action-unpaid-rent,mobile,https://landlordheaven.co.uk/lodger-agreement?_rsc=yq4a9,GET,fetch,0,net::ERR_ABORTED,expected_aborted_prefetch,PASS
/blog/how-to-write-letter-before-action-unpaid-rent,mobile,https://landlordheaven.co.uk/samples?_rsc=yq4a9,GET,fetch,0,net::ERR_ABORTED,expected_aborted_prefetch,PASS
/blog/how-to-write-letter-before-action-unpaid-rent,mobile,https://landlordheaven.co.uk/privacy?_rsc=yq4a9,GET,fetch,0,net::ERR_ABORTED,expected_aborted_prefetch,PASS
/blog/how-to-write-letter-before-action-unpaid-rent,mobile,https://landlordheaven.co.uk/cookies?_rsc=yq4a9,GET,fetch,0,net::ERR_ABORTED,expected_aborted_prefetch,PASS
/blog/how-to-write-letter-before-action-unpaid-rent,mobile,https://landlordheaven.co.uk/refunds?_rsc=yq4a9,GET,fetch,0,net::ERR_ABORTED,expected_aborted_prefetch,PASS
/blog/how-to-write-letter-before-action-unpaid-rent,mobile,https://landlordheaven.co.uk/terms?_rsc=yq4a9,GET,fetch,0,net::ERR_ABORTED,expected_aborted_prefetch,PASS
/blog/how-to-write-letter-before-action-unpaid-rent,mobile,https://landlordheaven.co.uk/help?_rsc=yq4a9,GET,fetch,0,net::ERR_ABORTED,expected_aborted_prefetch,PASS
/blog/how-to-write-letter-before-action-unpaid-rent,mobile,https://landlordheaven.co.uk/about?_rsc=yq4a9,GET,fetch,0,net::ERR_ABORTED,expected_aborted_prefetch,PASS
/blog/how-to-write-letter-before-action-unpaid-rent,mobile,https://landlordheaven.co.uk/contact?_rsc=yq4a9,GET,fetch,0,net::ERR_ABORTED,expected_aborted_prefetch,PASS
/blog/how-to-write-letter-before-action-unpaid-rent,mobile,https://landlordheaven.co.uk/ask-heaven?_rsc=yq4a9,GET,fetch,0,net::ERR_ABORTED,expected_aborted_prefetch,PASS
/blog/how-to-write-letter-before-action-unpaid-rent,mobile,https://landlordheaven.co.uk/student-tenancy-agreement?_rsc=yq4a9,GET,fetch,0,net::ERR_ABORTED,expected_aborted_prefetch,PASS
/blog/how-to-write-letter-before-action-unpaid-rent,mobile,https://landlordheaven.co.uk/hmo-shared-house-tenancy-agreement?_rsc=yq4a9,GET,fetch,0,net::ERR_ABORTED,expected_aborted_prefetch,PASS
/blog/how-to-write-letter-before-action-unpaid-rent,mobile,https://landlordheaven.co.uk/premium-tenancy-agreement?_rsc=yq4a9,GET,fetch,0,net::ERR_ABORTED,expected_aborted_prefetch,PASS
/blog/how-to-write-letter-before-action-unpaid-rent,mobile,https://landlordheaven.co.uk/standard-tenancy-agreement?_rsc=yq4a9,GET,fetch,0,net::ERR_ABORTED,expected_aborted_prefetch,PASS
/blog/how-to-write-letter-before-action-unpaid-rent,mobile,https://landlordheaven.co.uk/refunds?_rsc=1558j,GET,fetch,0,net::ERR_ABORTED,expected_aborted_prefetch,PASS
/blog/how-to-write-letter-before-action-unpaid-rent,mobile,https://landlordheaven.co.uk/cookies?_rsc=1558j,GET,fetch,0,net::ERR_ABORTED,expected_aborted_prefetch,PASS
/blog/how-to-write-letter-before-action-unpaid-rent,mobile,https://landlordheaven.co.uk/products/ast?_rsc=yq4a9,GET,fetch,0,net::ERR_ABORTED,expected_aborted_prefetch,PASS
/blog/how-to-write-letter-before-action-unpaid-rent,mobile,https://landlordheaven.co.uk/privacy?_rsc=1558j,GET,fetch,0,net::ERR_ABORTED,expected_aborted_prefetch,PASS
/blog/how-to-write-letter-before-action-unpaid-rent,mobile,https://landlordheaven.co.uk/help?_rsc=1558j,GET,fetch,0,net::ERR_ABORTED,expected_aborted_prefetch,PASS
/blog/how-to-write-letter-before-action-unpaid-rent,mobile,https://landlordheaven.co.uk/terms?_rsc=1558j,GET,fetch,0,net::ERR_ABORTED,expected_aborted_prefetch,PASS
/blog/how-to-write-letter-before-action-unpaid-rent,mobile,https://landlordheaven.co.uk/about?_rsc=1558j,GET,fetch,0,net::ERR_ABORTED,expected_aborted_prefetch,PASS
/blog/how-to-write-letter-before-action-unpaid-rent,mobile,https://landlordheaven.co.uk/contact?_rsc=1558j,GET,fetch,0,net::ERR_ABORTED,expected_aborted_prefetch,PASS
/blog/how-to-write-letter-before-action-unpaid-rent,mobile,https://landlordheaven.co.uk/ask-heaven?_rsc=1558j,GET,fetch,0,net::ERR_ABORTED,expected_aborted_prefetch,PASS
/blog/how-to-write-letter-before-action-unpaid-rent,mobile,https://landlordheaven.co.uk/samples?_rsc=1558j,GET,fetch,0,net::ERR_ABORTED,expected_aborted_prefetch,PASS
/blog/how-to-write-letter-before-action-unpaid-rent,mobile,https://landlordheaven.co.uk/tools?_rsc=1558j,GET,fetch,0,net::ERR_ABORTED,expected_aborted_prefetch,PASS
/blog/how-to-write-letter-before-action-unpaid-rent,mobile,https://landlordheaven.co.uk/eviction-guides?_rsc=1558j,GET,fetch,0,net::ERR_ABORTED,expected_aborted_prefetch,PASS
/blog/how-to-write-letter-before-action-unpaid-rent,mobile,https://landlordheaven.co.uk/lodger-agreement?_rsc=1558j,GET,fetch,0,net::ERR_ABORTED,expected_aborted_prefetch,PASS
/blog/how-to-write-letter-before-action-unpaid-rent,mobile,https://landlordheaven.co.uk/premium-tenancy-agreement?_rsc=1558j,GET,fetch,0,net::ERR_ABORTED,expected_aborted_prefetch,PASS
/blog/how-to-write-letter-before-action-unpaid-rent,mobile,https://landlordheaven.co.uk/student-tenancy-agreement?_rsc=1558j,GET,fetch,0,net::ERR_ABORTED,expected_aborted_prefetch,PASS
/blog/how-to-write-letter-before-action-unpaid-rent,mobile,https://landlordheaven.co.uk/hmo-shared-house-tenancy-agreement?_rsc=1558j,GET,fetch,0,net::ERR_ABORTED,expected_aborted_prefetch,PASS
/blog/how-to-write-letter-before-action-unpaid-rent,mobile,https://landlordheaven.co.uk/products/ast?_rsc=1558j,GET,fetch,0,net::ERR_ABORTED,expected_aborted_prefetch,PASS
/blog/how-to-write-letter-before-action-unpaid-rent,mobile,https://landlordheaven.co.uk/standard-tenancy-agreement?_rsc=1558j,GET,fetch,0,net::ERR_ABORTED,expected_aborted_prefetch,PASS
/blog/how-to-write-letter-before-action-unpaid-rent,mobile,https://landlordheaven.co.uk/money-claim?_rsc=1558j,GET,fetch,0,net::ERR_ABORTED,expected_aborted_prefetch,PASS
/blog/how-to-write-letter-before-action-unpaid-rent,mobile,https://region1.analytics.google.com/g/collect?v=2&tid=G-TBR4PEGY1K&gtm=45je67m0h1v9239287483za200zd9239287483&_p=1784939856453&gcd=13l3l3l3l1l1&npa=0&dma=0&ecid=1263805033&_eu=AEAAACQC&ae=a&are=1&cid=2005264328.1784939857&frm=0&ibt=1&ngs=1&pscdl=&rcb=1&sr=390x844&uaa=x86&uab=64&uafvl=Chromium%3B143.0.7499.169%7CNot%2520A(Brand%3B24.0.0.0&uam=&uamb=0&uap=Windows&uapv=10.0.0&uaw=0&ul=en-us&_s=3&tag_exp=115616985~115938466~115938469~118897920~118897930~119896802&sid=1784939856&sct=1&seg=0&dl=https%3A%2F%2Flandlordheaven.co.uk%2Fblog%2Fhow-to-write-letter-before-action-unpaid-rent&dt=How%20to%20Write%20a%20Letter%20Before%20Action%20for%20Unpaid%20Rent&en=scroll&epn.percent_scrolled=90&_et=2&tfd=10053,POST,fetch,0,net::ERR_ABORTED,expected_aborted_prefetch,PASS
/blog/how-to-write-letter-before-action-unpaid-rent,tablet,https://landlordheaven.co.uk/renters-rights-act-eviction-rules?_rsc=yq4a9,GET,fetch,0,net::ERR_ABORTED,expected_aborted_prefetch,PASS
/blog/how-to-write-letter-before-action-unpaid-rent,tablet,https://landlordheaven.co.uk/products/money-claim?_rsc=1558j,GET,fetch,0,net::ERR_ABORTED,expected_aborted_prefetch,PASS
/blog/how-to-write-letter-before-action-unpaid-rent,tablet,https://landlordheaven.co.uk/?_rsc=1558j,GET,fetch,0,net::ERR_ABORTED,expected_aborted_prefetch,PASS
/blog/how-to-write-letter-before-action-unpaid-rent,tablet,https://landlordheaven.co.uk/renters-rights-act-eviction-rules?_rsc=1558j,GET,fetch,0,net::ERR_ABORTED,expected_aborted_prefetch,PASS
/blog/how-to-write-letter-before-action-unpaid-rent,tablet,https://landlordheaven.co.uk/blog?_rsc=1558j,GET,fetch,0,net::ERR_ABORTED,expected_aborted_prefetch,PASS
/blog/how-to-write-letter-before-action-unpaid-rent,tablet,https://region1.analytics.google.com/g/collect?v=2&tid=G-TBR4PEGY1K&gtm=45je67m0v9239287483za200zd9239287483&_p=1784939870843&_gaz=1&gcd=13l3l3l3l1l1&npa=0&dma=0&ecid=815323833&_eu=AAAAACAC&are=1&cid=1995563063.1784939871&ec_mode=a&frm=0&ibt=1&ngs=1&pscdl=&rcb=4&sr=800x600&uaa=x86&uab=64&uafvl=Chromium%3B143.0.7499.169%7CNot%2520A(Brand%3B24.0.0.0&uam=&uamb=0&uap=Windows&uapv=10.0.0&uaw=0&ul=en-us&_s=1&tag_exp=115938465~115938468~118897920~118897930~119896803&sid=1784939871&sct=1&seg=0&dl=https%3A%2F%2Flandlordheaven.co.uk%2Fblog%2Fhow-to-write-letter-before-action-unpaid-rent&dt=How%20to%20Write%20a%20Letter%20Before%20Action%20for%20Unpaid%20Rent&en=page_view&_fv=1&_nsi=1&_ss=1&_ee=1&tfd=2263,POST,fetch,0,net::ERR_ABORTED,expected_aborted_prefetch,PASS
/blog/how-to-write-letter-before-action-unpaid-rent,tablet,https://landlordheaven.co.uk/evict-tenant-not-paying-rent?_rsc=yq4a9,GET,fetch,0,net::ERR_ABORTED,expected_aborted_prefetch,PASS
/blog/how-to-write-letter-before-action-unpaid-rent,tablet,https://landlordheaven.co.uk/products/money-claim?src=blog_lba&_rsc=yq4a9,GET,fetch,0,net::ERR_ABORTED,expected_aborted_prefetch,PASS
/blog/how-to-write-letter-before-action-unpaid-rent,tablet,https://landlordheaven.co.uk/money-claim-unpaid-rent?_rsc=yq4a9,GET,fetch,0,net::ERR_ABORTED,expected_aborted_prefetch,PASS
/blog/how-to-write-letter-before-action-unpaid-rent,tablet,https://landlordheaven.co.uk/assisted-prep/start?service=possession&product=complete_pack&src=blog_assisted_cta&_rsc=yq4a9,GET,fetch,0,net::ERR_ABORTED,expected_aborted_prefetch,PASS
/blog/how-to-write-letter-before-action-unpaid-rent,tablet,https://landlordheaven.co.uk/assisted-prep/start?_rsc=yq4a9,GET,fetch,0,net::ERR_ABORTED,expected_aborted_prefetch,PASS
/blog/how-to-write-letter-before-action-unpaid-rent,tablet,https://landlordheaven.co.uk/products/notice-only?_rsc=yq4a9,GET,fetch,0,net::ERR_ABORTED,expected_aborted_prefetch,PASS
/blog/how-to-write-letter-before-action-unpaid-rent,tablet,https://landlordheaven.co.uk/section-8-notice?_rsc=yq4a9,GET,fetch,0,net::ERR_ABORTED,expected_aborted_prefetch,PASS
/blog/how-to-write-letter-before-action-unpaid-rent,tablet,https://landlordheaven.co.uk/money-claim?_rsc=yq4a9,GET,fetch,0,net::ERR_ABORTED,expected_aborted_prefetch,PASS
/blog/how-to-write-letter-before-action-unpaid-rent,tablet,https://landlordheaven.co.uk/assisted-prep/start?service=money_claim&product=money_claim&src=blog_assisted_cta&_rsc=yq4a9,GET,fetch,0,net::ERR_ABORTED,expected_aborted_prefetch,PASS
/blog/how-to-write-letter-before-action-unpaid-rent,tablet,https://region1.analytics.google.com/g/collect?v=2&tid=G-TBR4PEGY1K&gtm=45je67m0v9239287483za200zd9239287483&_p=1784939870843&gcd=13l3l3l3l1l1&npa=0&dma=0&ecid=815323833&_eu=AAAAACQC&are=1&cid=1995563063.1784939871&frm=0&ibt=1&ngs=1&pscdl=&rcb=4&sr=800x600&uaa=x86&uab=64&uafvl=Chromium%3B143.0.7499.169%7CNot%2520A(Brand%3B24.0.0.0&uam=&uamb=0&uap=Windows&uapv=10.0.0&uaw=0&ul=en-us&tag_exp=115938465~115938468~118897920~118897930~119896803&sid=1784939871&sct=1&seg=0&dl=https%3A%2F%2Flandlordheaven.co.uk%2Fblog%2Fhow-to-write-letter-before-action-unpaid-rent&dt=How%20to%20Write%20a%20Letter%20Before%20Action%20for%20Unpaid%20Rent&_s=2&tfd=5943,POST,fetch,0,net::ERR_ABORTED,expected_aborted_prefetch,PASS
/blog/how-to-write-letter-before-action-unpaid-rent,tablet,https://landlordheaven.co.uk/section-8-notice?_rsc=1558j,GET,fetch,0,net::ERR_ABORTED,expected_aborted_prefetch,PASS
/blog/how-to-write-letter-before-action-unpaid-rent,tablet,https://landlordheaven.co.uk/evict-tenant-not-paying-rent?_rsc=1558j,GET,fetch,0,net::ERR_ABORTED,expected_aborted_prefetch,PASS
/blog/how-to-write-letter-before-action-unpaid-rent,tablet,https://landlordheaven.co.uk/help?_rsc=yq4a9,GET,fetch,0,net::ERR_ABORTED,expected_aborted_prefetch,PASS
/blog/how-to-write-letter-before-action-unpaid-rent,tablet,https://landlordheaven.co.uk/terms?_rsc=yq4a9,GET,fetch,0,net::ERR_ABORTED,expected_aborted_prefetch,PASS
/blog/how-to-write-letter-before-action-unpaid-rent,tablet,https://landlordheaven.co.uk/about?_rsc=yq4a9,GET,fetch,0,net::ERR_ABORTED,expected_aborted_prefetch,PASS
/blog/how-to-write-letter-before-action-unpaid-rent,tablet,https://landlordheaven.co.uk/contact?_rsc=yq4a9,GET,fetch,0,net::ERR_ABORTED,expected_aborted_prefetch,PASS
/blog/how-to-write-letter-before-action-unpaid-rent,tablet,https://landlordheaven.co.uk/cookies?_rsc=yq4a9,GET,fetch,0,net::ERR_ABORTED,expected_aborted_prefetch,PASS
/blog/how-to-write-letter-before-action-unpaid-rent,tablet,https://landlordheaven.co.uk/refunds?_rsc=yq4a9,GET,fetch,0,net::ERR_ABORTED,expected_aborted_prefetch,PASS
/blog/how-to-write-letter-before-action-unpaid-rent,tablet,https://landlordheaven.co.uk/privacy?_rsc=yq4a9,GET,fetch,0,net::ERR_ABORTED,expected_aborted_prefetch,PASS
/blog/how-to-write-letter-before-action-unpaid-rent,tablet,https://landlordheaven.co.uk/ask-heaven?_rsc=yq4a9,GET,fetch,0,net::ERR_ABORTED,expected_aborted_prefetch,PASS
/blog/how-to-write-letter-before-action-unpaid-rent,tablet,https://landlordheaven.co.uk/tools?_rsc=yq4a9,GET,fetch,0,net::ERR_ABORTED,expected_aborted_prefetch,PASS
/blog/how-to-write-letter-before-action-unpaid-rent,tablet,https://landlordheaven.co.uk/samples?_rsc=yq4a9,GET,fetch,0,net::ERR_ABORTED,expected_aborted_prefetch,PASS
/blog/how-to-write-letter-before-action-unpaid-rent,tablet,https://landlordheaven.co.uk/eviction-guides?_rsc=yq4a9,GET,fetch,0,net::ERR_ABORTED,expected_aborted_prefetch,PASS
/blog/how-to-write-letter-before-action-unpaid-rent,tablet,https://landlordheaven.co.uk/lodger-agreement?_rsc=yq4a9,GET,fetch,0,net::ERR_ABORTED,expected_aborted_prefetch,PASS
/blog/how-to-write-letter-before-action-unpaid-rent,tablet,https://landlordheaven.co.uk/hmo-shared-house-tenancy-agreement?_rsc=yq4a9,GET,fetch,0,net::ERR_ABORTED,expected_aborted_prefetch,PASS
/blog/how-to-write-letter-before-action-unpaid-rent,tablet,https://landlordheaven.co.uk/student-tenancy-agreement?_rsc=yq4a9,GET,fetch,0,net::ERR_ABORTED,expected_aborted_prefetch,PASS
/blog/how-to-write-letter-before-action-unpaid-rent,tablet,https://landlordheaven.co.uk/premium-tenancy-agreement?_rsc=yq4a9,GET,fetch,0,net::ERR_ABORTED,expected_aborted_prefetch,PASS
/blog/how-to-write-letter-before-action-unpaid-rent,tablet,https://landlordheaven.co.uk/standard-tenancy-agreement?_rsc=yq4a9,GET,fetch,0,net::ERR_ABORTED,expected_aborted_prefetch,PASS
/blog/how-to-write-letter-before-action-unpaid-rent,tablet,https://landlordheaven.co.uk/pricing?_rsc=yq4a9,GET,fetch,0,net::ERR_ABORTED,expected_aborted_prefetch,PASS
/blog/how-to-write-letter-before-action-unpaid-rent,tablet,https://landlordheaven.co.uk/rent-increase?_rsc=yq4a9,GET,fetch,0,net::ERR_ABORTED,expected_aborted_prefetch,PASS
/blog/how-to-write-letter-before-action-unpaid-rent,tablet,https://landlordheaven.co.uk/products/ast?_rsc=yq4a9,GET,fetch,0,net::ERR_ABORTED,expected_aborted_prefetch,PASS
/blog/how-to-write-letter-before-action-unpaid-rent,tablet,https://landlordheaven.co.uk/refunds?_rsc=1558j,GET,fetch,0,net::ERR_ABORTED,expected_aborted_prefetch,PASS
/blog/how-to-write-letter-before-action-unpaid-rent,tablet,https://landlordheaven.co.uk/blog/what-to-do-when-tenant-wont-pay?_rsc=yq4a9,GET,fetch,0,net::ERR_ABORTED,expected_aborted_prefetch,PASS
/blog/how-to-write-letter-before-action-unpaid-rent,tablet,https://landlordheaven.co.uk/privacy?_rsc=1558j,GET,fetch,0,net::ERR_ABORTED,expected_aborted_prefetch,PASS
/blog/how-to-write-letter-before-action-unpaid-rent,tablet,https://landlordheaven.co.uk/cookies?_rsc=1558j,GET,fetch,0,net::ERR_ABORTED,expected_aborted_prefetch,PASS
/blog/how-to-write-letter-before-action-unpaid-rent,tablet,https://region1.analytics.google.com/g/collect?v=2&tid=G-TBR4PEGY1K&gtm=45je67m0v9239287483za200zd9239287483&_p=1784939870843&gcd=13l3l3l3l1l1&npa=0&dma=0&ecid=815323833&_eu=AEAAACQC&ae=a&are=1&cid=1995563063.1784939871&frm=0&ibt=1&ngs=1&pscdl=&rcb=4&sr=800x600&uaa=x86&uab=64&uafvl=Chromium%3B143.0.7499.169%7CNot%2520A(Brand%3B24.0.0.0&uam=&uamb=0&uap=Windows&uapv=10.0.0&uaw=0&ul=en-us&_s=3&tag_exp=115938465~115938468~118897920~118897930~119896803&sid=1784939871&sct=1&seg=0&dl=https%3A%2F%2Flandlordheaven.co.uk%2Fblog%2Fhow-to-write-letter-before-action-unpaid-rent&dt=How%20to%20Write%20a%20Letter%20Before%20Action%20for%20Unpaid%20Rent&en=scroll&epn.percent_scrolled=90&_et=5&tfd=10954,POST,fetch,0,net::ERR_ABORTED,expected_aborted_prefetch,PASS
/blog/how-to-write-letter-before-action-unpaid-rent,tablet,https://landlordheaven.co.uk/money-claim-unpaid-rent?_rsc=1558j,GET,fetch,0,net::ERR_ABORTED,expected_aborted_prefetch,PASS
/blog/how-to-write-letter-before-action-unpaid-rent,tablet,https://landlordheaven.co.uk/products/money-claim?src=blog_lba&_rsc=1558j,GET,fetch,0,net::ERR_ABORTED,expected_aborted_prefetch,PASS
/blog/how-to-write-letter-before-action-unpaid-rent,tablet,https://landlordheaven.co.uk/assisted-prep/start?service=possession&product=complete_pack&src=blog_assisted_cta&_rsc=1558j,GET,fetch,0,net::ERR_ABORTED,expected_aborted_prefetch,PASS
/blog/how-to-write-letter-before-action-unpaid-rent,tablet,https://landlordheaven.co.uk/tenant-stopped-paying-rent?_rsc=1558j,GET,fetch,0,net::ERR_ABORTED,expected_aborted_prefetch,PASS
/blog/how-to-write-letter-before-action-unpaid-rent,tablet,https://landlordheaven.co.uk/how-to-evict-a-tenant-england?_rsc=1558j,GET,fetch,0,net::ERR_ABORTED,expected_aborted_prefetch,PASS
/blog/how-to-write-letter-before-action-unpaid-rent,tablet,https://landlordheaven.co.uk/products/notice-only?_rsc=1558j,GET,fetch,0,net::ERR_ABORTED,expected_aborted_prefetch,PASS
/blog/how-to-write-letter-before-action-unpaid-rent,tablet,https://landlordheaven.co.uk/money-claim?_rsc=1558j,GET,fetch,0,net::ERR_ABORTED,expected_aborted_prefetch,PASS
/blog/how-to-write-letter-before-action-unpaid-rent,tablet,https://landlordheaven.co.uk/assisted-prep/start?service=money_claim&product=money_claim&src=blog_assisted_cta&_rsc=1558j,GET,fetch,0,net::ERR_ABORTED,expected_aborted_prefetch,PASS
/blog/how-to-write-letter-before-action-unpaid-rent,desktop,https://landlordheaven.co.uk/auth/login?_rsc=yq4a9,GET,fetch,0,net::ERR_ABORTED,expected_aborted_prefetch,PASS
/blog/how-to-write-letter-before-action-unpaid-rent,desktop,https://landlordheaven.co.uk/?_rsc=yq4a9,GET,fetch,0,net::ERR_ABORTED,expected_aborted_prefetch,PASS
/blog/how-to-write-letter-before-action-unpaid-rent,desktop,https://landlordheaven.co.uk/renters-rights-act-eviction-rules?_rsc=yq4a9,GET,fetch,0,net::ERR_ABORTED,expected_aborted_prefetch,PASS
/blog/how-to-write-letter-before-action-unpaid-rent,desktop,https://landlordheaven.co.uk/blog?_rsc=yq4a9,GET,fetch,0,net::ERR_ABORTED,expected_aborted_prefetch,PASS
/blog/how-to-write-letter-before-action-unpaid-rent,desktop,https://region1.analytics.google.com/g/collect?v=2&tid=G-TBR4PEGY1K&gtm=45je67m0h1v9239287483za200zd9239287483&_p=1784939889089&_gaz=1&gcd=13l3l3l3l1l1&npa=0&dma=0&ecid=1737715751&_eu=AAAAACAC&are=1&cid=831022315.1784939889&ec_mode=a&frm=0&ibt=1&ngs=1&pscdl=&rcb=10&sr=800x600&uaa=x86&uab=64&uafvl=Chromium%3B143.0.7499.169%7CNot%2520A(Brand%3B24.0.0.0&uam=&uamb=0&uap=Windows&uapv=10.0.0&uaw=0&ul=en-us&_s=1&tag_exp=115938465~115938469~118897920~118897930~119896802&sid=1784939889&sct=1&seg=0&dl=https%3A%2F%2Flandlordheaven.co.uk%2Fblog%2Fhow-to-write-letter-before-action-unpaid-rent&dt=How%20to%20Write%20a%20Letter%20Before%20Action%20for%20Unpaid%20Rent&en=page_view&_fv=1&_nsi=1&_ss=1&_ee=1&tfd=1408,POST,fetch,0,net::ERR_ABORTED,expected_aborted_prefetch,PASS
/blog/how-to-write-letter-before-action-unpaid-rent,desktop,https://landlordheaven.co.uk/renters-rights-act-eviction-rules?_rsc=1558j,GET,fetch,0,net::ERR_ABORTED,expected_aborted_prefetch,PASS
/blog/how-to-write-letter-before-action-unpaid-rent,desktop,https://landlordheaven.co.uk/blog?_rsc=1558j,GET,fetch,0,net::ERR_ABORTED,expected_aborted_prefetch,PASS
/blog/how-to-write-letter-before-action-unpaid-rent,desktop,https://landlordheaven.co.uk/?_rsc=1558j,GET,fetch,0,net::ERR_ABORTED,expected_aborted_prefetch,PASS
/blog/how-to-write-letter-before-action-unpaid-rent,desktop,https://landlordheaven.co.uk/auth/login?_rsc=l6l41,GET,fetch,0,net::ERR_ABORTED,expected_aborted_prefetch,PASS
/blog/how-to-write-letter-before-action-unpaid-rent,desktop,https://landlordheaven.co.uk/products/money-claim?_rsc=1558j,GET,fetch,0,net::ERR_ABORTED,expected_aborted_prefetch,PASS
/blog/how-to-write-letter-before-action-unpaid-rent,desktop,https://landlordheaven.co.uk/products/notice-only?_rsc=1558j,GET,fetch,0,net::ERR_ABORTED,expected_aborted_prefetch,PASS
/blog/how-to-write-letter-before-action-unpaid-rent,desktop,https://landlordheaven.co.uk/products/ast?_rsc=1558j,GET,fetch,0,net::ERR_ABORTED,expected_aborted_prefetch,PASS
/blog/how-to-write-letter-before-action-unpaid-rent,desktop,https://landlordheaven.co.uk/tools?_rsc=1558j,GET,fetch,0,net::ERR_ABORTED,expected_aborted_prefetch,PASS
/blog/how-to-write-letter-before-action-unpaid-rent,desktop,https://landlordheaven.co.uk/ask-heaven?_rsc=yq4a9,GET,fetch,0,net::ERR_ABORTED,expected_aborted_prefetch,PASS
/blog/how-to-write-letter-before-action-unpaid-rent,desktop,https://landlordheaven.co.uk/evict-tenant-not-paying-rent?_rsc=yq4a9,GET,fetch,0,net::ERR_ABORTED,expected_aborted_prefetch,PASS
/blog/how-to-write-letter-before-action-unpaid-rent,desktop,https://landlordheaven.co.uk/ask-heaven?_rsc=1558j,GET,fetch,0,net::ERR_ABORTED,expected_aborted_prefetch,PASS
/blog/how-to-write-letter-before-action-unpaid-rent,desktop,https://landlordheaven.co.uk/money-claim-unpaid-rent?_rsc=1558j,GET,fetch,0,net::ERR_ABORTED,expected_aborted_prefetch,PASS
/blog/how-to-write-letter-before-action-unpaid-rent,desktop,https://landlordheaven.co.uk/assisted-prep/start?service=money_claim&product=money_claim&src=blog_assisted_cta&_rsc=yq4a9,GET,fetch,0,net::ERR_ABORTED,expected_aborted_prefetch,PASS
/blog/how-to-write-letter-before-action-unpaid-rent,desktop,https://landlordheaven.co.uk/blog/should-you-accept-payment-plan-from-tenant?_rsc=yq4a9,GET,fetch,0,net::ERR_ABORTED,expected_aborted_prefetch,PASS
/blog/how-to-write-letter-before-action-unpaid-rent,desktop,https://landlordheaven.co.uk/blog/calculating-interest-tenant-debt?_rsc=yq4a9,GET,fetch,0,net::ERR_ABORTED,expected_aborted_prefetch,PASS
/blog/how-to-write-letter-before-action-unpaid-rent,desktop,https://landlordheaven.co.uk/blog/what-to-do-when-tenant-wont-pay?_rsc=yq4a9,GET,fetch,0,net::ERR_ABORTED,expected_aborted_prefetch,PASS
/blog/how-to-write-letter-before-action-unpaid-rent,desktop,https://landlordheaven.co.uk/blog/recovering-cleaning-costs-from-tenants?_rsc=yq4a9,GET,fetch,0,net::ERR_ABORTED,expected_aborted_prefetch,PASS
/blog/how-to-write-letter-before-action-unpaid-rent,desktop,https://region1.analytics.google.com/g/collect?v=2&tid=G-TBR4PEGY1K&gtm=45je67m0h1v9239287483za200zd9239287483&_p=1784939889089&gcd=13l3l3l3l1l1&npa=0&dma=0&ecid=1737715751&_eu=AAAAACQC&are=1&cid=831022315.1784939889&frm=0&ibt=1&ngs=1&pscdl=&rcb=10&sr=800x600&uaa=x86&uab=64&uafvl=Chromium%3B143.0.7499.169%7CNot%2520A(Brand%3B24.0.0.0&uam=&uamb=0&uap=Windows&uapv=10.0.0&uaw=0&ul=en-us&tag_exp=115938465~115938469~118897920~118897930~119896802&sid=1784939889&sct=1&seg=0&dl=https%3A%2F%2Flandlordheaven.co.uk%2Fblog%2Fhow-to-write-letter-before-action-unpaid-rent&dt=How%20to%20Write%20a%20Letter%20Before%20Action%20for%20Unpaid%20Rent&_s=2&tfd=4463,POST,fetch,0,net::ERR_ABORTED,expected_aborted_prefetch,PASS
/blog/how-to-write-letter-before-action-unpaid-rent,desktop,https://landlordheaven.co.uk/cookies?_rsc=yq4a9,GET,fetch,0,net::ERR_ABORTED,expected_aborted_prefetch,PASS
/blog/how-to-write-letter-before-action-unpaid-rent,desktop,https://landlordheaven.co.uk/terms?_rsc=yq4a9,GET,fetch,0,net::ERR_ABORTED,expected_aborted_prefetch,PASS
/blog/how-to-write-letter-before-action-unpaid-rent,desktop,https://landlordheaven.co.uk/privacy?_rsc=yq4a9,GET,fetch,0,net::ERR_ABORTED,expected_aborted_prefetch,PASS
/blog/how-to-write-letter-before-action-unpaid-rent,desktop,https://landlordheaven.co.uk/help?_rsc=yq4a9,GET,fetch,0,net::ERR_ABORTED,expected_aborted_prefetch,PASS
/blog/how-to-write-letter-before-action-unpaid-rent,desktop,https://landlordheaven.co.uk/about?_rsc=yq4a9,GET,fetch,0,net::ERR_ABORTED,expected_aborted_prefetch,PASS
/blog/how-to-write-letter-before-action-unpaid-rent,desktop,https://landlordheaven.co.uk/contact?_rsc=yq4a9,GET,fetch,0,net::ERR_ABORTED,expected_aborted_prefetch,PASS
/blog/how-to-write-letter-before-action-unpaid-rent,desktop,https://landlordheaven.co.uk/hmo-shared-house-tenancy-agreement?_rsc=yq4a9,GET,fetch,0,net::ERR_ABORTED,expected_aborted_prefetch,PASS
/blog/how-to-write-letter-before-action-unpaid-rent,desktop,https://landlordheaven.co.uk/lodger-agreement?_rsc=yq4a9,GET,fetch,0,net::ERR_ABORTED,expected_aborted_prefetch,PASS
/blog/how-to-write-letter-before-action-unpaid-rent,desktop,https://landlordheaven.co.uk/eviction-guides?_rsc=yq4a9,GET,fetch,0,net::ERR_ABORTED,expected_aborted_prefetch,PASS
/blog/how-to-write-letter-before-action-unpaid-rent,desktop,https://landlordheaven.co.uk/premium-tenancy-agreement?_rsc=yq4a9,GET,fetch,0,net::ERR_ABORTED,expected_aborted_prefetch,PASS
/blog/how-to-write-letter-before-action-unpaid-rent,desktop,https://landlordheaven.co.uk/standard-tenancy-agreement?_rsc=yq4a9,GET,fetch,0,net::ERR_ABORTED,expected_aborted_prefetch,PASS
/blog/how-to-write-letter-before-action-unpaid-rent,desktop,https://landlordheaven.co.uk/pricing?_rsc=yq4a9,GET,fetch,0,net::ERR_ABORTED,expected_aborted_prefetch,PASS
/blog/how-to-write-letter-before-action-unpaid-rent,desktop,https://landlordheaven.co.uk/products/complete-pack?_rsc=yq4a9,GET,fetch,0,net::ERR_ABORTED,expected_aborted_prefetch,PASS
/blog/how-to-write-letter-before-action-unpaid-rent,desktop,https://landlordheaven.co.uk/cookies?_rsc=1558j,GET,fetch,0,net::ERR_ABORTED,expected_aborted_prefetch,PASS
/blog/how-to-write-letter-before-action-unpaid-rent,desktop,https://landlordheaven.co.uk/refunds?_rsc=1558j,GET,fetch,0,net::ERR_ABORTED,expected_aborted_prefetch,PASS
/blog/how-to-write-letter-before-action-unpaid-rent,desktop,https://region1.analytics.google.com/g/collect?v=2&tid=G-TBR4PEGY1K&gtm=45je67m0h1v9239287483za200zd9239287483&_p=1784939889089&gcd=13l3l3l3l1l1&npa=0&dma=0&ecid=1737715751&_eu=AEAAACQC&ae=a&are=1&cid=831022315.1784939889&frm=0&ibt=1&ngs=1&pscdl=&rcb=10&sr=800x600&uaa=x86&uab=64&uafvl=Chromium%3B143.0.7499.169%7CNot%2520A(Brand%3B24.0.0.0&uam=&uamb=0&uap=Windows&uapv=10.0.0&uaw=0&ul=en-us&_s=3&tag_exp=115938465~115938469~118897920~118897930~119896802&sid=1784939889&sct=1&seg=0&dl=https%3A%2F%2Flandlordheaven.co.uk%2Fblog%2Fhow-to-write-letter-before-action-unpaid-rent&dt=How%20to%20Write%20a%20Letter%20Before%20Action%20for%20Unpaid%20Rent&en=scroll&epn.percent_scrolled=90&_et=2&tfd=9468,POST,fetch,0,net::ERR_ABORTED,expected_aborted_prefetch,PASS
/blog/how-to-write-letter-before-action-unpaid-rent,desktop,https://landlordheaven.co.uk/evict-tenant-not-paying-rent?_rsc=1558j,GET,fetch,0,net::ERR_ABORTED,expected_aborted_prefetch,PASS
/blog/how-to-write-letter-before-action-unpaid-rent,desktop,https://landlordheaven.co.uk/tenant-stopped-paying-rent?_rsc=1558j,GET,fetch,0,net::ERR_ABORTED,expected_aborted_prefetch,PASS
/blog/how-to-write-letter-before-action-unpaid-rent,desktop,https://landlordheaven.co.uk/section-8-notice?_rsc=1558j,GET,fetch,0,net::ERR_ABORTED,expected_aborted_prefetch,PASS
/blog/how-to-write-letter-before-action-unpaid-rent,desktop,https://landlordheaven.co.uk/how-to-evict-a-tenant-england?_rsc=1558j,GET,fetch,0,net::ERR_ABORTED,expected_aborted_prefetch,PASS
/blog/how-to-write-letter-before-action-unpaid-rent,desktop,https://landlordheaven.co.uk/money-claim?_rsc=1558j,GET,fetch,0,net::ERR_ABORTED,expected_aborted_prefetch,PASS
/blog/bailiff-eviction-day-what-to-expect,mobile,https://landlordheaven.co.uk/products/complete-pack?_rsc=12ftr,GET,fetch,0,net::ERR_ABORTED,expected_aborted_prefetch,PASS
/blog/bailiff-eviction-day-what-to-expect,mobile,https://landlordheaven.co.uk/blog?_rsc=12ftr,GET,fetch,0,net::ERR_ABORTED,expected_aborted_prefetch,PASS
/blog/bailiff-eviction-day-what-to-expect,mobile,https://landlordheaven.co.uk/?_rsc=12ftr,GET,fetch,0,net::ERR_ABORTED,expected_aborted_prefetch,PASS
/blog/bailiff-eviction-day-what-to-expect,mobile,https://region1.analytics.google.com/g/collect?v=2&tid=G-TBR4PEGY1K&gtm=45je67m0v9239287483za200zd9239287483&_p=1784939903277&_gaz=1&gcd=13l3l3l3l1l1&npa=0&dma=0&ecid=871402665&_eu=AAAAACAC&are=1&cid=1659606785.1784939904&ec_mode=a&frm=0&ibt=1&ngs=1&pscdl=&rcb=0&sr=390x844&uaa=x86&uab=64&uafvl=Chromium%3B143.0.7499.169%7CNot%2520A(Brand%3B24.0.0.0&uam=&uamb=0&uap=Windows&uapv=10.0.0&uaw=0&ul=en-us&_s=1&tag_exp=115938466~115938468~118897920~118897930~119896802&sid=1784939903&sct=1&seg=0&dl=https%3A%2F%2Flandlordheaven.co.uk%2Fblog%2Fbailiff-eviction-day-what-to-expect&dt=Bailiff%20Eviction%20Day%20-%20What%20to%20Expect%20(England%20Guide)&en=page_view&_fv=1&_nsi=1&_ss=1&_ee=1&tfd=1438,POST,fetch,0,net::ERR_ABORTED,expected_aborted_prefetch,PASS
/blog/bailiff-eviction-day-what-to-expect,mobile,https://landlordheaven.co.uk/money-claim-unpaid-rent?_rsc=1n7tw,GET,fetch,0,net::ERR_ABORTED,expected_aborted_prefetch,PASS
/blog/bailiff-eviction-day-what-to-expect,mobile,https://landlordheaven.co.uk/how-to-evict-a-tenant-uk?_rsc=1n7tw,GET,fetch,0,net::ERR_ABORTED,expected_aborted_prefetch,PASS
/blog/bailiff-eviction-day-what-to-expect,mobile,https://landlordheaven.co.uk/assisted-prep/start?service=section8&product=notice_only&src=blog_assisted_cta&_rsc=1n7tw,GET,fetch,0,net::ERR_ABORTED,expected_aborted_prefetch,PASS
/blog/bailiff-eviction-day-what-to-expect,mobile,https://landlordheaven.co.uk/how-to-evict-a-tenant-uk?_rsc=12ftr,GET,fetch,0,net::ERR_ABORTED,expected_aborted_prefetch,PASS
/blog/bailiff-eviction-day-what-to-expect,mobile,https://landlordheaven.co.uk/assisted-prep/start?service=possession&product=complete_pack&src=blog_assisted_cta&_rsc=1n7tw,GET,fetch,0,net::ERR_ABORTED,expected_aborted_prefetch,PASS
/blog/bailiff-eviction-day-what-to-expect,mobile,https://landlordheaven.co.uk/assisted-prep/start?service=section8&product=notice_only&src=blog_assisted_cta&_rsc=12ftr,GET,fetch,0,net::ERR_ABORTED,expected_aborted_prefetch,PASS
/blog/bailiff-eviction-day-what-to-expect,mobile,https://landlordheaven.co.uk/assisted-prep/start?_rsc=1n7tw,GET,fetch,0,net::ERR_ABORTED,expected_aborted_prefetch,PASS
/blog/bailiff-eviction-day-what-to-expect,mobile,https://landlordheaven.co.uk/warrant-of-possession-guide?_rsc=1n7tw,GET,fetch,0,net::ERR_ABORTED,expected_aborted_prefetch,PASS
/blog/bailiff-eviction-day-what-to-expect,mobile,https://landlordheaven.co.uk/bailiff-eviction-process?_rsc=1n7tw,GET,fetch,0,net::ERR_ABORTED,expected_aborted_prefetch,PASS
/blog/bailiff-eviction-day-what-to-expect,mobile,https://landlordheaven.co.uk/assisted-prep/start?service=possession&product=complete_pack&src=blog_assisted_cta&_rsc=12ftr,GET,fetch,0,net::ERR_ABORTED,expected_aborted_prefetch,PASS
/blog/bailiff-eviction-day-what-to-expect,mobile,https://landlordheaven.co.uk/tenant-stopped-paying-rent?_rsc=1n7tw,GET,fetch,0,net::ERR_ABORTED,expected_aborted_prefetch,PASS
/blog/bailiff-eviction-day-what-to-expect,mobile,https://landlordheaven.co.uk/evict-tenant-not-paying-rent?_rsc=1n7tw,GET,fetch,0,net::ERR_ABORTED,expected_aborted_prefetch,PASS
/blog/bailiff-eviction-day-what-to-expect,mobile,https://region1.analytics.google.com/g/collect?v=2&tid=G-TBR4PEGY1K&gtm=45je67m0v9239287483za200zd9239287483&_p=1784939903277&gcd=13l3l3l3l1l1&npa=0&dma=0&ecid=871402665&_eu=AAAAACQC&are=1&cid=1659606785.1784939904&frm=0&ibt=1&ngs=1&pscdl=&rcb=0&sr=390x844&uaa=x86&uab=64&uafvl=Chromium%3B143.0.7499.169%7CNot%2520A(Brand%3B24.0.0.0&uam=&uamb=0&uap=Windows&uapv=10.0.0&uaw=0&ul=en-us&tag_exp=115938466~115938468~118897920~118897930~119896802&sid=1784939903&sct=1&seg=0&dl=https%3A%2F%2Flandlordheaven.co.uk%2Fblog%2Fbailiff-eviction-day-what-to-expect&dt=Bailiff%20Eviction%20Day%20-%20What%20to%20Expect%20(England%20Guide)&_s=2&tfd=5242,POST,fetch,0,net::ERR_ABORTED,expected_aborted_prefetch,PASS
/blog/bailiff-eviction-day-what-to-expect,mobile,https://landlordheaven.co.uk/section-8-notice?_rsc=1n7tw,GET,fetch,0,net::ERR_ABORTED,expected_aborted_prefetch,PASS
/blog/bailiff-eviction-day-what-to-expect,mobile,https://landlordheaven.co.uk/how-to-evict-a-tenant-england?_rsc=1n7tw,GET,fetch,0,net::ERR_ABORTED,expected_aborted_prefetch,PASS
/blog/bailiff-eviction-day-what-to-expect,mobile,https://landlordheaven.co.uk/blog/england-county-court-forms?_rsc=1n7tw,GET,fetch,0,net::ERR_ABORTED,expected_aborted_prefetch,PASS
/blog/bailiff-eviction-day-what-to-expect,mobile,https://landlordheaven.co.uk/ask-heaven?_rsc=1n7tw,GET,fetch,0,net::ERR_ABORTED,expected_aborted_prefetch,PASS
/blog/bailiff-eviction-day-what-to-expect,mobile,https://landlordheaven.co.uk/blog/england-county-court-forms?_rsc=12ftr,GET,fetch,0,net::ERR_ABORTED,expected_aborted_prefetch,PASS
/blog/bailiff-eviction-day-what-to-expect,mobile,https://landlordheaven.co.uk/ask-heaven?_rsc=12ftr,GET,fetch,0,net::ERR_ABORTED,expected_aborted_prefetch,PASS
/blog/bailiff-eviction-day-what-to-expect,mobile,https://landlordheaven.co.uk/lodger-agreement?_rsc=1n7tw,GET,fetch,0,net::ERR_ABORTED,expected_aborted_prefetch,PASS
/blog/bailiff-eviction-day-what-to-expect,mobile,https://landlordheaven.co.uk/eviction-guides?_rsc=1n7tw,GET,fetch,0,net::ERR_ABORTED,expected_aborted_prefetch,PASS
/blog/bailiff-eviction-day-what-to-expect,mobile,https://landlordheaven.co.uk/cookies?_rsc=1n7tw,GET,fetch,0,net::ERR_ABORTED,expected_aborted_prefetch,PASS
/blog/bailiff-eviction-day-what-to-expect,mobile,https://landlordheaven.co.uk/privacy?_rsc=1n7tw,GET,fetch,0,net::ERR_ABORTED,expected_aborted_prefetch,PASS
/blog/bailiff-eviction-day-what-to-expect,mobile,https://landlordheaven.co.uk/refunds?_rsc=1n7tw,GET,fetch,0,net::ERR_ABORTED,expected_aborted_prefetch,PASS
/blog/bailiff-eviction-day-what-to-expect,mobile,https://landlordheaven.co.uk/terms?_rsc=1n7tw,GET,fetch,0,net::ERR_ABORTED,expected_aborted_prefetch,PASS
/blog/bailiff-eviction-day-what-to-expect,mobile,https://landlordheaven.co.uk/about?_rsc=1n7tw,GET,fetch,0,net::ERR_ABORTED,expected_aborted_prefetch,PASS
/blog/bailiff-eviction-day-what-to-expect,mobile,https://landlordheaven.co.uk/help?_rsc=1n7tw,GET,fetch,0,net::ERR_ABORTED,expected_aborted_prefetch,PASS
/blog/bailiff-eviction-day-what-to-expect,mobile,https://landlordheaven.co.uk/contact?_rsc=1n7tw,GET,fetch,0,net::ERR_ABORTED,expected_aborted_prefetch,PASS
/blog/bailiff-eviction-day-what-to-expect,mobile,https://landlordheaven.co.uk/samples?_rsc=1n7tw,GET,fetch,0,net::ERR_ABORTED,expected_aborted_prefetch,PASS
/blog/bailiff-eviction-day-what-to-expect,mobile,https://landlordheaven.co.uk/tools?_rsc=1n7tw,GET,fetch,0,net::ERR_ABORTED,expected_aborted_prefetch,PASS
/blog/bailiff-eviction-day-what-to-expect,mobile,https://landlordheaven.co.uk/student-tenancy-agreement?_rsc=1n7tw,GET,fetch,0,net::ERR_ABORTED,expected_aborted_prefetch,PASS
/blog/bailiff-eviction-day-what-to-expect,mobile,https://landlordheaven.co.uk/premium-tenancy-agreement?_rsc=1n7tw,GET,fetch,0,net::ERR_ABORTED,expected_aborted_prefetch,PASS
/blog/bailiff-eviction-day-what-to-expect,mobile,https://landlordheaven.co.uk/hmo-shared-house-tenancy-agreement?_rsc=1n7tw,GET,fetch,0,net::ERR_ABORTED,expected_aborted_prefetch,PASS
/blog/bailiff-eviction-day-what-to-expect,mobile,https://landlordheaven.co.uk/standard-tenancy-agreement?_rsc=1n7tw,GET,fetch,0,net::ERR_ABORTED,expected_aborted_prefetch,PASS
/blog/bailiff-eviction-day-what-to-expect,mobile,https://landlordheaven.co.uk/refunds?_rsc=12ftr,GET,fetch,0,net::ERR_ABORTED,expected_aborted_prefetch,PASS
/blog/bailiff-eviction-day-what-to-expect,mobile,https://landlordheaven.co.uk/products/ast?_rsc=1n7tw,GET,fetch,0,net::ERR_ABORTED,expected_aborted_prefetch,PASS
/blog/bailiff-eviction-day-what-to-expect,mobile,https://landlordheaven.co.uk/cookies?_rsc=12ftr,GET,fetch,0,net::ERR_ABORTED,expected_aborted_prefetch,PASS
/blog/bailiff-eviction-day-what-to-expect,mobile,https://landlordheaven.co.uk/privacy?_rsc=12ftr,GET,fetch,0,net::ERR_ABORTED,expected_aborted_prefetch,PASS
/blog/bailiff-eviction-day-what-to-expect,mobile,https://landlordheaven.co.uk/help?_rsc=12ftr,GET,fetch,0,net::ERR_ABORTED,expected_aborted_prefetch,PASS
/blog/bailiff-eviction-day-what-to-expect,mobile,https://landlordheaven.co.uk/terms?_rsc=12ftr,GET,fetch,0,net::ERR_ABORTED,expected_aborted_prefetch,PASS
/blog/bailiff-eviction-day-what-to-expect,mobile,https://landlordheaven.co.uk/contact?_rsc=12ftr,GET,fetch,0,net::ERR_ABORTED,expected_aborted_prefetch,PASS
/blog/bailiff-eviction-day-what-to-expect,mobile,https://landlordheaven.co.uk/section-8-notice?_rsc=12ftr,GET,fetch,0,net::ERR_ABORTED,expected_aborted_prefetch,PASS
/blog/bailiff-eviction-day-what-to-expect,mobile,https://landlordheaven.co.uk/samples?_rsc=12ftr,GET,fetch,0,net::ERR_ABORTED,expected_aborted_prefetch,PASS
/blog/bailiff-eviction-day-what-to-expect,mobile,https://landlordheaven.co.uk/tools?_rsc=12ftr,GET,fetch,0,net::ERR_ABORTED,expected_aborted_prefetch,PASS
/blog/bailiff-eviction-day-what-to-expect,mobile,https://landlordheaven.co.uk/eviction-guides?_rsc=12ftr,GET,fetch,0,net::ERR_ABORTED,expected_aborted_prefetch,PASS
/blog/bailiff-eviction-day-what-to-expect,mobile,https://landlordheaven.co.uk/lodger-agreement?_rsc=12ftr,GET,fetch,0,net::ERR_ABORTED,expected_aborted_prefetch,PASS
/blog/bailiff-eviction-day-what-to-expect,mobile,https://landlordheaven.co.uk/hmo-shared-house-tenancy-agreement?_rsc=12ftr,GET,fetch,0,net::ERR_ABORTED,expected_aborted_prefetch,PASS
/blog/bailiff-eviction-day-what-to-expect,mobile,https://landlordheaven.co.uk/student-tenancy-agreement?_rsc=12ftr,GET,fetch,0,net::ERR_ABORTED,expected_aborted_prefetch,PASS
/blog/bailiff-eviction-day-what-to-expect,mobile,https://landlordheaven.co.uk/premium-tenancy-agreement?_rsc=12ftr,GET,fetch,0,net::ERR_ABORTED,expected_aborted_prefetch,PASS
/blog/bailiff-eviction-day-what-to-expect,mobile,https://landlordheaven.co.uk/standard-tenancy-agreement?_rsc=12ftr,GET,fetch,0,net::ERR_ABORTED,expected_aborted_prefetch,PASS
/blog/bailiff-eviction-day-what-to-expect,mobile,https://landlordheaven.co.uk/assisted-prep/start?service=money_claim&product=money_claim&src=blog_assisted_cta&_rsc=12ftr,GET,fetch,0,net::ERR_ABORTED,expected_aborted_prefetch,PASS
/blog/bailiff-eviction-day-what-to-expect,mobile,https://landlordheaven.co.uk/bailiff-eviction-process?_rsc=12ftr,GET,fetch,0,net::ERR_ABORTED,expected_aborted_prefetch,PASS
/blog/bailiff-eviction-day-what-to-expect,mobile,https://landlordheaven.co.uk/products/notice-only?_rsc=1n7tw,GET,fetch,0,net::ERR_ABORTED,expected_aborted_prefetch,PASS
/blog/bailiff-eviction-day-what-to-expect,mobile,https://landlordheaven.co.uk/warrant-of-possession-guide?_rsc=12ftr,GET,fetch,0,net::ERR_ABORTED,expected_aborted_prefetch,PASS
/blog/bailiff-eviction-day-what-to-expect,mobile,https://landlordheaven.co.uk/evict-tenant-not-paying-rent?_rsc=12ftr,GET,fetch,0,net::ERR_ABORTED,expected_aborted_prefetch,PASS
/blog/bailiff-eviction-day-what-to-expect,mobile,https://landlordheaven.co.uk/products/notice-only?_rsc=12ftr,GET,fetch,0,net::ERR_ABORTED,expected_aborted_prefetch,PASS
/blog/bailiff-eviction-day-what-to-expect,mobile,https://landlordheaven.co.uk/how-to-evict-a-tenant-england?_rsc=12ftr,GET,fetch,0,net::ERR_ABORTED,expected_aborted_prefetch,PASS
/blog/bailiff-eviction-day-what-to-expect,mobile,https://region1.analytics.google.com/g/collect?v=2&tid=G-TBR4PEGY1K&gtm=45je67m0v9239287483za200zd9239287483&_p=1784939903277&gcd=13l3l3l3l1l1&npa=0&dma=0&ecid=871402665&_eu=AEAAACQC&ae=a&are=1&cid=1659606785.1784939904&frm=0&ibt=1&ngs=1&pscdl=&rcb=0&sr=390x844&uaa=x86&uab=64&uafvl=Chromium%3B143.0.7499.169%7CNot%2520A(Brand%3B24.0.0.0&uam=&uamb=0&uap=Windows&uapv=10.0.0&uaw=0&ul=en-us&_s=3&tag_exp=115938466~115938468~118897920~118897930~119896802&sid=1784939903&sct=1&seg=0&dl=https%3A%2F%2Flandlordheaven.co.uk%2Fblog%2Fbailiff-eviction-day-what-to-expect&dt=Bailiff%20Eviction%20Day%20-%20What%20to%20Expect%20(England%20Guide)&en=scroll&epn.percent_scrolled=90&_et=2&tfd=10245,POST,fetch,0,net::ERR_ABORTED,expected_aborted_prefetch,PASS
/blog/bailiff-eviction-day-what-to-expect,tablet,https://landlordheaven.co.uk/?_rsc=1n7tw,GET,fetch,0,net::ERR_ABORTED,expected_aborted_prefetch,PASS
/blog/bailiff-eviction-day-what-to-expect,tablet,https://landlordheaven.co.uk/products/complete-pack?_rsc=12ftr,GET,fetch,0,net::ERR_ABORTED,expected_aborted_prefetch,PASS
/blog/bailiff-eviction-day-what-to-expect,tablet,https://landlordheaven.co.uk/?_rsc=12ftr,GET,fetch,0,net::ERR_ABORTED,expected_aborted_prefetch,PASS
/blog/bailiff-eviction-day-what-to-expect,tablet,https://landlordheaven.co.uk/blog?_rsc=12ftr,GET,fetch,0,net::ERR_ABORTED,expected_aborted_prefetch,PASS
/blog/bailiff-eviction-day-what-to-expect,tablet,https://region1.analytics.google.com/g/collect?v=2&tid=G-TBR4PEGY1K&gtm=45je67m0v9239287483za200zd9239287483&_p=1784939918489&_gaz=1&gcd=13l3l3l3l1l1&npa=0&dma=0&ecid=1664421696&_eu=AAAAACAC&are=1&cid=770246864.1784939919&ec_mode=a&frm=0&ibt=1&ngs=1&pscdl=&rcb=17&sr=800x600&uaa=x86&uab=64&uafvl=Chromium%3B143.0.7499.169%7CNot%2520A(Brand%3B24.0.0.0&uam=&uamb=0&uap=Windows&uapv=10.0.0&uaw=0&ul=en-us&_s=1&tag_exp=115938465~115938469~118897920~118897930~119527020~119896803&sid=1784939918&sct=1&seg=0&dl=https%3A%2F%2Flandlordheaven.co.uk%2Fblog%2Fbailiff-eviction-day-what-to-expect&dt=Bailiff%20Eviction%20Day%20-%20What%20to%20Expect%20(England%20Guide)&en=page_view&_fv=1&_nsi=1&_ss=1&_ee=1&tfd=1664,POST,fetch,0,net::ERR_ABORTED,expected_aborted_prefetch,PASS
/blog/bailiff-eviction-day-what-to-expect,tablet,https://landlordheaven.co.uk/how-to-evict-a-tenant-uk?_rsc=12ftr,GET,fetch,0,net::ERR_ABORTED,expected_aborted_prefetch,PASS
/blog/bailiff-eviction-day-what-to-expect,tablet,https://landlordheaven.co.uk/assisted-prep/start?service=section8&product=notice_only&src=blog_assisted_cta&_rsc=1n7tw,GET,fetch,0,net::ERR_ABORTED,expected_aborted_prefetch,PASS
/blog/bailiff-eviction-day-what-to-expect,tablet,https://landlordheaven.co.uk/assisted-prep/start?service=possession&product=complete_pack&src=blog_assisted_cta&_rsc=1n7tw,GET,fetch,0,net::ERR_ABORTED,expected_aborted_prefetch,PASS
/blog/bailiff-eviction-day-what-to-expect,tablet,https://landlordheaven.co.uk/assisted-prep/start?service=section8&product=notice_only&src=blog_assisted_cta&_rsc=12ftr,GET,fetch,0,net::ERR_ABORTED,expected_aborted_prefetch,PASS
/blog/bailiff-eviction-day-what-to-expect,tablet,https://landlordheaven.co.uk/assisted-prep/start?service=money_claim&product=money_claim&src=blog_assisted_cta&_rsc=1n7tw,GET,fetch,0,net::ERR_ABORTED,expected_aborted_prefetch,PASS
/blog/bailiff-eviction-day-what-to-expect,tablet,https://landlordheaven.co.uk/assisted-prep/start?service=possession&product=complete_pack&src=blog_assisted_cta&_rsc=12ftr,GET,fetch,0,net::ERR_ABORTED,expected_aborted_prefetch,PASS
/blog/bailiff-eviction-day-what-to-expect,tablet,https://landlordheaven.co.uk/tenant-stopped-paying-rent?_rsc=1n7tw,GET,fetch,0,net::ERR_ABORTED,expected_aborted_prefetch,PASS
/blog/bailiff-eviction-day-what-to-expect,tablet,https://landlordheaven.co.uk/how-to-evict-a-tenant-england?_rsc=1n7tw,GET,fetch,0,net::ERR_ABORTED,expected_aborted_prefetch,PASS
/blog/bailiff-eviction-day-what-to-expect,tablet,https://landlordheaven.co.uk/section-8-notice?_rsc=1n7tw,GET,fetch,0,net::ERR_ABORTED,expected_aborted_prefetch,PASS
/blog/bailiff-eviction-day-what-to-expect,tablet,https://landlordheaven.co.uk/evict-tenant-not-paying-rent?_rsc=1n7tw,GET,fetch,0,net::ERR_ABORTED,expected_aborted_prefetch,PASS
/blog/bailiff-eviction-day-what-to-expect,tablet,https://landlordheaven.co.uk/products/notice-only?_rsc=1n7tw,GET,fetch,0,net::ERR_ABORTED,expected_aborted_prefetch,PASS
/blog/bailiff-eviction-day-what-to-expect,tablet,https://landlordheaven.co.uk/warrant-of-possession-guide?_rsc=1n7tw,GET,fetch,0,net::ERR_ABORTED,expected_aborted_prefetch,PASS
/blog/bailiff-eviction-day-what-to-expect,tablet,https://landlordheaven.co.uk/bailiff-eviction-process?_rsc=1n7tw,GET,fetch,0,net::ERR_ABORTED,expected_aborted_prefetch,PASS
/blog/bailiff-eviction-day-what-to-expect,tablet,https://landlordheaven.co.uk/tenant-stopped-paying-rent?_rsc=12ftr,GET,fetch,0,net::ERR_ABORTED,expected_aborted_prefetch,PASS
/blog/bailiff-eviction-day-what-to-expect,tablet,https://landlordheaven.co.uk/evict-tenant-not-paying-rent?_rsc=12ftr,GET,fetch,0,net::ERR_ABORTED,expected_aborted_prefetch,PASS
/blog/bailiff-eviction-day-what-to-expect,tablet,https://landlordheaven.co.uk/section-8-notice?_rsc=12ftr,GET,fetch,0,net::ERR_ABORTED,expected_aborted_prefetch,PASS
/blog/bailiff-eviction-day-what-to-expect,tablet,https://landlordheaven.co.uk/how-to-evict-a-tenant-england?_rsc=12ftr,GET,fetch,0,net::ERR_ABORTED,expected_aborted_prefetch,PASS
/blog/bailiff-eviction-day-what-to-expect,tablet,https://landlordheaven.co.uk/products/notice-only?_rsc=12ftr,GET,fetch,0,net::ERR_ABORTED,expected_aborted_prefetch,PASS
/blog/bailiff-eviction-day-what-to-expect,tablet,https://landlordheaven.co.uk/bailiff-eviction-process?_rsc=12ftr,GET,fetch,0,net::ERR_ABORTED,expected_aborted_prefetch,PASS
/blog/bailiff-eviction-day-what-to-expect,tablet,https://landlordheaven.co.uk/warrant-of-possession-guide?_rsc=12ftr,GET,fetch,0,net::ERR_ABORTED,expected_aborted_prefetch,PASS
/blog/bailiff-eviction-day-what-to-expect,tablet,https://landlordheaven.co.uk/assisted-prep/start?service=money_claim&product=money_claim&src=blog_assisted_cta&_rsc=12ftr,GET,fetch,0,net::ERR_ABORTED,expected_aborted_prefetch,PASS
/blog/bailiff-eviction-day-what-to-expect,desktop,https://landlordheaven.co.uk/blog?_rsc=1n7tw,GET,fetch,0,net::ERR_ABORTED,expected_aborted_prefetch,PASS
/blog/bailiff-eviction-day-what-to-expect,desktop,https://landlordheaven.co.uk/auth/login?_rsc=1n7tw,GET,fetch,0,net::ERR_ABORTED,expected_aborted_prefetch,PASS
/blog/bailiff-eviction-day-what-to-expect,desktop,https://landlordheaven.co.uk/?_rsc=1n7tw,GET,fetch,0,net::ERR_ABORTED,expected_aborted_prefetch,PASS
/blog/bailiff-eviction-day-what-to-expect,desktop,https://landlordheaven.co.uk/rent-increase?_rsc=1n7tw,GET,fetch,0,net::ERR_ABORTED,expected_aborted_prefetch,PASS
/blog/bailiff-eviction-day-what-to-expect,desktop,https://region1.analytics.google.com/g/collect?v=2&tid=G-TBR4PEGY1K&gtm=45je67m0v9239287483za200zd9239287483&_p=1784939944096&_gaz=1&gcd=13l3l3l3l1l1&npa=0&dma=0&ecid=1679771512&_eu=AAAAACAC&are=1&cid=32928552.1784939944&ec_mode=a&frm=0&ibt=1&ngs=1&pscdl=&rcb=13&sr=800x600&uaa=x86&uab=64&uafvl=Chromium%3B143.0.7499.169%7CNot%2520A(Brand%3B24.0.0.0&uam=&uamb=0&uap=Windows&uapv=10.0.0&uaw=0&ul=en-us&_s=1&tag_exp=115938465~115938468~118897920~118897930~119896802&sid=1784939944&sct=1&seg=0&dl=https%3A%2F%2Flandlordheaven.co.uk%2Fblog%2Fbailiff-eviction-day-what-to-expect&dt=Bailiff%20Eviction%20Day%20-%20What%20to%20Expect%20(England%20Guide)&en=page_view&_fv=1&_nsi=1&_ss=1&_ee=1&tfd=1572,POST,fetch,0,net::ERR_ABORTED,expected_aborted_prefetch,PASS
/blog/bailiff-eviction-day-what-to-expect,desktop,https://landlordheaven.co.uk/blog?_rsc=12ftr,GET,fetch,0,net::ERR_ABORTED,expected_aborted_prefetch,PASS
/blog/bailiff-eviction-day-what-to-expect,desktop,https://landlordheaven.co.uk/?_rsc=12ftr,GET,fetch,0,net::ERR_ABORTED,expected_aborted_prefetch,PASS
/blog/bailiff-eviction-day-what-to-expect,desktop,https://landlordheaven.co.uk/auth/login?_rsc=jcqw2,GET,fetch,0,net::ERR_ABORTED,expected_aborted_prefetch,PASS
/blog/bailiff-eviction-day-what-to-expect,desktop,https://landlordheaven.co.uk/tools?_rsc=1n7tw,GET,fetch,0,net::ERR_ABORTED,expected_aborted_prefetch,PASS
/blog/bailiff-eviction-day-what-to-expect,desktop,https://landlordheaven.co.uk/tools?_rsc=12ftr,GET,fetch,0,net::ERR_ABORTED,expected_aborted_prefetch,PASS
/blog/bailiff-eviction-day-what-to-expect,desktop,https://landlordheaven.co.uk/products/ast?_rsc=12ftr,GET,fetch,0,net::ERR_ABORTED,expected_aborted_prefetch,PASS
/blog/bailiff-eviction-day-what-to-expect,desktop,https://landlordheaven.co.uk/products/complete-pack?_rsc=1n7tw,GET,fetch,0,net::ERR_ABORTED,expected_aborted_prefetch,PASS
/blog/bailiff-eviction-day-what-to-expect,desktop,https://landlordheaven.co.uk/products/complete-pack?_rsc=12ftr,GET,fetch,0,net::ERR_ABORTED,expected_aborted_prefetch,PASS
/blog/bailiff-eviction-day-what-to-expect,desktop,https://landlordheaven.co.uk/money-claim-unpaid-rent?_rsc=1n7tw,GET,fetch,0,net::ERR_ABORTED,expected_aborted_prefetch,PASS
/blog/bailiff-eviction-day-what-to-expect,desktop,https://landlordheaven.co.uk/how-to-evict-a-tenant-uk?_rsc=1n7tw,GET,fetch,0,net::ERR_ABORTED,expected_aborted_prefetch,PASS
/blog/bailiff-eviction-day-what-to-expect,desktop,https://landlordheaven.co.uk/money-claim-unpaid-rent?_rsc=12ftr,GET,fetch,0,net::ERR_ABORTED,expected_aborted_prefetch,PASS
/blog/bailiff-eviction-day-what-to-expect,desktop,https://landlordheaven.co.uk/warrant-of-possession-guide?_rsc=1n7tw,GET,fetch,0,net::ERR_ABORTED,expected_aborted_prefetch,PASS
/blog/bailiff-eviction-day-what-to-expect,desktop,https://landlordheaven.co.uk/bailiff-eviction-process?_rsc=1n7tw,GET,fetch,0,net::ERR_ABORTED,expected_aborted_prefetch,PASS
/blog/bailiff-eviction-day-what-to-expect,desktop,https://landlordheaven.co.uk/assisted-prep/start?service=money_claim&product=money_claim&src=blog_assisted_cta&_rsc=1n7tw,GET,fetch,0,net::ERR_ABORTED,expected_aborted_prefetch,PASS
/blog/bailiff-eviction-day-what-to-expect,desktop,https://landlordheaven.co.uk/assisted-prep/start?service=possession&product=complete_pack&src=blog_assisted_cta&_rsc=1n7tw,GET,fetch,0,net::ERR_ABORTED,expected_aborted_prefetch,PASS
/blog/bailiff-eviction-day-what-to-expect,desktop,https://landlordheaven.co.uk/assisted-prep/start?service=section8&product=notice_only&src=blog_assisted_cta&_rsc=1n7tw,GET,fetch,0,net::ERR_ABORTED,expected_aborted_prefetch,PASS
/blog/bailiff-eviction-day-what-to-expect,desktop,https://region1.analytics.google.com/g/collect?v=2&tid=G-TBR4PEGY1K&gtm=45je67m0v9239287483za200zd9239287483&_p=1784939944096&gcd=13l3l3l3l1l1&npa=0&dma=0&ecid=1679771512&_eu=AAAAACQC&are=1&cid=32928552.1784939944&frm=0&ibt=1&ngs=1&pscdl=&rcb=13&sr=800x600&uaa=x86&uab=64&uafvl=Chromium%3B143.0.7499.169%7CNot%2520A(Brand%3B24.0.0.0&uam=&uamb=0&uap=Windows&uapv=10.0.0&uaw=0&ul=en-us&tag_exp=115938465~115938468~118897920~118897930~119896802&sid=1784939944&sct=1&seg=0&dl=https%3A%2F%2Flandlordheaven.co.uk%2Fblog%2Fbailiff-eviction-day-what-to-expect&dt=Bailiff%20Eviction%20Day%20-%20What%20to%20Expect%20(England%20Guide)&_s=2&tfd=4709,POST,fetch,0,net::ERR_ABORTED,expected_aborted_prefetch,PASS
/blog/bailiff-eviction-day-what-to-expect,desktop,https://landlordheaven.co.uk/tenant-stopped-paying-rent?_rsc=1n7tw,GET,fetch,0,net::ERR_ABORTED,expected_aborted_prefetch,PASS
/blog/bailiff-eviction-day-what-to-expect,desktop,https://landlordheaven.co.uk/blog/england-form-3a-eviction-notice-generator-after-renters-rights-act?_rsc=1n7tw,GET,fetch,0,net::ERR_ABORTED,expected_aborted_prefetch,PASS
/blog/bailiff-eviction-day-what-to-expect,desktop,https://landlordheaven.co.uk/blog/england-complete-eviction-pack-after-section-21-ban?_rsc=1n7tw,GET,fetch,0,net::ERR_ABORTED,expected_aborted_prefetch,PASS
/blog/bailiff-eviction-day-what-to-expect,desktop,https://landlordheaven.co.uk/section-8-notice?_rsc=1n7tw,GET,fetch,0,net::ERR_ABORTED,expected_aborted_prefetch,PASS
/blog/bailiff-eviction-day-what-to-expect,desktop,https://landlordheaven.co.uk/refunds?_rsc=1n7tw,GET,fetch,0,net::ERR_ABORTED,expected_aborted_prefetch,PASS
/blog/bailiff-eviction-day-what-to-expect,desktop,https://landlordheaven.co.uk/privacy?_rsc=1n7tw,GET,fetch,0,net::ERR_ABORTED,expected_aborted_prefetch,PASS
/blog/bailiff-eviction-day-what-to-expect,desktop,https://landlordheaven.co.uk/cookies?_rsc=1n7tw,GET,fetch,0,net::ERR_ABORTED,expected_aborted_prefetch,PASS
/blog/bailiff-eviction-day-what-to-expect,desktop,https://landlordheaven.co.uk/terms?_rsc=1n7tw,GET,fetch,0,net::ERR_ABORTED,expected_aborted_prefetch,PASS
/blog/bailiff-eviction-day-what-to-expect,desktop,https://landlordheaven.co.uk/help?_rsc=1n7tw,GET,fetch,0,net::ERR_ABORTED,expected_aborted_prefetch,PASS
/blog/bailiff-eviction-day-what-to-expect,desktop,https://landlordheaven.co.uk/about?_rsc=1n7tw,GET,fetch,0,net::ERR_ABORTED,expected_aborted_prefetch,PASS
/blog/bailiff-eviction-day-what-to-expect,desktop,https://landlordheaven.co.uk/contact?_rsc=1n7tw,GET,fetch,0,net::ERR_ABORTED,expected_aborted_prefetch,PASS
/blog/bailiff-eviction-day-what-to-expect,desktop,https://landlordheaven.co.uk/samples?_rsc=1n7tw,GET,fetch,0,net::ERR_ABORTED,expected_aborted_prefetch,PASS
/blog/bailiff-eviction-day-what-to-expect,desktop,https://landlordheaven.co.uk/eviction-guides?_rsc=1n7tw,GET,fetch,0,net::ERR_ABORTED,expected_aborted_prefetch,PASS
/blog/bailiff-eviction-day-what-to-expect,desktop,https://landlordheaven.co.uk/hmo-shared-house-tenancy-agreement?_rsc=1n7tw,GET,fetch,0,net::ERR_ABORTED,expected_aborted_prefetch,PASS
/blog/bailiff-eviction-day-what-to-expect,desktop,https://landlordheaven.co.uk/lodger-agreement?_rsc=1n7tw,GET,fetch,0,net::ERR_ABORTED,expected_aborted_prefetch,PASS
/blog/bailiff-eviction-day-what-to-expect,desktop,https://landlordheaven.co.uk/student-tenancy-agreement?_rsc=1n7tw,GET,fetch,0,net::ERR_ABORTED,expected_aborted_prefetch,PASS
/blog/bailiff-eviction-day-what-to-expect,desktop,https://landlordheaven.co.uk/premium-tenancy-agreement?_rsc=1n7tw,GET,fetch,0,net::ERR_ABORTED,expected_aborted_prefetch,PASS
/blog/bailiff-eviction-day-what-to-expect,desktop,https://landlordheaven.co.uk/standard-tenancy-agreement?_rsc=1n7tw,GET,fetch,0,net::ERR_ABORTED,expected_aborted_prefetch,PASS
/blog/bailiff-eviction-day-what-to-expect,desktop,https://landlordheaven.co.uk/pricing?_rsc=1n7tw,GET,fetch,0,net::ERR_ABORTED,expected_aborted_prefetch,PASS
/blog/bailiff-eviction-day-what-to-expect,desktop,https://landlordheaven.co.uk/blog/england-possession-hearing?_rsc=1n7tw,GET,fetch,0,net::ERR_ABORTED,expected_aborted_prefetch,PASS
/blog/bailiff-eviction-day-what-to-expect,desktop,https://landlordheaven.co.uk/blog/england-county-court-forms?_rsc=1n7tw,GET,fetch,0,net::ERR_ABORTED,expected_aborted_prefetch,PASS
/blog/bailiff-eviction-day-what-to-expect,desktop,https://landlordheaven.co.uk/cookies?_rsc=12ftr,GET,fetch,0,net::ERR_ABORTED,expected_aborted_prefetch,PASS
/blog/bailiff-eviction-day-what-to-expect,desktop,https://landlordheaven.co.uk/refunds?_rsc=12ftr,GET,fetch,0,net::ERR_ABORTED,expected_aborted_prefetch,PASS
/blog/bailiff-eviction-day-what-to-expect,desktop,https://landlordheaven.co.uk/terms?_rsc=12ftr,GET,fetch,0,net::ERR_ABORTED,expected_aborted_prefetch,PASS
/blog/bailiff-eviction-day-what-to-expect,desktop,https://landlordheaven.co.uk/privacy?_rsc=12ftr,GET,fetch,0,net::ERR_ABORTED,expected_aborted_prefetch,PASS
/blog/bailiff-eviction-day-what-to-expect,desktop,https://landlordheaven.co.uk/help?_rsc=12ftr,GET,fetch,0,net::ERR_ABORTED,expected_aborted_prefetch,PASS
/blog/bailiff-eviction-day-what-to-expect,desktop,https://landlordheaven.co.uk/contact?_rsc=12ftr,GET,fetch,0,net::ERR_ABORTED,expected_aborted_prefetch,PASS
/blog/bailiff-eviction-day-what-to-expect,desktop,https://landlordheaven.co.uk/section-8-notice?_rsc=12ftr,GET,fetch,0,net::ERR_ABORTED,expected_aborted_prefetch,PASS
/blog/bailiff-eviction-day-what-to-expect,desktop,https://landlordheaven.co.uk/about?_rsc=12ftr,GET,fetch,0,net::ERR_ABORTED,expected_aborted_prefetch,PASS
/blog/bailiff-eviction-day-what-to-expect,desktop,https://landlordheaven.co.uk/hmo-shared-house-tenancy-agreement?_rsc=12ftr,GET,fetch,0,net::ERR_ABORTED,expected_aborted_prefetch,PASS
/blog/bailiff-eviction-day-what-to-expect,desktop,https://landlordheaven.co.uk/eviction-guides?_rsc=12ftr,GET,fetch,0,net::ERR_ABORTED,expected_aborted_prefetch,PASS
/blog/bailiff-eviction-day-what-to-expect,desktop,https://landlordheaven.co.uk/samples?_rsc=12ftr,GET,fetch,0,net::ERR_ABORTED,expected_aborted_prefetch,PASS
/blog/bailiff-eviction-day-what-to-expect,desktop,https://landlordheaven.co.uk/lodger-agreement?_rsc=12ftr,GET,fetch,0,net::ERR_ABORTED,expected_aborted_prefetch,PASS
/blog/bailiff-eviction-day-what-to-expect,desktop,https://region1.analytics.google.com/g/collect?v=2&tid=G-TBR4PEGY1K&gtm=45je67m0v9239287483za200zd9239287483&_p=1784939944096&gcd=13l3l3l3l1l1&npa=0&dma=0&ecid=1679771512&_eu=AEAAACQC&ae=a&are=1&cid=32928552.1784939944&frm=0&ibt=1&ngs=1&pscdl=&rcb=13&sr=800x600&uaa=x86&uab=64&uafvl=Chromium%3B143.0.7499.169%7CNot%2520A(Brand%3B24.0.0.0&uam=&uamb=0&uap=Windows&uapv=10.0.0&uaw=0&ul=en-us&_s=3&tag_exp=115938465~115938468~118897920~118897930~119896802&sid=1784939944&sct=1&seg=0&dl=https%3A%2F%2Flandlordheaven.co.uk%2Fblog%2Fbailiff-eviction-day-what-to-expect&dt=Bailiff%20Eviction%20Day%20-%20What%20to%20Expect%20(England%20Guide)&en=scroll&epn.percent_scrolled=90&_et=3&tfd=9713,POST,fetch,0,net::ERR_ABORTED,expected_aborted_prefetch,PASS
/blog/bailiff-eviction-day-what-to-expect,desktop,https://landlordheaven.co.uk/how-to-evict-a-tenant-uk?_rsc=12ftr,GET,fetch,0,net::ERR_ABORTED,expected_aborted_prefetch,PASS
/blog/bailiff-eviction-day-what-to-expect,desktop,https://landlordheaven.co.uk/tenant-stopped-paying-rent?_rsc=12ftr,GET,fetch,0,net::ERR_ABORTED,expected_aborted_prefetch,PASS
/eviction-cost-uk,mobile,https://landlordheaven.co.uk/?_rsc=1dpp5,GET,fetch,0,net::ERR_ABORTED,expected_aborted_prefetch,PASS
/eviction-cost-uk,mobile,https://landlordheaven.co.uk/products/complete-pack?_rsc=1dpp5,GET,fetch,0,net::ERR_ABORTED,expected_aborted_prefetch,PASS
/eviction-cost-uk,mobile,https://landlordheaven.co.uk/?_rsc=1ctbi,GET,fetch,0,net::ERR_ABORTED,expected_aborted_prefetch,PASS
/eviction-cost-uk,mobile,https://landlordheaven.co.uk/products/money-claim?_rsc=1ctbi,GET,fetch,0,net::ERR_ABORTED,expected_aborted_prefetch,PASS
/eviction-cost-uk,mobile,https://landlordheaven.co.uk/products/complete-pack?_rsc=1ctbi,GET,fetch,0,net::ERR_ABORTED,expected_aborted_prefetch,PASS
/eviction-cost-uk,mobile,https://region1.analytics.google.com/g/collect?v=2&tid=G-TBR4PEGY1K&gtm=45je67m0h1v9239287483za200zd9239287483&_p=1784939955566&_gaz=1&gcd=13l3l3l3l1l1&npa=0&dma=0&ecid=2060663432&_eu=AAAAACAC&are=1&cid=461922199.1784939956&ec_mode=a&frm=0&ibt=1&ngs=1&pscdl=&rcb=5&sr=390x844&uaa=x86&uab=64&uafvl=Chromium%3B143.0.7499.169%7CNot%2520A(Brand%3B24.0.0.0&uam=&uamb=0&uap=Windows&uapv=10.0.0&uaw=0&ul=en-us&_s=1&tag_exp=115616985~115938465~115938468~118897920~118897930~119259605~119724320~119896802&sid=1784939956&sct=1&seg=0&dl=https%3A%2F%2Flandlordheaven.co.uk%2Feviction-cost-uk&dt=How%20Much%20Does%20Eviction%20Cost%20UK%3F%20Full%20Breakdown%20(2026)&en=page_view&_fv=1&_nsi=1&_ss=1&_ee=1&tfd=1697,POST,fetch,0,net::ERR_ABORTED,expected_aborted_prefetch,PASS
/eviction-cost-uk,mobile,https://landlordheaven.co.uk/tenant-not-paying-rent?_rsc=1dpp5,GET,fetch,0,net::ERR_ABORTED,expected_aborted_prefetch,PASS
/eviction-cost-uk,mobile,https://landlordheaven.co.uk/tenant-not-paying-rent?_rsc=1ctbi,GET,fetch,0,net::ERR_ABORTED,expected_aborted_prefetch,PASS
/eviction-cost-uk,mobile,https://landlordheaven.co.uk/eviction-process-uk?_rsc=1dpp5,GET,fetch,0,net::ERR_ABORTED,expected_aborted_prefetch,PASS
/eviction-cost-uk,mobile,https://landlordheaven.co.uk/eviction-cost-uk?_rsc=1dpp5,GET,fetch,0,net::ERR_ABORTED,expected_aborted_prefetch,PASS
/eviction-cost-uk,mobile,https://landlordheaven.co.uk/eviction-cost-uk?_rsc=1ctbi,GET,fetch,0,net::ERR_ABORTED,expected_aborted_prefetch,PASS
/eviction-cost-uk,mobile,https://landlordheaven.co.uk/products/notice-only?_rsc=1ctbi,GET,fetch,0,net::ERR_ABORTED,expected_aborted_prefetch,PASS
/eviction-cost-uk,mobile,https://landlordheaven.co.uk/section-8-notice-template?_rsc=1dpp5,GET,fetch,0,net::ERR_ABORTED,expected_aborted_prefetch,PASS
/eviction-cost-uk,mobile,https://landlordheaven.co.uk/section-8-notice-template?_rsc=1ctbi,GET,fetch,0,net::ERR_ABORTED,expected_aborted_prefetch,PASS
/eviction-cost-uk,mobile,https://landlordheaven.co.uk/money-claim-unpaid-rent?_rsc=1dpp5,GET,fetch,0,net::ERR_ABORTED,expected_aborted_prefetch,PASS
/eviction-cost-uk,mobile,https://region1.analytics.google.com/g/collect?v=2&tid=G-TBR4PEGY1K&gtm=45je67m0h1v9239287483za200zd9239287483&_p=1784939955566&gcd=13l3l3l3l1l1&npa=0&dma=0&ecid=2060663432&_eu=AAAAACQC&are=1&cid=461922199.1784939956&frm=0&ibt=1&ngs=1&pscdl=&rcb=5&sr=390x844&uaa=x86&uab=64&uafvl=Chromium%3B143.0.7499.169%7CNot%2520A(Brand%3B24.0.0.0&uam=&uamb=0&uap=Windows&uapv=10.0.0&uaw=0&ul=en-us&tag_exp=115616985~115938465~115938468~118897920~118897930~119259605~119724320~119896802&dt=How%20Much%20Does%20Eviction%20Cost%20UK%3F%20Full%20Breakdown%20(2026)&sid=1784939956&sct=1&seg=0&dl=https%3A%2F%2Flandlordheaven.co.uk%2Feviction-cost-uk&_s=2&tfd=5653,POST,fetch,0,net::ERR_ABORTED,expected_aborted_prefetch,PASS
/eviction-cost-uk,mobile,https://landlordheaven.co.uk/eviction-process-uk?_rsc=1ctbi,GET,fetch,0,net::ERR_ABORTED,expected_aborted_prefetch,PASS
/eviction-cost-uk,mobile,https://landlordheaven.co.uk/eviction-guides?_rsc=1dpp5,GET,fetch,0,net::ERR_ABORTED,expected_aborted_prefetch,PASS
/eviction-cost-uk,mobile,https://landlordheaven.co.uk/blog?_rsc=1dpp5,GET,fetch,0,net::ERR_ABORTED,expected_aborted_prefetch,PASS
/eviction-cost-uk,mobile,https://landlordheaven.co.uk/refunds?_rsc=1dpp5,GET,fetch,0,net::ERR_ABORTED,expected_aborted_prefetch,PASS
/eviction-cost-uk,mobile,https://landlordheaven.co.uk/cookies?_rsc=1dpp5,GET,fetch,0,net::ERR_ABORTED,expected_aborted_prefetch,PASS
/eviction-cost-uk,mobile,https://landlordheaven.co.uk/privacy?_rsc=1dpp5,GET,fetch,0,net::ERR_ABORTED,expected_aborted_prefetch,PASS
/eviction-cost-uk,mobile,https://landlordheaven.co.uk/terms?_rsc=1dpp5,GET,fetch,0,net::ERR_ABORTED,expected_aborted_prefetch,PASS
/eviction-cost-uk,mobile,https://landlordheaven.co.uk/help?_rsc=1dpp5,GET,fetch,0,net::ERR_ABORTED,expected_aborted_prefetch,PASS
/eviction-cost-uk,mobile,https://landlordheaven.co.uk/contact?_rsc=1dpp5,GET,fetch,0,net::ERR_ABORTED,expected_aborted_prefetch,PASS
/eviction-cost-uk,mobile,https://landlordheaven.co.uk/about?_rsc=1dpp5,GET,fetch,0,net::ERR_ABORTED,expected_aborted_prefetch,PASS
/eviction-cost-uk,mobile,https://landlordheaven.co.uk/section-8-notice?_rsc=1dpp5,GET,fetch,0,net::ERR_ABORTED,expected_aborted_prefetch,PASS
/eviction-cost-uk,mobile,https://landlordheaven.co.uk/samples?_rsc=1dpp5,GET,fetch,0,net::ERR_ABORTED,expected_aborted_prefetch,PASS
/eviction-cost-uk,mobile,https://landlordheaven.co.uk/lodger-agreement?_rsc=1dpp5,GET,fetch,0,net::ERR_ABORTED,expected_aborted_prefetch,PASS
/eviction-cost-uk,mobile,https://landlordheaven.co.uk/hmo-shared-house-tenancy-agreement?_rsc=1dpp5,GET,fetch,0,net::ERR_ABORTED,expected_aborted_prefetch,PASS
/eviction-cost-uk,mobile,https://landlordheaven.co.uk/tools?_rsc=1dpp5,GET,fetch,0,net::ERR_ABORTED,expected_aborted_prefetch,PASS
/eviction-cost-uk,mobile,https://landlordheaven.co.uk/student-tenancy-agreement?_rsc=1dpp5,GET,fetch,0,net::ERR_ABORTED,expected_aborted_prefetch,PASS
/eviction-cost-uk,mobile,https://landlordheaven.co.uk/premium-tenancy-agreement?_rsc=1dpp5,GET,fetch,0,net::ERR_ABORTED,expected_aborted_prefetch,PASS
/eviction-cost-uk,mobile,https://landlordheaven.co.uk/standard-tenancy-agreement?_rsc=1dpp5,GET,fetch,0,net::ERR_ABORTED,expected_aborted_prefetch,PASS
/eviction-cost-uk,mobile,https://landlordheaven.co.uk/products/ast?_rsc=1dpp5,GET,fetch,0,net::ERR_ABORTED,expected_aborted_prefetch,PASS
/eviction-cost-uk,mobile,https://landlordheaven.co.uk/refunds?_rsc=1ctbi,GET,fetch,0,net::ERR_ABORTED,expected_aborted_prefetch,PASS
/eviction-cost-uk,mobile,https://landlordheaven.co.uk/cookies?_rsc=1ctbi,GET,fetch,0,net::ERR_ABORTED,expected_aborted_prefetch,PASS
/eviction-cost-uk,mobile,https://landlordheaven.co.uk/privacy?_rsc=1ctbi,GET,fetch,0,net::ERR_ABORTED,expected_aborted_prefetch,PASS
/eviction-cost-uk,mobile,https://landlordheaven.co.uk/terms?_rsc=1ctbi,GET,fetch,0,net::ERR_ABORTED,expected_aborted_prefetch,PASS
/eviction-cost-uk,mobile,https://landlordheaven.co.uk/help?_rsc=1ctbi,GET,fetch,0,net::ERR_ABORTED,expected_aborted_prefetch,PASS
/eviction-cost-uk,mobile,https://landlordheaven.co.uk/contact?_rsc=1ctbi,GET,fetch,0,net::ERR_ABORTED,expected_aborted_prefetch,PASS
/eviction-cost-uk,mobile,https://landlordheaven.co.uk/ask-heaven?_rsc=1ctbi,GET,fetch,0,net::ERR_ABORTED,expected_aborted_prefetch,PASS
/eviction-cost-uk,mobile,https://landlordheaven.co.uk/about?_rsc=1ctbi,GET,fetch,0,net::ERR_ABORTED,expected_aborted_prefetch,PASS
/eviction-cost-uk,mobile,https://region1.analytics.google.com/g/collect?v=2&tid=G-TBR4PEGY1K&gtm=45je67m0h1v9239287483za200zd9239287483&_p=1784939955566&gcd=13l3l3l3l1l1&npa=0&dma=0&ecid=2060663432&_eu=AEAAACQC&ae=a&are=1&cid=461922199.1784939956&frm=0&ibt=1&ngs=1&pscdl=&rcb=5&sr=390x844&uaa=x86&uab=64&uafvl=Chromium%3B143.0.7499.169%7CNot%2520A(Brand%3B24.0.0.0&uam=&uamb=0&uap=Windows&uapv=10.0.0&uaw=0&ul=en-us&_s=3&tag_exp=115616985~115938465~115938468~118897920~118897930~119259605~119724320~119896802&sid=1784939956&sct=1&seg=0&dl=https%3A%2F%2Flandlordheaven.co.uk%2Feviction-cost-uk&dt=How%20Much%20Does%20Eviction%20Cost%20UK%3F%20Full%20Breakdown%20(2026)&en=scroll&epn.percent_scrolled=90&_et=2&tfd=10660,POST,fetch,0,net::ERR_ABORTED,expected_aborted_prefetch,PASS
/eviction-cost-uk,tablet,https://landlordheaven.co.uk/?_rsc=1dpp5,GET,fetch,0,net::ERR_ABORTED,expected_aborted_prefetch,PASS
/eviction-cost-uk,tablet,https://landlordheaven.co.uk/products/money-claim?_rsc=1dpp5,GET,fetch,0,net::ERR_ABORTED,expected_aborted_prefetch,PASS
/eviction-cost-uk,tablet,https://landlordheaven.co.uk/products/complete-pack?_rsc=1dpp5,GET,fetch,0,net::ERR_ABORTED,expected_aborted_prefetch,PASS
/eviction-cost-uk,tablet,https://landlordheaven.co.uk/products/money-claim?_rsc=1ctbi,GET,fetch,0,net::ERR_ABORTED,expected_aborted_prefetch,PASS
/eviction-cost-uk,tablet,https://landlordheaven.co.uk/?_rsc=1ctbi,GET,fetch,0,net::ERR_ABORTED,expected_aborted_prefetch,PASS
/eviction-cost-uk,tablet,https://landlordheaven.co.uk/products/complete-pack?_rsc=1ctbi,GET,fetch,0,net::ERR_ABORTED,expected_aborted_prefetch,PASS
/eviction-cost-uk,tablet,https://region1.analytics.google.com/g/collect?v=2&tid=G-TBR4PEGY1K&gtm=45je67m0v9239287483za200zd9239287483&_p=1784939969178&_gaz=1&gcd=13l3l3l3l1l1&npa=0&dma=0&ecid=1844274084&_eu=AAAAACAC&are=1&cid=1632199362.1784939970&ec_mode=a&frm=0&ibt=1&ngs=1&pscdl=&rcb=14&sr=800x600&uaa=x86&uab=64&uafvl=Chromium%3B143.0.7499.169%7CNot%2520A(Brand%3B24.0.0.0&uam=&uamb=0&uap=Windows&uapv=10.0.0&uaw=0&ul=en-us&_s=1&tag_exp=115938466~115938468~118897920~118897930~119527019~119724322~119896802&sid=1784939969&sct=1&seg=0&dl=https%3A%2F%2Flandlordheaven.co.uk%2Feviction-cost-uk&dt=How%20Much%20Does%20Eviction%20Cost%20UK%3F%20Full%20Breakdown%20(2026)&en=page_view&_fv=1&_nsi=1&_ss=1&_ee=1&tfd=1643,POST,fetch,0,net::ERR_ABORTED,expected_aborted_prefetch,PASS
/eviction-cost-uk,tablet,https://landlordheaven.co.uk/tenant-not-paying-rent?_rsc=1dpp5,GET,fetch,0,net::ERR_ABORTED,expected_aborted_prefetch,PASS
/eviction-cost-uk,tablet,https://landlordheaven.co.uk/eviction-process-uk?_rsc=1ctbi,GET,fetch,0,net::ERR_ABORTED,expected_aborted_prefetch,PASS
/eviction-cost-uk,tablet,https://landlordheaven.co.uk/eviction-cost-uk?_rsc=1dpp5,GET,fetch,0,net::ERR_ABORTED,expected_aborted_prefetch,PASS
/eviction-cost-uk,tablet,https://landlordheaven.co.uk/products/notice-only?_rsc=1dpp5,GET,fetch,0,net::ERR_ABORTED,expected_aborted_prefetch,PASS
/eviction-cost-uk,tablet,https://landlordheaven.co.uk/money-claim-unpaid-rent?_rsc=1dpp5,GET,fetch,0,net::ERR_ABORTED,expected_aborted_prefetch,PASS
/eviction-cost-uk,tablet,https://landlordheaven.co.uk/section-8-notice-template?_rsc=1dpp5,GET,fetch,0,net::ERR_ABORTED,expected_aborted_prefetch,PASS
/eviction-cost-uk,tablet,https://landlordheaven.co.uk/products/notice-only?_rsc=1ctbi,GET,fetch,0,net::ERR_ABORTED,expected_aborted_prefetch,PASS
/eviction-cost-uk,tablet,https://landlordheaven.co.uk/money-claim-unpaid-rent?_rsc=1ctbi,GET,fetch,0,net::ERR_ABORTED,expected_aborted_prefetch,PASS
/eviction-cost-uk,tablet,https://region1.analytics.google.com/g/collect?v=2&tid=G-TBR4PEGY1K&gtm=45je67m0v9239287483za200zd9239287483&_p=1784939969178&gcd=13l3l3l3l1l1&npa=0&dma=0&ecid=1844274084&_eu=AAAAACQC&are=1&cid=1632199362.1784939970&frm=0&ibt=1&ngs=1&pscdl=&rcb=14&sr=800x600&uaa=x86&uab=64&uafvl=Chromium%3B143.0.7499.169%7CNot%2520A(Brand%3B24.0.0.0&uam=&uamb=0&uap=Windows&uapv=10.0.0&uaw=0&ul=en-us&tag_exp=115938466~115938468~118897920~118897930~119527019~119724322~119896802&dt=How%20Much%20Does%20Eviction%20Cost%20UK%3F%20Full%20Breakdown%20(2026)&sid=1784939969&sct=1&seg=0&dl=https%3A%2F%2Flandlordheaven.co.uk%2Feviction-cost-uk&_s=2&tfd=4334,POST,fetch,0,net::ERR_ABORTED,expected_aborted_prefetch,PASS
/eviction-cost-uk,tablet,https://landlordheaven.co.uk/how-to-evict-tenant?_rsc=1dpp5,GET,fetch,0,net::ERR_ABORTED,expected_aborted_prefetch,PASS
/eviction-cost-uk,tablet,https://landlordheaven.co.uk/privacy?_rsc=1dpp5,GET,fetch,0,net::ERR_ABORTED,expected_aborted_prefetch,PASS
/eviction-cost-uk,tablet,https://landlordheaven.co.uk/terms?_rsc=1dpp5,GET,fetch,0,net::ERR_ABORTED,expected_aborted_prefetch,PASS
/eviction-cost-uk,tablet,https://landlordheaven.co.uk/contact?_rsc=1dpp5,GET,fetch,0,net::ERR_ABORTED,expected_aborted_prefetch,PASS
/eviction-cost-uk,tablet,https://landlordheaven.co.uk/help?_rsc=1dpp5,GET,fetch,0,net::ERR_ABORTED,expected_aborted_prefetch,PASS
/eviction-cost-uk,tablet,https://landlordheaven.co.uk/refunds?_rsc=1dpp5,GET,fetch,0,net::ERR_ABORTED,expected_aborted_prefetch,PASS
/eviction-cost-uk,tablet,https://landlordheaven.co.uk/cookies?_rsc=1dpp5,GET,fetch,0,net::ERR_ABORTED,expected_aborted_prefetch,PASS
/eviction-cost-uk,tablet,https://landlordheaven.co.uk/about?_rsc=1dpp5,GET,fetch,0,net::ERR_ABORTED,expected_aborted_prefetch,PASS
/eviction-cost-uk,tablet,https://landlordheaven.co.uk/ask-heaven?_rsc=1dpp5,GET,fetch,0,net::ERR_ABORTED,expected_aborted_prefetch,PASS
/eviction-cost-uk,tablet,https://landlordheaven.co.uk/samples?_rsc=1dpp5,GET,fetch,0,net::ERR_ABORTED,expected_aborted_prefetch,PASS
/eviction-cost-uk,tablet,https://landlordheaven.co.uk/tools?_rsc=1dpp5,GET,fetch,0,net::ERR_ABORTED,expected_aborted_prefetch,PASS
/eviction-cost-uk,tablet,https://landlordheaven.co.uk/blog?_rsc=1dpp5,GET,fetch,0,net::ERR_ABORTED,expected_aborted_prefetch,PASS
/eviction-cost-uk,tablet,https://landlordheaven.co.uk/eviction-guides?_rsc=1dpp5,GET,fetch,0,net::ERR_ABORTED,expected_aborted_prefetch,PASS
/eviction-cost-uk,tablet,https://landlordheaven.co.uk/hmo-shared-house-tenancy-agreement?_rsc=1dpp5,GET,fetch,0,net::ERR_ABORTED,expected_aborted_prefetch,PASS
/eviction-cost-uk,tablet,https://landlordheaven.co.uk/premium-tenancy-agreement?_rsc=1dpp5,GET,fetch,0,net::ERR_ABORTED,expected_aborted_prefetch,PASS
/eviction-cost-uk,tablet,https://landlordheaven.co.uk/student-tenancy-agreement?_rsc=1dpp5,GET,fetch,0,net::ERR_ABORTED,expected_aborted_prefetch,PASS
/eviction-cost-uk,tablet,https://landlordheaven.co.uk/standard-tenancy-agreement?_rsc=1dpp5,GET,fetch,0,net::ERR_ABORTED,expected_aborted_prefetch,PASS
/eviction-cost-uk,tablet,https://landlordheaven.co.uk/pricing?_rsc=1dpp5,GET,fetch,0,net::ERR_ABORTED,expected_aborted_prefetch,PASS
/eviction-cost-uk,tablet,https://landlordheaven.co.uk/section-21-ban-uk?_rsc=1dpp5,GET,fetch,0,net::ERR_ABORTED,expected_aborted_prefetch,PASS
/eviction-cost-uk,tablet,https://landlordheaven.co.uk/assisted-prep?_rsc=1dpp5,GET,fetch,0,net::ERR_ABORTED,expected_aborted_prefetch,PASS
/eviction-cost-uk,tablet,https://landlordheaven.co.uk/rent-increase?_rsc=1dpp5,GET,fetch,0,net::ERR_ABORTED,expected_aborted_prefetch,PASS
/eviction-cost-uk,tablet,https://landlordheaven.co.uk/refunds?_rsc=1ctbi,GET,fetch,0,net::ERR_ABORTED,expected_aborted_prefetch,PASS
/eviction-cost-uk,tablet,https://landlordheaven.co.uk/section-21-ban-uk?_rsc=1ctbi,GET,fetch,0,net::ERR_ABORTED,expected_aborted_prefetch,PASS
/eviction-cost-uk,tablet,https://landlordheaven.co.uk/ask-heaven?_rsc=1ctbi,GET,fetch,0,net::ERR_ABORTED,expected_aborted_prefetch,PASS
/eviction-cost-uk,tablet,https://landlordheaven.co.uk/cookies?_rsc=1ctbi,GET,fetch,0,net::ERR_ABORTED,expected_aborted_prefetch,PASS
/eviction-cost-uk,tablet,https://landlordheaven.co.uk/privacy?_rsc=1ctbi,GET,fetch,0,net::ERR_ABORTED,expected_aborted_prefetch,PASS
/eviction-cost-uk,tablet,https://landlordheaven.co.uk/terms?_rsc=1ctbi,GET,fetch,0,net::ERR_ABORTED,expected_aborted_prefetch,PASS
/eviction-cost-uk,tablet,https://landlordheaven.co.uk/help?_rsc=1ctbi,GET,fetch,0,net::ERR_ABORTED,expected_aborted_prefetch,PASS
/eviction-cost-uk,tablet,https://landlordheaven.co.uk/contact?_rsc=1ctbi,GET,fetch,0,net::ERR_ABORTED,expected_aborted_prefetch,PASS
/eviction-cost-uk,tablet,https://landlordheaven.co.uk/about?_rsc=1ctbi,GET,fetch,0,net::ERR_ABORTED,expected_aborted_prefetch,PASS
/eviction-cost-uk,tablet,https://landlordheaven.co.uk/section-8-notice?_rsc=1ctbi,GET,fetch,0,net::ERR_ABORTED,expected_aborted_prefetch,PASS
/eviction-cost-uk,tablet,https://landlordheaven.co.uk/samples?_rsc=1ctbi,GET,fetch,0,net::ERR_ABORTED,expected_aborted_prefetch,PASS
/eviction-cost-uk,tablet,https://landlordheaven.co.uk/tools?_rsc=1ctbi,GET,fetch,0,net::ERR_ABORTED,expected_aborted_prefetch,PASS
/eviction-cost-uk,tablet,https://region1.analytics.google.com/g/collect?v=2&tid=G-TBR4PEGY1K&gtm=45je67m0v9239287483za200zd9239287483&_p=1784939969178&gcd=13l3l3l3l1l1&npa=0&dma=0&ecid=1844274084&_eu=AEAAACQC&ae=a&are=1&cid=1632199362.1784939970&frm=0&ibt=1&ngs=1&pscdl=&rcb=14&sr=800x600&uaa=x86&uab=64&uafvl=Chromium%3B143.0.7499.169%7CNot%2520A(Brand%3B24.0.0.0&uam=&uamb=0&uap=Windows&uapv=10.0.0&uaw=0&ul=en-us&_s=3&tag_exp=115938466~115938468~118897920~118897930~119527019~119724322~119896802&sid=1784939969&sct=1&seg=0&dl=https%3A%2F%2Flandlordheaven.co.uk%2Feviction-cost-uk&dt=How%20Much%20Does%20Eviction%20Cost%20UK%3F%20Full%20Breakdown%20(2026)&en=scroll&epn.percent_scrolled=90&_et=3&tfd=9335,POST,fetch,0,net::ERR_ABORTED,expected_aborted_prefetch,PASS
/eviction-cost-uk,tablet,https://landlordheaven.co.uk/eviction-cost-uk?_rsc=1ctbi,GET,fetch,0,net::ERR_ABORTED,expected_aborted_prefetch,PASS
/eviction-cost-uk,tablet,https://landlordheaven.co.uk/section-8-notice-template?_rsc=1ctbi,GET,fetch,0,net::ERR_ABORTED,expected_aborted_prefetch,PASS
/eviction-cost-uk,desktop,https://landlordheaven.co.uk/products/money-claim?_rsc=1dpp5,GET,fetch,0,net::ERR_ABORTED,expected_aborted_prefetch,PASS
/eviction-cost-uk,desktop,https://landlordheaven.co.uk/auth/login?_rsc=1dpp5,GET,fetch,0,net::ERR_ABORTED,expected_aborted_prefetch,PASS
/eviction-cost-uk,desktop,https://landlordheaven.co.uk/products/complete-pack?_rsc=1dpp5,GET,fetch,0,net::ERR_ABORTED,expected_aborted_prefetch,PASS
/eviction-cost-uk,desktop,https://landlordheaven.co.uk/rent-increase?_rsc=1dpp5,GET,fetch,0,net::ERR_ABORTED,expected_aborted_prefetch,PASS
/eviction-cost-uk,desktop,https://landlordheaven.co.uk/assisted-prep?_rsc=1dpp5,GET,fetch,0,net::ERR_ABORTED,expected_aborted_prefetch,PASS
/eviction-cost-uk,desktop,https://landlordheaven.co.uk/tools?_rsc=1dpp5,GET,fetch,0,net::ERR_ABORTED,expected_aborted_prefetch,PASS
/eviction-cost-uk,desktop,https://landlordheaven.co.uk/products/notice-only?_rsc=1dpp5,GET,fetch,0,net::ERR_ABORTED,expected_aborted_prefetch,PASS
/eviction-cost-uk,desktop,https://landlordheaven.co.uk/products/ast?_rsc=1dpp5,GET,fetch,0,net::ERR_ABORTED,expected_aborted_prefetch,PASS
/eviction-cost-uk,desktop,https://landlordheaven.co.uk/?_rsc=1dpp5,GET,fetch,0,net::ERR_ABORTED,expected_aborted_prefetch,PASS
/eviction-cost-uk,desktop,https://landlordheaven.co.uk/products/money-claim?_rsc=1ctbi,GET,fetch,0,net::ERR_ABORTED,expected_aborted_prefetch,PASS
/eviction-cost-uk,desktop,https://landlordheaven.co.uk/products/complete-pack?_rsc=1ctbi,GET,fetch,0,net::ERR_ABORTED,expected_aborted_prefetch,PASS
/eviction-cost-uk,desktop,https://landlordheaven.co.uk/auth/login?_rsc=ssls1,GET,fetch,0,net::ERR_ABORTED,expected_aborted_prefetch,PASS
/eviction-cost-uk,desktop,https://region1.analytics.google.com/g/collect?v=2&tid=G-TBR4PEGY1K&gtm=45je67m0v9239287483za200zd9239287483&_p=1784939992353&_gaz=1&gcd=13l3l3l3l1l1&npa=0&dma=0&ecid=964075346&_eu=AAAAACAC&are=1&cid=121340411.1784939993&ec_mode=a&frm=0&ibt=1&ngs=1&pscdl=&rcb=3&sr=800x600&uaa=x86&uab=64&uafvl=Chromium%3B143.0.7499.169%7CNot%2520A(Brand%3B24.0.0.0&uam=&uamb=0&uap=Windows&uapv=10.0.0&uaw=0&ul=en-us&_s=1&tag_exp=115616986~115938466~115938468~118395335~118897920~118897930~119896802&sid=1784939992&sct=1&seg=0&dl=https%3A%2F%2Flandlordheaven.co.uk%2Feviction-cost-uk&dt=How%20Much%20Does%20Eviction%20Cost%20UK%3F%20Full%20Breakdown%20(2026)&en=page_view&_fv=1&_nsi=1&_ss=1&_ee=1&tfd=1712,POST,fetch,0,net::ERR_ABORTED,expected_aborted_prefetch,PASS
/eviction-cost-uk,desktop,https://landlordheaven.co.uk/rent-increase?_rsc=1ctbi,GET,fetch,0,net::ERR_ABORTED,expected_aborted_prefetch,PASS
/eviction-cost-uk,desktop,https://landlordheaven.co.uk/products/notice-only?_rsc=1ctbi,GET,fetch,0,net::ERR_ABORTED,expected_aborted_prefetch,PASS
/eviction-cost-uk,desktop,https://landlordheaven.co.uk/assisted-prep?_rsc=1ctbi,GET,fetch,0,net::ERR_ABORTED,expected_aborted_prefetch,PASS
/eviction-cost-uk,desktop,https://landlordheaven.co.uk/products/ast?_rsc=1ctbi,GET,fetch,0,net::ERR_ABORTED,expected_aborted_prefetch,PASS
/eviction-cost-uk,desktop,https://landlordheaven.co.uk/tools?_rsc=1ctbi,GET,fetch,0,net::ERR_ABORTED,expected_aborted_prefetch,PASS
/eviction-cost-uk,desktop,https://landlordheaven.co.uk/?_rsc=1ctbi,GET,fetch,0,net::ERR_ABORTED,expected_aborted_prefetch,PASS
/eviction-cost-uk,desktop,https://landlordheaven.co.uk/eviction-process-uk?_rsc=1dpp5,GET,fetch,0,net::ERR_ABORTED,expected_aborted_prefetch,PASS
/eviction-cost-uk,desktop,https://landlordheaven.co.uk/tenant-not-paying-rent?_rsc=1dpp5,GET,fetch,0,net::ERR_ABORTED,expected_aborted_prefetch,PASS
/eviction-cost-uk,desktop,https://landlordheaven.co.uk/eviction-cost-uk?_rsc=1ctbi,GET,fetch,0,net::ERR_ABORTED,expected_aborted_prefetch,PASS
/eviction-cost-uk,desktop,https://landlordheaven.co.uk/money-claim-unpaid-rent?_rsc=1dpp5,GET,fetch,0,net::ERR_ABORTED,expected_aborted_prefetch,PASS
/eviction-cost-uk,desktop,https://landlordheaven.co.uk/section-8-notice-template?_rsc=1dpp5,GET,fetch,0,net::ERR_ABORTED,expected_aborted_prefetch,PASS
/eviction-cost-uk,desktop,https://landlordheaven.co.uk/money-claim-unpaid-rent?_rsc=1ctbi,GET,fetch,0,net::ERR_ABORTED,expected_aborted_prefetch,PASS
/eviction-cost-uk,desktop,https://region1.analytics.google.com/g/collect?v=2&tid=G-TBR4PEGY1K&gtm=45je67m0v9239287483za200zd9239287483&_p=1784939992353&gcd=13l3l3l3l1l1&npa=0&dma=0&ecid=964075346&_eu=AAAAACQC&are=1&cid=121340411.1784939993&frm=0&ibt=1&ngs=1&pscdl=&rcb=3&sr=800x600&uaa=x86&uab=64&uafvl=Chromium%3B143.0.7499.169%7CNot%2520A(Brand%3B24.0.0.0&uam=&uamb=0&uap=Windows&uapv=10.0.0&uaw=0&ul=en-us&tag_exp=115616986~115938466~115938468~118395335~118897920~118897930~119896802&dt=How%20Much%20Does%20Eviction%20Cost%20UK%3F%20Full%20Breakdown%20(2026)&sid=1784939992&sct=1&seg=0&dl=https%3A%2F%2Flandlordheaven.co.uk%2Feviction-cost-uk&_s=2&tfd=4405,POST,fetch,0,net::ERR_ABORTED,expected_aborted_prefetch,PASS
/eviction-cost-uk,desktop,https://landlordheaven.co.uk/refunds?_rsc=1dpp5,GET,fetch,0,net::ERR_ABORTED,expected_aborted_prefetch,PASS
/eviction-cost-uk,desktop,https://landlordheaven.co.uk/cookies?_rsc=1dpp5,GET,fetch,0,net::ERR_ABORTED,expected_aborted_prefetch,PASS
/eviction-cost-uk,desktop,https://landlordheaven.co.uk/privacy?_rsc=1dpp5,GET,fetch,0,net::ERR_ABORTED,expected_aborted_prefetch,PASS
/eviction-cost-uk,desktop,https://landlordheaven.co.uk/terms?_rsc=1dpp5,GET,fetch,0,net::ERR_ABORTED,expected_aborted_prefetch,PASS
/eviction-cost-uk,desktop,https://landlordheaven.co.uk/help?_rsc=1dpp5,GET,fetch,0,net::ERR_ABORTED,expected_aborted_prefetch,PASS
/eviction-cost-uk,desktop,https://landlordheaven.co.uk/contact?_rsc=1dpp5,GET,fetch,0,net::ERR_ABORTED,expected_aborted_prefetch,PASS
/eviction-cost-uk,desktop,https://landlordheaven.co.uk/about?_rsc=1dpp5,GET,fetch,0,net::ERR_ABORTED,expected_aborted_prefetch,PASS
/eviction-cost-uk,desktop,https://landlordheaven.co.uk/ask-heaven?_rsc=1dpp5,GET,fetch,0,net::ERR_ABORTED,expected_aborted_prefetch,PASS
/eviction-cost-uk,desktop,https://landlordheaven.co.uk/samples?_rsc=1dpp5,GET,fetch,0,net::ERR_ABORTED,expected_aborted_prefetch,PASS
/eviction-cost-uk,desktop,https://landlordheaven.co.uk/eviction-guides?_rsc=1dpp5,GET,fetch,0,net::ERR_ABORTED,expected_aborted_prefetch,PASS
/eviction-cost-uk,desktop,https://landlordheaven.co.uk/section-8-notice?_rsc=1dpp5,GET,fetch,0,net::ERR_ABORTED,expected_aborted_prefetch,PASS
/eviction-cost-uk,desktop,https://landlordheaven.co.uk/blog?_rsc=1dpp5,GET,fetch,0,net::ERR_ABORTED,expected_aborted_prefetch,PASS
/eviction-cost-uk,desktop,https://landlordheaven.co.uk/lodger-agreement?_rsc=1dpp5,GET,fetch,0,net::ERR_ABORTED,expected_aborted_prefetch,PASS
/eviction-cost-uk,desktop,https://landlordheaven.co.uk/hmo-shared-house-tenancy-agreement?_rsc=1dpp5,GET,fetch,0,net::ERR_ABORTED,expected_aborted_prefetch,PASS
/eviction-cost-uk,desktop,https://landlordheaven.co.uk/section-21-ban-uk?_rsc=1dpp5,GET,fetch,0,net::ERR_ABORTED,expected_aborted_prefetch,PASS
/eviction-cost-uk,desktop,https://landlordheaven.co.uk/standard-tenancy-agreement?_rsc=1dpp5,GET,fetch,0,net::ERR_ABORTED,expected_aborted_prefetch,PASS
/eviction-cost-uk,desktop,https://landlordheaven.co.uk/pricing?_rsc=1dpp5,GET,fetch,0,net::ERR_ABORTED,expected_aborted_prefetch,PASS
/eviction-cost-uk,desktop,https://landlordheaven.co.uk/how-to-evict-tenant?_rsc=1dpp5,GET,fetch,0,net::ERR_ABORTED,expected_aborted_prefetch,PASS
/eviction-cost-uk,desktop,https://landlordheaven.co.uk/section-21-ban-uk?_rsc=1ctbi,GET,fetch,0,net::ERR_ABORTED,expected_aborted_prefetch,PASS
/eviction-cost-uk,desktop,https://landlordheaven.co.uk/refunds?_rsc=1ctbi,GET,fetch,0,net::ERR_ABORTED,expected_aborted_prefetch,PASS
/eviction-cost-uk,desktop,https://landlordheaven.co.uk/cookies?_rsc=1ctbi,GET,fetch,0,net::ERR_ABORTED,expected_aborted_prefetch,PASS
/eviction-cost-uk,desktop,https://landlordheaven.co.uk/help?_rsc=1ctbi,GET,fetch,0,net::ERR_ABORTED,expected_aborted_prefetch,PASS
/eviction-cost-uk,desktop,https://landlordheaven.co.uk/terms?_rsc=1ctbi,GET,fetch,0,net::ERR_ABORTED,expected_aborted_prefetch,PASS
/eviction-cost-uk,desktop,https://landlordheaven.co.uk/about?_rsc=1ctbi,GET,fetch,0,net::ERR_ABORTED,expected_aborted_prefetch,PASS
/eviction-cost-uk,desktop,https://landlordheaven.co.uk/ask-heaven?_rsc=1ctbi,GET,fetch,0,net::ERR_ABORTED,expected_aborted_prefetch,PASS
/eviction-cost-uk,desktop,https://landlordheaven.co.uk/section-8-notice?_rsc=1ctbi,GET,fetch,0,net::ERR_ABORTED,expected_aborted_prefetch,PASS
/eviction-cost-uk,desktop,https://landlordheaven.co.uk/contact?_rsc=1ctbi,GET,fetch,0,net::ERR_ABORTED,expected_aborted_prefetch,PASS
/eviction-cost-uk,desktop,https://region1.analytics.google.com/g/collect?v=2&tid=G-TBR4PEGY1K&gtm=45je67m0v9239287483za200zd9239287483&_p=1784939992353&gcd=13l3l3l3l1l1&npa=0&dma=0&ecid=964075346&_eu=AEAAACQC&ae=a&are=1&cid=121340411.1784939993&frm=0&ibt=1&ngs=1&pscdl=&rcb=3&sr=800x600&uaa=x86&uab=64&uafvl=Chromium%3B143.0.7499.169%7CNot%2520A(Brand%3B24.0.0.0&uam=&uamb=0&uap=Windows&uapv=10.0.0&uaw=0&ul=en-us&_s=3&tag_exp=115616986~115938466~115938468~118395335~118897920~118897930~119896802&sid=1784939992&sct=1&seg=0&dl=https%3A%2F%2Flandlordheaven.co.uk%2Feviction-cost-uk&dt=How%20Much%20Does%20Eviction%20Cost%20UK%3F%20Full%20Breakdown%20(2026)&en=scroll&epn.percent_scrolled=90&_et=2&tfd=9406,POST,fetch,0,net::ERR_ABORTED,expected_aborted_prefetch,PASS
/eviction-cost-uk,desktop,https://landlordheaven.co.uk/tenant-not-paying-rent?_rsc=1ctbi,GET,fetch,0,net::ERR_ABORTED,expected_aborted_prefetch,PASS
/how-to-rent-guide,mobile,https://landlordheaven.co.uk/?_rsc=gx77l,GET,fetch,0,net::ERR_ABORTED,expected_aborted_prefetch,PASS
/how-to-rent-guide,mobile,https://landlordheaven.co.uk/products/ast?_rsc=1m9sw,GET,fetch,0,net::ERR_ABORTED,expected_aborted_prefetch,PASS
/how-to-rent-guide,mobile,https://landlordheaven.co.uk/products/notice-only?_rsc=1m9sw,GET,fetch,0,net::ERR_ABORTED,expected_aborted_prefetch,PASS
/how-to-rent-guide,mobile,https://landlordheaven.co.uk/?_rsc=1m9sw,GET,fetch,0,net::ERR_ABORTED,expected_aborted_prefetch,PASS
/how-to-rent-guide,mobile,https://region1.analytics.google.com/g/collect?v=2&tid=G-TBR4PEGY1K&gtm=45je67m0v9239287483za200zd9239287483&_p=1784940008252&_gaz=1&gcd=13l3l3l3l1l1&npa=0&dma=0&ecid=1277590910&_eu=AAAAACAC&are=1&cid=1066786744.1784940009&ec_mode=a&frm=0&ibt=1&ngs=1&pscdl=&rcb=12&sr=390x844&uaa=x86&uab=64&uafvl=Chromium%3B143.0.7499.169%7CNot%2520A(Brand%3B24.0.0.0&uam=&uamb=0&uap=Windows&uapv=10.0.0&uaw=0&ul=en-us&_s=1&tag_exp=115938465~115938469~118897920~118897930~119259606~119896803~120084214&sid=1784940008&sct=1&seg=0&dl=https%3A%2F%2Flandlordheaven.co.uk%2Fhow-to-rent-guide&dt=How%20to%20Rent%20Guide%202026%3A%20Compliance%20Check%20Before%20Notice&en=page_view&_fv=1&_nsi=1&_ss=1&_ee=1&tfd=1393,POST,fetch,0,net::ERR_ABORTED,expected_aborted_prefetch,PASS
/how-to-rent-guide,mobile,https://landlordheaven.co.uk/section-21-ban-uk?_rsc=gx77l,GET,fetch,0,net::ERR_ABORTED,expected_aborted_prefetch,PASS
/how-to-rent-guide,mobile,https://landlordheaven.co.uk/section-21-notice?_rsc=gx77l,GET,fetch,0,net::ERR_ABORTED,expected_aborted_prefetch,PASS
/how-to-rent-guide,mobile,https://landlordheaven.co.uk/section-21-ban-uk?_rsc=1m9sw,GET,fetch,0,net::ERR_ABORTED,expected_aborted_prefetch,PASS
/how-to-rent-guide,mobile,https://landlordheaven.co.uk/premium-tenancy-agreement?_rsc=gx77l,GET,fetch,0,net::ERR_ABORTED,expected_aborted_prefetch,PASS
/how-to-rent-guide,mobile,https://landlordheaven.co.uk/premium-tenancy-agreement?_rsc=1m9sw,GET,fetch,0,net::ERR_ABORTED,expected_aborted_prefetch,PASS
/how-to-rent-guide,mobile,https://landlordheaven.co.uk/tools/rent-increase-challenge-checker?_rsc=gx77l,GET,fetch,0,net::ERR_ABORTED,expected_aborted_prefetch,PASS
/how-to-rent-guide,mobile,https://region1.analytics.google.com/g/collect?v=2&tid=G-TBR4PEGY1K&gtm=45je67m0v9239287483za200zd9239287483&_p=1784940008252&gcd=13l3l3l3l1l1&npa=0&dma=0&ecid=1277590910&_eu=AAAAACQC&are=1&cid=1066786744.1784940009&frm=0&ibt=1&ngs=1&pscdl=&rcb=12&sr=390x844&uaa=x86&uab=64&uafvl=Chromium%3B143.0.7499.169%7CNot%2520A(Brand%3B24.0.0.0&uam=&uamb=0&uap=Windows&uapv=10.0.0&uaw=0&ul=en-us&tag_exp=115938465~115938469~118897920~118897930~119259606~119896803~120084214&dt=How%20to%20Rent%20Guide%202026%3A%20Compliance%20Check%20Before%20Notice&sid=1784940008&sct=1&seg=0&dl=https%3A%2F%2Flandlordheaven.co.uk%2Fhow-to-rent-guide&_s=2&tfd=3881,POST,fetch,0,net::ERR_ABORTED,expected_aborted_prefetch,PASS
/how-to-rent-guide,mobile,https://landlordheaven.co.uk/pricing?_rsc=gx77l,GET,fetch,0,net::ERR_ABORTED,expected_aborted_prefetch,PASS
/how-to-rent-guide,mobile,https://landlordheaven.co.uk/rent-increase?_rsc=gx77l,GET,fetch,0,net::ERR_ABORTED,expected_aborted_prefetch,PASS
/how-to-rent-guide,mobile,https://landlordheaven.co.uk/assisted-prep?_rsc=gx77l,GET,fetch,0,net::ERR_ABORTED,expected_aborted_prefetch,PASS
/how-to-rent-guide,mobile,https://landlordheaven.co.uk/products/money-claim?_rsc=gx77l,GET,fetch,0,net::ERR_ABORTED,expected_aborted_prefetch,PASS
/how-to-rent-guide,mobile,https://landlordheaven.co.uk/terms?_rsc=gx77l,GET,fetch,0,net::ERR_ABORTED,expected_aborted_prefetch,PASS
/how-to-rent-guide,mobile,https://landlordheaven.co.uk/contact?_rsc=gx77l,GET,fetch,0,net::ERR_ABORTED,expected_aborted_prefetch,PASS
/how-to-rent-guide,mobile,https://landlordheaven.co.uk/help?_rsc=gx77l,GET,fetch,0,net::ERR_ABORTED,expected_aborted_prefetch,PASS
/how-to-rent-guide,mobile,https://landlordheaven.co.uk/privacy?_rsc=gx77l,GET,fetch,0,net::ERR_ABORTED,expected_aborted_prefetch,PASS
/how-to-rent-guide,mobile,https://landlordheaven.co.uk/refunds?_rsc=gx77l,GET,fetch,0,net::ERR_ABORTED,expected_aborted_prefetch,PASS
/how-to-rent-guide,mobile,https://landlordheaven.co.uk/about?_rsc=gx77l,GET,fetch,0,net::ERR_ABORTED,expected_aborted_prefetch,PASS
/how-to-rent-guide,mobile,https://landlordheaven.co.uk/ask-heaven?_rsc=gx77l,GET,fetch,0,net::ERR_ABORTED,expected_aborted_prefetch,PASS
/how-to-rent-guide,mobile,https://landlordheaven.co.uk/cookies?_rsc=gx77l,GET,fetch,0,net::ERR_ABORTED,expected_aborted_prefetch,PASS
/how-to-rent-guide,mobile,https://landlordheaven.co.uk/tools?_rsc=gx77l,GET,fetch,0,net::ERR_ABORTED,expected_aborted_prefetch,PASS
/how-to-rent-guide,mobile,https://landlordheaven.co.uk/section-8-notice?_rsc=gx77l,GET,fetch,0,net::ERR_ABORTED,expected_aborted_prefetch,PASS
/how-to-rent-guide,mobile,https://landlordheaven.co.uk/samples?_rsc=gx77l,GET,fetch,0,net::ERR_ABORTED,expected_aborted_prefetch,PASS
/how-to-rent-guide,mobile,https://landlordheaven.co.uk/eviction-guides?_rsc=gx77l,GET,fetch,0,net::ERR_ABORTED,expected_aborted_prefetch,PASS
/how-to-rent-guide,mobile,https://landlordheaven.co.uk/lodger-agreement?_rsc=gx77l,GET,fetch,0,net::ERR_ABORTED,expected_aborted_prefetch,PASS
/how-to-rent-guide,mobile,https://landlordheaven.co.uk/hmo-shared-house-tenancy-agreement?_rsc=gx77l,GET,fetch,0,net::ERR_ABORTED,expected_aborted_prefetch,PASS
/how-to-rent-guide,mobile,https://landlordheaven.co.uk/student-tenancy-agreement?_rsc=gx77l,GET,fetch,0,net::ERR_ABORTED,expected_aborted_prefetch,PASS
/how-to-rent-guide,mobile,https://landlordheaven.co.uk/blog?_rsc=gx77l,GET,fetch,0,net::ERR_ABORTED,expected_aborted_prefetch,PASS
/how-to-rent-guide,mobile,https://landlordheaven.co.uk/refunds?_rsc=1m9sw,GET,fetch,0,net::ERR_ABORTED,expected_aborted_prefetch,PASS
/how-to-rent-guide,mobile,https://landlordheaven.co.uk/standard-tenancy-agreement?_rsc=gx77l,GET,fetch,0,net::ERR_ABORTED,expected_aborted_prefetch,PASS
/how-to-rent-guide,mobile,https://landlordheaven.co.uk/cookies?_rsc=1m9sw,GET,fetch,0,net::ERR_ABORTED,expected_aborted_prefetch,PASS
/how-to-rent-guide,mobile,https://landlordheaven.co.uk/privacy?_rsc=1m9sw,GET,fetch,0,net::ERR_ABORTED,expected_aborted_prefetch,PASS
/how-to-rent-guide,mobile,https://landlordheaven.co.uk/terms?_rsc=1m9sw,GET,fetch,0,net::ERR_ABORTED,expected_aborted_prefetch,PASS
/how-to-rent-guide,mobile,https://landlordheaven.co.uk/contact?_rsc=1m9sw,GET,fetch,0,net::ERR_ABORTED,expected_aborted_prefetch,PASS
/how-to-rent-guide,mobile,https://landlordheaven.co.uk/help?_rsc=1m9sw,GET,fetch,0,net::ERR_ABORTED,expected_aborted_prefetch,PASS
/how-to-rent-guide,mobile,https://landlordheaven.co.uk/about?_rsc=1m9sw,GET,fetch,0,net::ERR_ABORTED,expected_aborted_prefetch,PASS
/how-to-rent-guide,mobile,https://landlordheaven.co.uk/tools?_rsc=1m9sw,GET,fetch,0,net::ERR_ABORTED,expected_aborted_prefetch,PASS
/how-to-rent-guide,mobile,https://landlordheaven.co.uk/ask-heaven?_rsc=1m9sw,GET,fetch,0,net::ERR_ABORTED,expected_aborted_prefetch,PASS
/how-to-rent-guide,mobile,https://landlordheaven.co.uk/samples?_rsc=1m9sw,GET,fetch,0,net::ERR_ABORTED,expected_aborted_prefetch,PASS
/how-to-rent-guide,mobile,https://landlordheaven.co.uk/section-8-notice?_rsc=1m9sw,GET,fetch,0,net::ERR_ABORTED,expected_aborted_prefetch,PASS
/how-to-rent-guide,mobile,https://landlordheaven.co.uk/blog?_rsc=1m9sw,GET,fetch,0,net::ERR_ABORTED,expected_aborted_prefetch,PASS
/how-to-rent-guide,mobile,https://landlordheaven.co.uk/eviction-guides?_rsc=1m9sw,GET,fetch,0,net::ERR_ABORTED,expected_aborted_prefetch,PASS
/how-to-rent-guide,mobile,https://landlordheaven.co.uk/lodger-agreement?_rsc=1m9sw,GET,fetch,0,net::ERR_ABORTED,expected_aborted_prefetch,PASS
/how-to-rent-guide,mobile,https://landlordheaven.co.uk/hmo-shared-house-tenancy-agreement?_rsc=1m9sw,GET,fetch,0,net::ERR_ABORTED,expected_aborted_prefetch,PASS
/how-to-rent-guide,mobile,https://landlordheaven.co.uk/section-21-notice?_rsc=1m9sw,GET,fetch,0,net::ERR_ABORTED,expected_aborted_prefetch,PASS
/how-to-rent-guide,tablet,https://landlordheaven.co.uk/products/notice-only?_rsc=1m9sw,GET,fetch,0,net::ERR_ABORTED,expected_aborted_prefetch,PASS
/how-to-rent-guide,tablet,https://landlordheaven.co.uk/products/ast?_rsc=1m9sw,GET,fetch,0,net::ERR_ABORTED,expected_aborted_prefetch,PASS
/how-to-rent-guide,tablet,https://landlordheaven.co.uk/?_rsc=1m9sw,GET,fetch,0,net::ERR_ABORTED,expected_aborted_prefetch,PASS
/how-to-rent-guide,tablet,https://region1.analytics.google.com/g/collect?v=2&tid=G-TBR4PEGY1K&gtm=45je67m0v9239287483za200zd9239287483&_p=1784940016917&_gaz=1&gcd=13l3l3l3l1l1&npa=0&dma=0&ecid=2130414369&_eu=AAAAACAC&are=1&cid=248180323.1784940017&ec_mode=a&frm=0&ibt=1&ngs=1&pscdl=&rcb=15&sr=800x600&uaa=x86&uab=64&uafvl=Chromium%3B143.0.7499.169%7CNot%2520A(Brand%3B24.0.0.0&uam=&uamb=0&uap=Windows&uapv=10.0.0&uaw=0&ul=en-us&_s=1&tag_exp=115938465~115938469~118897920~118897930~119527020~119896802&sid=1784940017&sct=1&seg=0&dl=https%3A%2F%2Flandlordheaven.co.uk%2Fhow-to-rent-guide&dt=How%20to%20Rent%20Guide%202026%3A%20Compliance%20Check%20Before%20Notice&en=page_view&_fv=1&_nsi=1&_ss=1&_ee=1&tfd=1650,POST,fetch,0,net::ERR_ABORTED,expected_aborted_prefetch,PASS
/how-to-rent-guide,tablet,https://landlordheaven.co.uk/how-to-rent-guide?_rsc=gx77l,GET,fetch,0,net::ERR_ABORTED,expected_aborted_prefetch,PASS
/how-to-rent-guide,tablet,https://landlordheaven.co.uk/premium-tenancy-agreement?_rsc=gx77l,GET,fetch,0,net::ERR_ABORTED,expected_aborted_prefetch,PASS
/how-to-rent-guide,tablet,https://landlordheaven.co.uk/how-to-rent-guide?_rsc=1m9sw,GET,fetch,0,net::ERR_ABORTED,expected_aborted_prefetch,PASS
/how-to-rent-guide,tablet,https://region1.analytics.google.com/g/collect?v=2&tid=G-TBR4PEGY1K&gtm=45je67m0v9239287483za200zd9239287483&_p=1784940016917&gcd=13l3l3l3l1l1&npa=0&dma=0&ecid=2130414369&_eu=AAAAACQC&are=1&cid=248180323.1784940017&frm=0&ibt=1&ngs=1&pscdl=&rcb=15&sr=800x600&uaa=x86&uab=64&uafvl=Chromium%3B143.0.7499.169%7CNot%2520A(Brand%3B24.0.0.0&uam=&uamb=0&uap=Windows&uapv=10.0.0&uaw=0&ul=en-us&tag_exp=115938465~115938469~118897920~118897930~119527020~119896802&dt=How%20to%20Rent%20Guide%202026%3A%20Compliance%20Check%20Before%20Notice&sid=1784940017&sct=1&seg=0&dl=https%3A%2F%2Flandlordheaven.co.uk%2Fhow-to-rent-guide&_s=2&tfd=4218,POST,fetch,0,net::ERR_ABORTED,expected_aborted_prefetch,PASS
/how-to-rent-guide,tablet,https://landlordheaven.co.uk/standard-tenancy-agreement?_rsc=gx77l,GET,fetch,0,net::ERR_ABORTED,expected_aborted_prefetch,PASS
/how-to-rent-guide,tablet,https://landlordheaven.co.uk/assisted-prep?_rsc=gx77l,GET,fetch,0,net::ERR_ABORTED,expected_aborted_prefetch,PASS
/how-to-rent-guide,tablet,https://landlordheaven.co.uk/student-tenancy-agreement?_rsc=gx77l,GET,fetch,0,net::ERR_ABORTED,expected_aborted_prefetch,PASS
/how-to-rent-guide,tablet,https://landlordheaven.co.uk/products/money-claim?_rsc=gx77l,GET,fetch,0,net::ERR_ABORTED,expected_aborted_prefetch,PASS
/how-to-rent-guide,tablet,https://landlordheaven.co.uk/cookies?_rsc=gx77l,GET,fetch,0,net::ERR_ABORTED,expected_aborted_prefetch,PASS
/how-to-rent-guide,tablet,https://landlordheaven.co.uk/refunds?_rsc=gx77l,GET,fetch,0,net::ERR_ABORTED,expected_aborted_prefetch,PASS
/how-to-rent-guide,tablet,https://landlordheaven.co.uk/privacy?_rsc=gx77l,GET,fetch,0,net::ERR_ABORTED,expected_aborted_prefetch,PASS
/how-to-rent-guide,tablet,https://landlordheaven.co.uk/help?_rsc=gx77l,GET,fetch,0,net::ERR_ABORTED,expected_aborted_prefetch,PASS
/how-to-rent-guide,tablet,https://landlordheaven.co.uk/terms?_rsc=gx77l,GET,fetch,0,net::ERR_ABORTED,expected_aborted_prefetch,PASS
/how-to-rent-guide,tablet,https://landlordheaven.co.uk/about?_rsc=gx77l,GET,fetch,0,net::ERR_ABORTED,expected_aborted_prefetch,PASS
/how-to-rent-guide,tablet,https://landlordheaven.co.uk/contact?_rsc=gx77l,GET,fetch,0,net::ERR_ABORTED,expected_aborted_prefetch,PASS
/how-to-rent-guide,tablet,https://landlordheaven.co.uk/ask-heaven?_rsc=gx77l,GET,fetch,0,net::ERR_ABORTED,expected_aborted_prefetch,PASS
/how-to-rent-guide,tablet,https://landlordheaven.co.uk/samples?_rsc=gx77l,GET,fetch,0,net::ERR_ABORTED,expected_aborted_prefetch,PASS
/how-to-rent-guide,tablet,https://landlordheaven.co.uk/section-8-notice?_rsc=gx77l,GET,fetch,0,net::ERR_ABORTED,expected_aborted_prefetch,PASS
/how-to-rent-guide,tablet,https://landlordheaven.co.uk/tools?_rsc=gx77l,GET,fetch,0,net::ERR_ABORTED,expected_aborted_prefetch,PASS
/how-to-rent-guide,tablet,https://landlordheaven.co.uk/eviction-guides?_rsc=gx77l,GET,fetch,0,net::ERR_ABORTED,expected_aborted_prefetch,PASS
/how-to-rent-guide,tablet,https://landlordheaven.co.uk/hmo-shared-house-tenancy-agreement?_rsc=gx77l,GET,fetch,0,net::ERR_ABORTED,expected_aborted_prefetch,PASS
/how-to-rent-guide,tablet,https://landlordheaven.co.uk/blog?_rsc=gx77l,GET,fetch,0,net::ERR_ABORTED,expected_aborted_prefetch,PASS
/how-to-rent-guide,tablet,https://landlordheaven.co.uk/lodger-agreement?_rsc=gx77l,GET,fetch,0,net::ERR_ABORTED,expected_aborted_prefetch,PASS
/how-to-rent-guide,tablet,https://landlordheaven.co.uk/pricing?_rsc=gx77l,GET,fetch,0,net::ERR_ABORTED,expected_aborted_prefetch,PASS
/how-to-rent-guide,tablet,https://landlordheaven.co.uk/rent-increase?_rsc=gx77l,GET,fetch,0,net::ERR_ABORTED,expected_aborted_prefetch,PASS
/how-to-rent-guide,tablet,https://landlordheaven.co.uk/products/complete-pack?_rsc=gx77l,GET,fetch,0,net::ERR_ABORTED,expected_aborted_prefetch,PASS
/how-to-rent-guide,tablet,https://landlordheaven.co.uk/refunds?_rsc=1m9sw,GET,fetch,0,net::ERR_ABORTED,expected_aborted_prefetch,PASS
/how-to-rent-guide,tablet,https://landlordheaven.co.uk/cookies?_rsc=1m9sw,GET,fetch,0,net::ERR_ABORTED,expected_aborted_prefetch,PASS
/how-to-rent-guide,tablet,https://landlordheaven.co.uk/terms?_rsc=1m9sw,GET,fetch,0,net::ERR_ABORTED,expected_aborted_prefetch,PASS
/how-to-rent-guide,tablet,https://landlordheaven.co.uk/privacy?_rsc=1m9sw,GET,fetch,0,net::ERR_ABORTED,expected_aborted_prefetch,PASS
/how-to-rent-guide,tablet,https://landlordheaven.co.uk/contact?_rsc=1m9sw,GET,fetch,0,net::ERR_ABORTED,expected_aborted_prefetch,PASS
/how-to-rent-guide,tablet,https://landlordheaven.co.uk/about?_rsc=1m9sw,GET,fetch,0,net::ERR_ABORTED,expected_aborted_prefetch,PASS
/how-to-rent-guide,tablet,https://landlordheaven.co.uk/ask-heaven?_rsc=1m9sw,GET,fetch,0,net::ERR_ABORTED,expected_aborted_prefetch,PASS
/how-to-rent-guide,tablet,https://landlordheaven.co.uk/section-8-notice?_rsc=1m9sw,GET,fetch,0,net::ERR_ABORTED,expected_aborted_prefetch,PASS
/how-to-rent-guide,tablet,https://landlordheaven.co.uk/samples?_rsc=1m9sw,GET,fetch,0,net::ERR_ABORTED,expected_aborted_prefetch,PASS
/how-to-rent-guide,tablet,https://landlordheaven.co.uk/premium-tenancy-agreement?_rsc=1m9sw,GET,fetch,0,net::ERR_ABORTED,expected_aborted_prefetch,PASS
/how-to-rent-guide,tablet,https://region1.analytics.google.com/g/collect?v=2&tid=G-TBR4PEGY1K&gtm=45je67m0v9239287483za200zd9239287483&_p=1784940016917&gcd=13l3l3l3l1l1&npa=0&dma=0&ecid=2130414369&_eu=AEAAACQC&ae=a&are=1&cid=248180323.1784940017&frm=0&ibt=1&ngs=1&pscdl=&rcb=15&sr=800x600&uaa=x86&uab=64&uafvl=Chromium%3B143.0.7499.169%7CNot%2520A(Brand%3B24.0.0.0&uam=&uamb=0&uap=Windows&uapv=10.0.0&uaw=0&ul=en-us&_s=3&tag_exp=115938465~115938469~118897920~118897930~119527020~119896802&sid=1784940017&sct=1&seg=0&dl=https%3A%2F%2Flandlordheaven.co.uk%2Fhow-to-rent-guide&dt=How%20to%20Rent%20Guide%202026%3A%20Compliance%20Check%20Before%20Notice&en=scroll&epn.percent_scrolled=90&_et=2&tfd=9231,POST,fetch,0,net::ERR_ABORTED,expected_aborted_prefetch,PASS
/how-to-rent-guide,tablet,https://landlordheaven.co.uk/products/money-claim?_rsc=1m9sw,GET,fetch,0,net::ERR_ABORTED,expected_aborted_prefetch,PASS
/how-to-rent-guide,tablet,https://landlordheaven.co.uk/assisted-prep?_rsc=1m9sw,GET,fetch,0,net::ERR_ABORTED,expected_aborted_prefetch,PASS
/how-to-rent-guide,tablet,https://landlordheaven.co.uk/standard-tenancy-agreement?_rsc=1m9sw,GET,fetch,0,net::ERR_ABORTED,expected_aborted_prefetch,PASS
/how-to-rent-guide,tablet,https://landlordheaven.co.uk/student-tenancy-agreement?_rsc=1m9sw,GET,fetch,0,net::ERR_ABORTED,expected_aborted_prefetch,PASS
/how-to-rent-guide,desktop,https://landlordheaven.co.uk/products/notice-only?_rsc=gx77l,GET,fetch,0,net::ERR_ABORTED,expected_aborted_prefetch,PASS
/how-to-rent-guide,desktop,https://landlordheaven.co.uk/tools?_rsc=gx77l,GET,fetch,0,net::ERR_ABORTED,expected_aborted_prefetch,PASS
/how-to-rent-guide,desktop,https://landlordheaven.co.uk/?_rsc=gx77l,GET,fetch,0,net::ERR_ABORTED,expected_aborted_prefetch,PASS
/how-to-rent-guide,desktop,https://landlordheaven.co.uk/assisted-prep?_rsc=gx77l,GET,fetch,0,net::ERR_ABORTED,expected_aborted_prefetch,PASS
/how-to-rent-guide,desktop,https://landlordheaven.co.uk/products/money-claim?_rsc=gx77l,GET,fetch,0,net::ERR_ABORTED,expected_aborted_prefetch,PASS
/how-to-rent-guide,desktop,https://landlordheaven.co.uk/products/ast?_rsc=1m9sw,GET,fetch,0,net::ERR_ABORTED,expected_aborted_prefetch,PASS
/how-to-rent-guide,desktop,https://landlordheaven.co.uk/auth/login?_rsc=10w7z,GET,fetch,0,net::ERR_ABORTED,expected_aborted_prefetch,PASS
/how-to-rent-guide,desktop,https://landlordheaven.co.uk/products/notice-only?_rsc=1m9sw,GET,fetch,0,net::ERR_ABORTED,expected_aborted_prefetch,PASS
/how-to-rent-guide,desktop,https://landlordheaven.co.uk/rent-increase?_rsc=1m9sw,GET,fetch,0,net::ERR_ABORTED,expected_aborted_prefetch,PASS
/how-to-rent-guide,desktop,https://landlordheaven.co.uk/?_rsc=1m9sw,GET,fetch,0,net::ERR_ABORTED,expected_aborted_prefetch,PASS
/how-to-rent-guide,desktop,https://landlordheaven.co.uk/products/money-claim?_rsc=1m9sw,GET,fetch,0,net::ERR_ABORTED,expected_aborted_prefetch,PASS
/how-to-rent-guide,desktop,https://landlordheaven.co.uk/tools?_rsc=1m9sw,GET,fetch,0,net::ERR_ABORTED,expected_aborted_prefetch,PASS
/how-to-rent-guide,desktop,https://landlordheaven.co.uk/assisted-prep?_rsc=1m9sw,GET,fetch,0,net::ERR_ABORTED,expected_aborted_prefetch,PASS
/how-to-rent-guide,desktop,https://region1.analytics.google.com/g/collect?v=2&tid=G-TBR4PEGY1K&gtm=45je67m0v9239287483za200zd9239287483&_p=1784940039450&_gaz=1&gcd=13l3l3l3l1l1&npa=0&dma=0&ecid=395854298&_eu=AAAAACAC&are=1&cid=632077807.1784940041&ec_mode=a&frm=0&ibt=1&ngs=1&pscdl=&rcb=14&sr=800x600&uaa=x86&uab=64&uafvl=Chromium%3B143.0.7499.169%7CNot%2520A(Brand%3B24.0.0.0&uam=&uamb=0&uap=Windows&uapv=10.0.0&uaw=0&ul=en-us&_s=1&tag_exp=115616986~115938466~115938469~118897920~118897930~119527020~119896803&sid=1784940040&sct=1&seg=0&dl=https%3A%2F%2Flandlordheaven.co.uk%2Fhow-to-rent-guide&dt=How%20to%20Rent%20Guide%202026%3A%20Compliance%20Check%20Before%20Notice&en=page_view&_fv=1&_nsi=1&_ss=1&_ee=1&tfd=2648,POST,fetch,0,net::ERR_ABORTED,expected_aborted_prefetch,PASS
/how-to-rent-guide,desktop,https://landlordheaven.co.uk/section-21-notice?_rsc=gx77l,GET,fetch,0,net::ERR_ABORTED,expected_aborted_prefetch,PASS
/how-to-rent-guide,desktop,https://landlordheaven.co.uk/premium-tenancy-agreement?_rsc=gx77l,GET,fetch,0,net::ERR_ABORTED,expected_aborted_prefetch,PASS
/how-to-rent-guide,desktop,https://region1.analytics.google.com/g/collect?v=2&tid=G-TBR4PEGY1K&gtm=45je67m0v9239287483za200zd9239287483&_p=1784940039450&gcd=13l3l3l3l1l1&npa=0&dma=0&ecid=395854298&_eu=AAAAACQC&are=1&cid=632077807.1784940041&frm=0&ibt=1&ngs=1&pscdl=&rcb=14&sr=800x600&uaa=x86&uab=64&uafvl=Chromium%3B143.0.7499.169%7CNot%2520A(Brand%3B24.0.0.0&uam=&uamb=0&uap=Windows&uapv=10.0.0&uaw=0&ul=en-us&tag_exp=115616986~115938466~115938469~118897920~118897930~119527020~119896803&dt=How%20to%20Rent%20Guide%202026%3A%20Compliance%20Check%20Before%20Notice&sid=1784940040&sct=1&seg=0&dl=https%3A%2F%2Flandlordheaven.co.uk%2Fhow-to-rent-guide&_s=2&tfd=4449,POST,fetch,0,net::ERR_ABORTED,expected_aborted_prefetch,PASS
/how-to-rent-guide,desktop,https://landlordheaven.co.uk/tools/rent-increase-challenge-checker?_rsc=gx77l,GET,fetch,0,net::ERR_ABORTED,expected_aborted_prefetch,PASS
/how-to-rent-guide,desktop,https://landlordheaven.co.uk/how-to-rent-guide?_rsc=1m9sw,GET,fetch,0,net::ERR_ABORTED,expected_aborted_prefetch,PASS
/how-to-rent-guide,desktop,https://landlordheaven.co.uk/cookies?_rsc=gx77l,GET,fetch,0,net::ERR_ABORTED,expected_aborted_prefetch,PASS
/how-to-rent-guide,desktop,https://landlordheaven.co.uk/refunds?_rsc=gx77l,GET,fetch,0,net::ERR_ABORTED,expected_aborted_prefetch,PASS
/how-to-rent-guide,desktop,https://landlordheaven.co.uk/privacy?_rsc=gx77l,GET,fetch,0,net::ERR_ABORTED,expected_aborted_prefetch,PASS
/how-to-rent-guide,desktop,https://landlordheaven.co.uk/terms?_rsc=gx77l,GET,fetch,0,net::ERR_ABORTED,expected_aborted_prefetch,PASS
/how-to-rent-guide,desktop,https://landlordheaven.co.uk/help?_rsc=gx77l,GET,fetch,0,net::ERR_ABORTED,expected_aborted_prefetch,PASS
/how-to-rent-guide,desktop,https://landlordheaven.co.uk/about?_rsc=gx77l,GET,fetch,0,net::ERR_ABORTED,expected_aborted_prefetch,PASS
/how-to-rent-guide,desktop,https://landlordheaven.co.uk/ask-heaven?_rsc=gx77l,GET,fetch,0,net::ERR_ABORTED,expected_aborted_prefetch,PASS
/how-to-rent-guide,desktop,https://landlordheaven.co.uk/section-8-notice?_rsc=gx77l,GET,fetch,0,net::ERR_ABORTED,expected_aborted_prefetch,PASS
/how-to-rent-guide,desktop,https://landlordheaven.co.uk/samples?_rsc=gx77l,GET,fetch,0,net::ERR_ABORTED,expected_aborted_prefetch,PASS
/how-to-rent-guide,desktop,https://landlordheaven.co.uk/eviction-guides?_rsc=gx77l,GET,fetch,0,net::ERR_ABORTED,expected_aborted_prefetch,PASS
/how-to-rent-guide,desktop,https://landlordheaven.co.uk/blog?_rsc=gx77l,GET,fetch,0,net::ERR_ABORTED,expected_aborted_prefetch,PASS
/how-to-rent-guide,desktop,https://landlordheaven.co.uk/lodger-agreement?_rsc=gx77l,GET,fetch,0,net::ERR_ABORTED,expected_aborted_prefetch,PASS
/how-to-rent-guide,desktop,https://landlordheaven.co.uk/student-tenancy-agreement?_rsc=gx77l,GET,fetch,0,net::ERR_ABORTED,expected_aborted_prefetch,PASS
/how-to-rent-guide,desktop,https://landlordheaven.co.uk/standard-tenancy-agreement?_rsc=gx77l,GET,fetch,0,net::ERR_ABORTED,expected_aborted_prefetch,PASS
/how-to-rent-guide,desktop,https://landlordheaven.co.uk/pricing?_rsc=gx77l,GET,fetch,0,net::ERR_ABORTED,expected_aborted_prefetch,PASS
/how-to-rent-guide,desktop,https://landlordheaven.co.uk/hmo-shared-house-tenancy-agreement?_rsc=gx77l,GET,fetch,0,net::ERR_ABORTED,expected_aborted_prefetch,PASS
/how-to-rent-guide,desktop,https://landlordheaven.co.uk/refunds?_rsc=1m9sw,GET,fetch,0,net::ERR_ABORTED,expected_aborted_prefetch,PASS
/how-to-rent-guide,desktop,https://landlordheaven.co.uk/cookies?_rsc=1m9sw,GET,fetch,0,net::ERR_ABORTED,expected_aborted_prefetch,PASS
/how-to-rent-guide,desktop,https://landlordheaven.co.uk/products/complete-pack?_rsc=gx77l,GET,fetch,0,net::ERR_ABORTED,expected_aborted_prefetch,PASS
/how-to-rent-guide,desktop,https://landlordheaven.co.uk/privacy?_rsc=1m9sw,GET,fetch,0,net::ERR_ABORTED,expected_aborted_prefetch,PASS
/how-to-rent-guide,desktop,https://landlordheaven.co.uk/terms?_rsc=1m9sw,GET,fetch,0,net::ERR_ABORTED,expected_aborted_prefetch,PASS
/how-to-rent-guide,desktop,https://landlordheaven.co.uk/about?_rsc=1m9sw,GET,fetch,0,net::ERR_ABORTED,expected_aborted_prefetch,PASS
/how-to-rent-guide,desktop,https://landlordheaven.co.uk/help?_rsc=1m9sw,GET,fetch,0,net::ERR_ABORTED,expected_aborted_prefetch,PASS
/how-to-rent-guide,desktop,https://landlordheaven.co.uk/contact?_rsc=1m9sw,GET,fetch,0,net::ERR_ABORTED,expected_aborted_prefetch,PASS
/how-to-rent-guide,desktop,https://landlordheaven.co.uk/section-8-notice?_rsc=1m9sw,GET,fetch,0,net::ERR_ABORTED,expected_aborted_prefetch,PASS
/how-to-rent-guide,desktop,https://landlordheaven.co.uk/ask-heaven?_rsc=1m9sw,GET,fetch,0,net::ERR_ABORTED,expected_aborted_prefetch,PASS
/how-to-rent-guide,desktop,https://landlordheaven.co.uk/samples?_rsc=1m9sw,GET,fetch,0,net::ERR_ABORTED,expected_aborted_prefetch,PASS
/how-to-rent-guide,desktop,https://landlordheaven.co.uk/eviction-guides?_rsc=1m9sw,GET,fetch,0,net::ERR_ABORTED,expected_aborted_prefetch,PASS
/how-to-rent-guide,desktop,https://region1.analytics.google.com/g/collect?v=2&tid=G-TBR4PEGY1K&gtm=45je67m0v9239287483za200zd9239287483&_p=1784940039450&gcd=13l3l3l3l1l1&npa=0&dma=0&ecid=395854298&_eu=AEAAACQC&ae=a&are=1&cid=632077807.1784940041&frm=0&ibt=1&ngs=1&pscdl=&rcb=14&sr=800x600&uaa=x86&uab=64&uafvl=Chromium%3B143.0.7499.169%7CNot%2520A(Brand%3B24.0.0.0&uam=&uamb=0&uap=Windows&uapv=10.0.0&uaw=0&ul=en-us&_s=3&tag_exp=115616986~115938466~115938469~118897920~118897930~119527020~119896803&sid=1784940040&sct=1&seg=0&dl=https%3A%2F%2Flandlordheaven.co.uk%2Fhow-to-rent-guide&dt=How%20to%20Rent%20Guide%202026%3A%20Compliance%20Check%20Before%20Notice&en=scroll&epn.percent_scrolled=90&_et=3&tfd=9456,POST,fetch,0,net::ERR_ABORTED,expected_aborted_prefetch,PASS
/how-to-rent-guide,desktop,https://landlordheaven.co.uk/section-21-ban-uk?_rsc=1m9sw,GET,fetch,0,net::ERR_ABORTED,expected_aborted_prefetch,PASS
/how-to-rent-guide,desktop,https://landlordheaven.co.uk/premium-tenancy-agreement?_rsc=1m9sw,GET,fetch,0,net::ERR_ABORTED,expected_aborted_prefetch,PASS
/n5-n119-possession-claim,mobile,https://landlordheaven.co.uk/products/notice-only?_rsc=153tt,GET,fetch,0,net::ERR_ABORTED,expected_aborted_prefetch,PASS
/n5-n119-possession-claim,mobile,https://landlordheaven.co.uk/?_rsc=153tt,GET,fetch,0,net::ERR_ABORTED,expected_aborted_prefetch,PASS
/n5-n119-possession-claim,mobile,https://landlordheaven.co.uk/products/notice-only?_rsc=1ssko,GET,fetch,0,net::ERR_ABORTED,expected_aborted_prefetch,PASS
/n5-n119-possession-claim,mobile,https://landlordheaven.co.uk/products/complete-pack?_rsc=1ssko,GET,fetch,0,net::ERR_ABORTED,expected_aborted_prefetch,PASS
/n5-n119-possession-claim,mobile,https://region1.analytics.google.com/g/collect?v=2&tid=G-TBR4PEGY1K&gtm=45je67m1h2v9239287483za200zd9239287483&_p=1784940052690&_gaz=1&gcd=13l3l3l3l1l1&npa=0&dma=0&ecid=1912301284&_eu=AAAAACAC&are=1&cid=58548963.1784940053&ec_mode=a&frm=0&ibt=1&ngs=1&pscdl=&rcb=0&sr=390x844&uaa=x86&uab=64&uafvl=Chromium%3B143.0.7499.169%7CNot%2520A(Brand%3B24.0.0.0&uam=&uamb=0&uap=Windows&uapv=10.0.0&uaw=0&ul=en-us&_s=1&tag_exp=115938466~115938468~118897920~118897930~119724321~119896802&sid=1784940053&sct=1&seg=0&dl=https%3A%2F%2Flandlordheaven.co.uk%2Fn5-n119-possession-claim&dt=Prepare%20N5%20and%20N119%20Court%20Papers%20After%20Notice&en=page_view&_fv=1&_nsi=1&_ss=1&_ee=1&tfd=1611,POST,fetch,0,net::ERR_ABORTED,expected_aborted_prefetch,PASS
/n5-n119-possession-claim,mobile,https://landlordheaven.co.uk/eviction-process-uk?_rsc=153tt,GET,fetch,0,net::ERR_ABORTED,expected_aborted_prefetch,PASS
/n5-n119-possession-claim,mobile,https://landlordheaven.co.uk/eviction-process-uk?_rsc=1ssko,GET,fetch,0,net::ERR_ABORTED,expected_aborted_prefetch,PASS
/n5-n119-possession-claim,mobile,https://landlordheaven.co.uk/section-8-notice?_rsc=1ssko,GET,fetch,0,net::ERR_ABORTED,expected_aborted_prefetch,PASS
/n5-n119-possession-claim,mobile,https://landlordheaven.co.uk/assisted-prep/start?_rsc=153tt,GET,fetch,0,net::ERR_ABORTED,expected_aborted_prefetch,PASS
/n5-n119-possession-claim,mobile,https://landlordheaven.co.uk/assisted-prep/start?service=section8&product=notice_only&src=n5_n119_assisted&_rsc=1ssko,GET,fetch,0,net::ERR_ABORTED,expected_aborted_prefetch,PASS
/n5-n119-possession-claim,mobile,https://landlordheaven.co.uk/assisted-prep/start?service=money_claim&product=money_claim&src=n5_n119_assisted&_rsc=153tt,GET,fetch,0,net::ERR_ABORTED,expected_aborted_prefetch,PASS
/n5-n119-possession-claim,mobile,https://landlordheaven.co.uk/eviction-timeline-england?_rsc=1ssko,GET,fetch,0,net::ERR_ABORTED,expected_aborted_prefetch,PASS
/n5-n119-possession-claim,mobile,https://region1.analytics.google.com/g/collect?v=2&tid=G-TBR4PEGY1K&gtm=45je67m1h2v9239287483za200zd9239287483&_p=1784940052690&gcd=13l3l3l3l1l1&npa=0&dma=0&ecid=1912301284&_eu=AAAAACQC&are=1&cid=58548963.1784940053&frm=0&ibt=1&ngs=1&pscdl=&rcb=0&sr=390x844&uaa=x86&uab=64&uafvl=Chromium%3B143.0.7499.169%7CNot%2520A(Brand%3B24.0.0.0&uam=&uamb=0&uap=Windows&uapv=10.0.0&uaw=0&ul=en-us&tag_exp=115938466~115938468~118897920~118897930~119724321~119896802&dt=Prepare%20N5%20and%20N119%20Court%20Papers%20After%20Notice&sid=1784940053&sct=1&seg=0&dl=https%3A%2F%2Flandlordheaven.co.uk%2Fn5-n119-possession-claim&_s=2&tfd=5978,POST,fetch,0,net::ERR_ABORTED,expected_aborted_prefetch,PASS
/n5-n119-possession-claim,mobile,https://landlordheaven.co.uk/ask-heaven?_rsc=153tt,GET,fetch,0,net::ERR_ABORTED,expected_aborted_prefetch,PASS
/n5-n119-possession-claim,mobile,https://landlordheaven.co.uk/ask-heaven?_rsc=1ssko,GET,fetch,0,net::ERR_ABORTED,expected_aborted_prefetch,PASS
/n5-n119-possession-claim,mobile,https://landlordheaven.co.uk/eviction-guides?_rsc=153tt,GET,fetch,0,net::ERR_ABORTED,expected_aborted_prefetch,PASS
/n5-n119-possession-claim,mobile,https://landlordheaven.co.uk/lodger-agreement?_rsc=153tt,GET,fetch,0,net::ERR_ABORTED,expected_aborted_prefetch,PASS
/n5-n119-possession-claim,mobile,https://landlordheaven.co.uk/blog?_rsc=153tt,GET,fetch,0,net::ERR_ABORTED,expected_aborted_prefetch,PASS
/n5-n119-possession-claim,mobile,https://landlordheaven.co.uk/refunds?_rsc=153tt,GET,fetch,0,net::ERR_ABORTED,expected_aborted_prefetch,PASS
/n5-n119-possession-claim,mobile,https://landlordheaven.co.uk/privacy?_rsc=153tt,GET,fetch,0,net::ERR_ABORTED,expected_aborted_prefetch,PASS
/n5-n119-possession-claim,mobile,https://landlordheaven.co.uk/terms?_rsc=153tt,GET,fetch,0,net::ERR_ABORTED,expected_aborted_prefetch,PASS
/n5-n119-possession-claim,mobile,https://landlordheaven.co.uk/cookies?_rsc=153tt,GET,fetch,0,net::ERR_ABORTED,expected_aborted_prefetch,PASS
/n5-n119-possession-claim,mobile,https://landlordheaven.co.uk/help?_rsc=153tt,GET,fetch,0,net::ERR_ABORTED,expected_aborted_prefetch,PASS
/n5-n119-possession-claim,mobile,https://landlordheaven.co.uk/contact?_rsc=153tt,GET,fetch,0,net::ERR_ABORTED,expected_aborted_prefetch,PASS
/n5-n119-possession-claim,mobile,https://landlordheaven.co.uk/about?_rsc=153tt,GET,fetch,0,net::ERR_ABORTED,expected_aborted_prefetch,PASS
/n5-n119-possession-claim,mobile,https://landlordheaven.co.uk/samples?_rsc=153tt,GET,fetch,0,net::ERR_ABORTED,expected_aborted_prefetch,PASS
/n5-n119-possession-claim,mobile,https://landlordheaven.co.uk/tools?_rsc=153tt,GET,fetch,0,net::ERR_ABORTED,expected_aborted_prefetch,PASS
/n5-n119-possession-claim,mobile,https://landlordheaven.co.uk/hmo-shared-house-tenancy-agreement?_rsc=153tt,GET,fetch,0,net::ERR_ABORTED,expected_aborted_prefetch,PASS
/n5-n119-possession-claim,mobile,https://landlordheaven.co.uk/standard-tenancy-agreement?_rsc=153tt,GET,fetch,0,net::ERR_ABORTED,expected_aborted_prefetch,PASS
/n5-n119-possession-claim,mobile,https://landlordheaven.co.uk/products/ast?_rsc=153tt,GET,fetch,0,net::ERR_ABORTED,expected_aborted_prefetch,PASS
/n5-n119-possession-claim,mobile,https://landlordheaven.co.uk/refunds?_rsc=1ssko,GET,fetch,0,net::ERR_ABORTED,expected_aborted_prefetch,PASS
/n5-n119-possession-claim,mobile,https://landlordheaven.co.uk/cookies?_rsc=1ssko,GET,fetch,0,net::ERR_ABORTED,expected_aborted_prefetch,PASS
/n5-n119-possession-claim,mobile,https://landlordheaven.co.uk/privacy?_rsc=1ssko,GET,fetch,0,net::ERR_ABORTED,expected_aborted_prefetch,PASS
/n5-n119-possession-claim,mobile,https://landlordheaven.co.uk/terms?_rsc=1ssko,GET,fetch,0,net::ERR_ABORTED,expected_aborted_prefetch,PASS
/n5-n119-possession-claim,mobile,https://landlordheaven.co.uk/help?_rsc=1ssko,GET,fetch,0,net::ERR_ABORTED,expected_aborted_prefetch,PASS
/n5-n119-possession-claim,mobile,https://landlordheaven.co.uk/samples?_rsc=1ssko,GET,fetch,0,net::ERR_ABORTED,expected_aborted_prefetch,PASS
/n5-n119-possession-claim,mobile,https://landlordheaven.co.uk/tools?_rsc=1ssko,GET,fetch,0,net::ERR_ABORTED,expected_aborted_prefetch,PASS
/n5-n119-possession-claim,mobile,https://landlordheaven.co.uk/about?_rsc=1ssko,GET,fetch,0,net::ERR_ABORTED,expected_aborted_prefetch,PASS
/n5-n119-possession-claim,mobile,https://landlordheaven.co.uk/eviction-guides?_rsc=1ssko,GET,fetch,0,net::ERR_ABORTED,expected_aborted_prefetch,PASS
/n5-n119-possession-claim,mobile,https://landlordheaven.co.uk/blog?_rsc=1ssko,GET,fetch,0,net::ERR_ABORTED,expected_aborted_prefetch,PASS
/n5-n119-possession-claim,mobile,https://landlordheaven.co.uk/lodger-agreement?_rsc=1ssko,GET,fetch,0,net::ERR_ABORTED,expected_aborted_prefetch,PASS
/n5-n119-possession-claim,mobile,https://landlordheaven.co.uk/hmo-shared-house-tenancy-agreement?_rsc=1ssko,GET,fetch,0,net::ERR_ABORTED,expected_aborted_prefetch,PASS
/n5-n119-possession-claim,mobile,https://landlordheaven.co.uk/student-tenancy-agreement?_rsc=1ssko,GET,fetch,0,net::ERR_ABORTED,expected_aborted_prefetch,PASS
/n5-n119-possession-claim,mobile,https://landlordheaven.co.uk/products/ast?_rsc=1ssko,GET,fetch,0,net::ERR_ABORTED,expected_aborted_prefetch,PASS
/n5-n119-possession-claim,mobile,https://landlordheaven.co.uk/standard-tenancy-agreement?_rsc=1ssko,GET,fetch,0,net::ERR_ABORTED,expected_aborted_prefetch,PASS
/n5-n119-possession-claim,mobile,https://region1.analytics.google.com/g/collect?v=2&tid=G-TBR4PEGY1K&gtm=45je67m1h2v9239287483za200zd9239287483&_p=1784940052690&gcd=13l3l3l3l1l1&npa=0&dma=0&ecid=1912301284&_eu=AEAAACQC&ae=a&are=1&cid=58548963.1784940053&frm=0&ibt=1&ngs=1&pscdl=&rcb=0&sr=390x844&uaa=x86&uab=64&uafvl=Chromium%3B143.0.7499.169%7CNot%2520A(Brand%3B24.0.0.0&uam=&uamb=0&uap=Windows&uapv=10.0.0&uaw=0&ul=en-us&_s=3&tag_exp=115938466~115938468~118897920~118897930~119724321~119896802&sid=1784940053&sct=1&seg=0&dl=https%3A%2F%2Flandlordheaven.co.uk%2Fn5-n119-possession-claim&dt=Prepare%20N5%20and%20N119%20Court%20Papers%20After%20Notice&en=scroll&epn.percent_scrolled=90&_et=2&tfd=11019,POST,fetch,0,net::ERR_ABORTED,expected_aborted_prefetch,PASS
/n5-n119-possession-claim,tablet,https://landlordheaven.co.uk/?_rsc=1ssko,GET,fetch,0,net::ERR_ABORTED,expected_aborted_prefetch,PASS
/n5-n119-possession-claim,tablet,https://region1.analytics.google.com/g/collect?v=2&tid=G-TBR4PEGY1K&gtm=45je67m0v9239287483za200zd9239287483&_p=1784940068826&_gaz=1&gcd=13l3l3l3l1l1&npa=0&dma=0&ecid=230970614&_eu=AAAAACAC&are=1&cid=2006718509.1784940069&ec_mode=a&frm=0&ibt=1&ngs=1&pscdl=&rcb=0&sr=800x600&uaa=x86&uab=64&uafvl=Chromium%3B143.0.7499.169%7CNot%2520A(Brand%3B24.0.0.0&uam=&uamb=0&uap=Windows&uapv=10.0.0&uaw=0&ul=en-us&_s=1&tag_exp=115938465~115938468~118395334~118897920~118897930~119724320~119896803&sid=1784940069&sct=1&seg=0&dl=https%3A%2F%2Flandlordheaven.co.uk%2Fn5-n119-possession-claim&dt=Prepare%20N5%20and%20N119%20Court%20Papers%20After%20Notice&en=page_view&_fv=1&_nsi=1&_ss=1&_ee=1&tfd=1391,POST,fetch,0,net::ERR_ABORTED,expected_aborted_prefetch,PASS
/n5-n119-possession-claim,tablet,https://landlordheaven.co.uk/eviction-process-uk?_rsc=153tt,GET,fetch,0,net::ERR_ABORTED,expected_aborted_prefetch,PASS
/n5-n119-possession-claim,tablet,https://landlordheaven.co.uk/section-8-notice?_rsc=153tt,GET,fetch,0,net::ERR_ABORTED,expected_aborted_prefetch,PASS
/n5-n119-possession-claim,tablet,https://landlordheaven.co.uk/section-8-notice?_rsc=1ssko,GET,fetch,0,net::ERR_ABORTED,expected_aborted_prefetch,PASS
/n5-n119-possession-claim,tablet,https://landlordheaven.co.uk/eviction-process-uk?_rsc=1ssko,GET,fetch,0,net::ERR_ABORTED,expected_aborted_prefetch,PASS
/n5-n119-possession-claim,tablet,https://landlordheaven.co.uk/assisted-prep/start?service=section8&product=notice_only&src=n5_n119_assisted&_rsc=153tt,GET,fetch,0,net::ERR_ABORTED,expected_aborted_prefetch,PASS
/n5-n119-possession-claim,tablet,https://landlordheaven.co.uk/assisted-prep/start?service=section8&product=notice_only&src=n5_n119_assisted&_rsc=1ssko,GET,fetch,0,net::ERR_ABORTED,expected_aborted_prefetch,PASS
/n5-n119-possession-claim,tablet,https://landlordheaven.co.uk/assisted-prep/start?_rsc=153tt,GET,fetch,0,net::ERR_ABORTED,expected_aborted_prefetch,PASS
/n5-n119-possession-claim,tablet,https://landlordheaven.co.uk/assisted-prep/start?service=money_claim&product=money_claim&src=n5_n119_assisted&_rsc=153tt,GET,fetch,0,net::ERR_ABORTED,expected_aborted_prefetch,PASS
/n5-n119-possession-claim,tablet,https://landlordheaven.co.uk/eviction-timeline-england?_rsc=153tt,GET,fetch,0,net::ERR_ABORTED,expected_aborted_prefetch,PASS
/n5-n119-possession-claim,tablet,https://region1.analytics.google.com/g/collect?v=2&tid=G-TBR4PEGY1K&gtm=45je67m0v9239287483za200zd9239287483&_p=1784940068826&gcd=13l3l3l3l1l1&npa=0&dma=0&ecid=230970614&_eu=AAAAACQC&are=1&cid=2006718509.1784940069&frm=0&ibt=1&ngs=1&pscdl=&rcb=0&sr=800x600&uaa=x86&uab=64&uafvl=Chromium%3B143.0.7499.169%7CNot%2520A(Brand%3B24.0.0.0&uam=&uamb=0&uap=Windows&uapv=10.0.0&uaw=0&ul=en-us&tag_exp=115938465~115938468~118395334~118897920~118897930~119724320~119896803&dt=Prepare%20N5%20and%20N119%20Court%20Papers%20After%20Notice&sid=1784940069&sct=1&seg=0&dl=https%3A%2F%2Flandlordheaven.co.uk%2Fn5-n119-possession-claim&_s=2&tfd=4716,POST,fetch,0,net::ERR_ABORTED,expected_aborted_prefetch,PASS
/n5-n119-possession-claim,tablet,https://landlordheaven.co.uk/ask-heaven?_rsc=1ssko,GET,fetch,0,net::ERR_ABORTED,expected_aborted_prefetch,PASS
/n5-n119-possession-claim,tablet,https://landlordheaven.co.uk/refunds?_rsc=153tt,GET,fetch,0,net::ERR_ABORTED,expected_aborted_prefetch,PASS
/n5-n119-possession-claim,tablet,https://landlordheaven.co.uk/help?_rsc=153tt,GET,fetch,0,net::ERR_ABORTED,expected_aborted_prefetch,PASS
/n5-n119-possession-claim,tablet,https://landlordheaven.co.uk/contact?_rsc=153tt,GET,fetch,0,net::ERR_ABORTED,expected_aborted_prefetch,PASS
/n5-n119-possession-claim,tablet,https://landlordheaven.co.uk/about?_rsc=153tt,GET,fetch,0,net::ERR_ABORTED,expected_aborted_prefetch,PASS
/n5-n119-possession-claim,tablet,https://landlordheaven.co.uk/samples?_rsc=153tt,GET,fetch,0,net::ERR_ABORTED,expected_aborted_prefetch,PASS
/n5-n119-possession-claim,tablet,https://landlordheaven.co.uk/tools?_rsc=153tt,GET,fetch,0,net::ERR_ABORTED,expected_aborted_prefetch,PASS
/n5-n119-possession-claim,tablet,https://landlordheaven.co.uk/eviction-guides?_rsc=153tt,GET,fetch,0,net::ERR_ABORTED,expected_aborted_prefetch,PASS
/n5-n119-possession-claim,tablet,https://landlordheaven.co.uk/student-tenancy-agreement?_rsc=153tt,GET,fetch,0,net::ERR_ABORTED,expected_aborted_prefetch,PASS
/n5-n119-possession-claim,tablet,https://landlordheaven.co.uk/hmo-shared-house-tenancy-agreement?_rsc=153tt,GET,fetch,0,net::ERR_ABORTED,expected_aborted_prefetch,PASS
/n5-n119-possession-claim,tablet,https://landlordheaven.co.uk/premium-tenancy-agreement?_rsc=153tt,GET,fetch,0,net::ERR_ABORTED,expected_aborted_prefetch,PASS
/n5-n119-possession-claim,tablet,https://landlordheaven.co.uk/standard-tenancy-agreement?_rsc=153tt,GET,fetch,0,net::ERR_ABORTED,expected_aborted_prefetch,PASS
/n5-n119-possession-claim,tablet,https://landlordheaven.co.uk/pricing?_rsc=153tt,GET,fetch,0,net::ERR_ABORTED,expected_aborted_prefetch,PASS
/n5-n119-possession-claim,tablet,https://landlordheaven.co.uk/rent-increase?_rsc=153tt,GET,fetch,0,net::ERR_ABORTED,expected_aborted_prefetch,PASS
/n5-n119-possession-claim,tablet,https://landlordheaven.co.uk/assisted-prep?_rsc=153tt,GET,fetch,0,net::ERR_ABORTED,expected_aborted_prefetch,PASS
/n5-n119-possession-claim,tablet,https://landlordheaven.co.uk/products/money-claim?_rsc=153tt,GET,fetch,0,net::ERR_ABORTED,expected_aborted_prefetch,PASS
/n5-n119-possession-claim,tablet,https://landlordheaven.co.uk/cookies?_rsc=1ssko,GET,fetch,0,net::ERR_ABORTED,expected_aborted_prefetch,PASS
/n5-n119-possession-claim,tablet,https://landlordheaven.co.uk/terms?_rsc=1ssko,GET,fetch,0,net::ERR_ABORTED,expected_aborted_prefetch,PASS
/n5-n119-possession-claim,tablet,https://landlordheaven.co.uk/help?_rsc=1ssko,GET,fetch,0,net::ERR_ABORTED,expected_aborted_prefetch,PASS
/n5-n119-possession-claim,tablet,https://landlordheaven.co.uk/contact?_rsc=1ssko,GET,fetch,0,net::ERR_ABORTED,expected_aborted_prefetch,PASS
/n5-n119-possession-claim,tablet,https://landlordheaven.co.uk/about?_rsc=1ssko,GET,fetch,0,net::ERR_ABORTED,expected_aborted_prefetch,PASS
/n5-n119-possession-claim,tablet,https://landlordheaven.co.uk/samples?_rsc=1ssko,GET,fetch,0,net::ERR_ABORTED,expected_aborted_prefetch,PASS
/n5-n119-possession-claim,tablet,https://landlordheaven.co.uk/tools?_rsc=1ssko,GET,fetch,0,net::ERR_ABORTED,expected_aborted_prefetch,PASS
/n5-n119-possession-claim,tablet,https://landlordheaven.co.uk/eviction-guides?_rsc=1ssko,GET,fetch,0,net::ERR_ABORTED,expected_aborted_prefetch,PASS
/n5-n119-possession-claim,tablet,https://landlordheaven.co.uk/products/ast?_rsc=153tt,GET,fetch,0,net::ERR_ABORTED,expected_aborted_prefetch,PASS
/n5-n119-possession-claim,tablet,https://region1.analytics.google.com/g/collect?v=2&tid=G-TBR4PEGY1K&gtm=45je67m0v9239287483za200zd9239287483&_p=1784940068826&gcd=13l3l3l3l1l1&npa=0&dma=0&ecid=230970614&_eu=AEAAACQC&ae=a&are=1&cid=2006718509.1784940069&frm=0&ibt=1&ngs=1&pscdl=&rcb=0&sr=800x600&uaa=x86&uab=64&uafvl=Chromium%3B143.0.7499.169%7CNot%2520A(Brand%3B24.0.0.0&uam=&uamb=0&uap=Windows&uapv=10.0.0&uaw=0&ul=en-us&_s=3&tag_exp=115938465~115938468~118395334~118897920~118897930~119724320~119896803&sid=1784940069&sct=1&seg=0&dl=https%3A%2F%2Flandlordheaven.co.uk%2Fn5-n119-possession-claim&dt=Prepare%20N5%20and%20N119%20Court%20Papers%20After%20Notice&en=scroll&epn.percent_scrolled=90&_et=2&tfd=9720,POST,fetch,0,net::ERR_ABORTED,expected_aborted_prefetch,PASS
/n5-n119-possession-claim,desktop,https://landlordheaven.co.uk/assisted-prep?_rsc=153tt,GET,fetch,0,net::ERR_ABORTED,expected_aborted_prefetch,PASS
/n5-n119-possession-claim,desktop,https://landlordheaven.co.uk/products/notice-only?_rsc=1ssko,GET,fetch,0,net::ERR_ABORTED,expected_aborted_prefetch,PASS
/n5-n119-possession-claim,desktop,https://landlordheaven.co.uk/products/complete-pack?_rsc=1ssko,GET,fetch,0,net::ERR_ABORTED,expected_aborted_prefetch,PASS
/n5-n119-possession-claim,desktop,https://landlordheaven.co.uk/?_rsc=153tt,GET,fetch,0,net::ERR_ABORTED,expected_aborted_prefetch,PASS
/n5-n119-possession-claim,desktop,https://landlordheaven.co.uk/assisted-prep?_rsc=1ssko,GET,fetch,0,net::ERR_ABORTED,expected_aborted_prefetch,PASS
/n5-n119-possession-claim,desktop,https://landlordheaven.co.uk/rent-increase?_rsc=1ssko,GET,fetch,0,net::ERR_ABORTED,expected_aborted_prefetch,PASS
/n5-n119-possession-claim,desktop,https://landlordheaven.co.uk/products/money-claim?_rsc=1ssko,GET,fetch,0,net::ERR_ABORTED,expected_aborted_prefetch,PASS
/n5-n119-possession-claim,desktop,https://landlordheaven.co.uk/products/ast?_rsc=1ssko,GET,fetch,0,net::ERR_ABORTED,expected_aborted_prefetch,PASS
/n5-n119-possession-claim,desktop,https://landlordheaven.co.uk/tools?_rsc=1ssko,GET,fetch,0,net::ERR_ABORTED,expected_aborted_prefetch,PASS
/n5-n119-possession-claim,desktop,https://region1.analytics.google.com/g/collect?v=2&tid=G-TBR4PEGY1K&gtm=45je67m0v9239287483za200zd9239287483&_p=1784940080238&_gaz=1&gcd=13l3l3l3l1l1&npa=0&dma=0&ecid=286813047&_eu=AAAAACAC&are=1&cid=455745031.1784940081&ec_mode=a&frm=0&ibt=1&ngs=1&pscdl=&rcb=7&sr=800x600&uaa=x86&uab=64&uafvl=Chromium%3B143.0.7499.169%7CNot%2520A(Brand%3B24.0.0.0&uam=&uamb=0&uap=Windows&uapv=10.0.0&uaw=0&ul=en-us&_s=1&tag_exp=115938466~115938468~118897920~118897930~119896803&sid=1784940080&sct=1&seg=0&dl=https%3A%2F%2Flandlordheaven.co.uk%2Fn5-n119-possession-claim&dt=Prepare%20N5%20and%20N119%20Court%20Papers%20After%20Notice&en=page_view&_fv=1&_nsi=1&_ss=1&_ee=1&tfd=2081,POST,fetch,0,net::ERR_ABORTED,expected_aborted_prefetch,PASS
/n5-n119-possession-claim,desktop,https://landlordheaven.co.uk/section-8-notice?_rsc=153tt,GET,fetch,0,net::ERR_ABORTED,expected_aborted_prefetch,PASS
/n5-n119-possession-claim,desktop,https://landlordheaven.co.uk/eviction-process-uk?_rsc=153tt,GET,fetch,0,net::ERR_ABORTED,expected_aborted_prefetch,PASS
/n5-n119-possession-claim,desktop,https://landlordheaven.co.uk/assisted-prep/start?service=possession&product=complete_pack&src=n5_n119_assisted&_rsc=153tt,GET,fetch,0,net::ERR_ABORTED,expected_aborted_prefetch,PASS
/n5-n119-possession-claim,desktop,https://landlordheaven.co.uk/assisted-prep/start?service=money_claim&product=money_claim&src=n5_n119_assisted&_rsc=153tt,GET,fetch,0,net::ERR_ABORTED,expected_aborted_prefetch,PASS
/n5-n119-possession-claim,desktop,https://landlordheaven.co.uk/assisted-prep/start?service=section8&product=notice_only&src=n5_n119_assisted&_rsc=153tt,GET,fetch,0,net::ERR_ABORTED,expected_aborted_prefetch,PASS
/n5-n119-possession-claim,desktop,https://region1.analytics.google.com/g/collect?v=2&tid=G-TBR4PEGY1K&gtm=45je67m0v9239287483za200zd9239287483&_p=1784940080238&gcd=13l3l3l3l1l1&npa=0&dma=0&ecid=286813047&_eu=AAAAACQC&are=1&cid=455745031.1784940081&frm=0&ibt=1&ngs=1&pscdl=&rcb=7&sr=800x600&uaa=x86&uab=64&uafvl=Chromium%3B143.0.7499.169%7CNot%2520A(Brand%3B24.0.0.0&uam=&uamb=0&uap=Windows&uapv=10.0.0&uaw=0&ul=en-us&tag_exp=115938466~115938468~118897920~118897930~119896803&dt=Prepare%20N5%20and%20N119%20Court%20Papers%20After%20Notice&sid=1784940080&sct=1&seg=0&dl=https%3A%2F%2Flandlordheaven.co.uk%2Fn5-n119-possession-claim&_s=2&tfd=7122,POST,fetch,0,net::ERR_ABORTED,expected_aborted_prefetch,PASS
/n5-n119-possession-claim,desktop,https://region1.analytics.google.com/g/collect?v=2&tid=G-TBR4PEGY1K&gtm=45je67m0v9239287483za200zd9239287483&_p=1784940080238&gcd=13l3l3l3l1l1&npa=0&dma=0&ecid=286813047&_eu=AAAAACQC&are=1&cid=455745031.1784940081&frm=0&ibt=1&ngs=1&pscdl=&rcb=7&sr=800x600&uaa=x86&uab=64&uafvl=Chromium%3B143.0.7499.169%7CNot%2520A(Brand%3B24.0.0.0&uam=&uamb=0&uap=Windows&uapv=10.0.0&uaw=0&ul=en-us&tag_exp=115938466~115938468~118897920~118897930~119896803&sid=1784940080&sct=1&seg=0&dl=https%3A%2F%2Flandlordheaven.co.uk%2Fn5-n119-possession-claim&dt=Prepare%20N5%20and%20N119%20Court%20Papers%20After%20Notice&_s=3&tfd=7493,POST,fetch,0,net::ERR_ABORTED,expected_aborted_prefetch,PASS
/n5-n119-possession-claim,desktop,https://landlordheaven.co.uk/ask-heaven?_rsc=153tt,GET,fetch,0,net::ERR_ABORTED,expected_aborted_prefetch,PASS
/n5-n119-possession-claim,desktop,https://landlordheaven.co.uk/ask-heaven?_rsc=1ssko,GET,fetch,0,net::ERR_ABORTED,expected_aborted_prefetch,PASS
/n5-n119-possession-claim,desktop,https://landlordheaven.co.uk/privacy?_rsc=153tt,GET,fetch,0,net::ERR_ABORTED,expected_aborted_prefetch,PASS
/n5-n119-possession-claim,desktop,https://landlordheaven.co.uk/cookies?_rsc=153tt,GET,fetch,0,net::ERR_ABORTED,expected_aborted_prefetch,PASS
/n5-n119-possession-claim,desktop,https://landlordheaven.co.uk/refunds?_rsc=153tt,GET,fetch,0,net::ERR_ABORTED,expected_aborted_prefetch,PASS
/n5-n119-possession-claim,desktop,https://landlordheaven.co.uk/help?_rsc=153tt,GET,fetch,0,net::ERR_ABORTED,expected_aborted_prefetch,PASS
/n5-n119-possession-claim,desktop,https://landlordheaven.co.uk/contact?_rsc=153tt,GET,fetch,0,net::ERR_ABORTED,expected_aborted_prefetch,PASS
/n5-n119-possession-claim,desktop,https://landlordheaven.co.uk/about?_rsc=153tt,GET,fetch,0,net::ERR_ABORTED,expected_aborted_prefetch,PASS
/n5-n119-possession-claim,desktop,https://landlordheaven.co.uk/samples?_rsc=153tt,GET,fetch,0,net::ERR_ABORTED,expected_aborted_prefetch,PASS
/n5-n119-possession-claim,desktop,https://landlordheaven.co.uk/blog?_rsc=153tt,GET,fetch,0,net::ERR_ABORTED,expected_aborted_prefetch,PASS
/n5-n119-possession-claim,desktop,https://landlordheaven.co.uk/lodger-agreement?_rsc=153tt,GET,fetch,0,net::ERR_ABORTED,expected_aborted_prefetch,PASS
/n5-n119-possession-claim,desktop,https://landlordheaven.co.uk/eviction-guides?_rsc=153tt,GET,fetch,0,net::ERR_ABORTED,expected_aborted_prefetch,PASS
/n5-n119-possession-claim,desktop,https://landlordheaven.co.uk/hmo-shared-house-tenancy-agreement?_rsc=153tt,GET,fetch,0,net::ERR_ABORTED,expected_aborted_prefetch,PASS
/n5-n119-possession-claim,desktop,https://landlordheaven.co.uk/standard-tenancy-agreement?_rsc=153tt,GET,fetch,0,net::ERR_ABORTED,expected_aborted_prefetch,PASS
/n5-n119-possession-claim,desktop,https://landlordheaven.co.uk/student-tenancy-agreement?_rsc=153tt,GET,fetch,0,net::ERR_ABORTED,expected_aborted_prefetch,PASS
/n5-n119-possession-claim,desktop,https://landlordheaven.co.uk/premium-tenancy-agreement?_rsc=153tt,GET,fetch,0,net::ERR_ABORTED,expected_aborted_prefetch,PASS
/n5-n119-possession-claim,desktop,https://landlordheaven.co.uk/pricing?_rsc=153tt,GET,fetch,0,net::ERR_ABORTED,expected_aborted_prefetch,PASS
/n5-n119-possession-claim,desktop,https://landlordheaven.co.uk/refunds?_rsc=1ssko,GET,fetch,0,net::ERR_ABORTED,expected_aborted_prefetch,PASS
/n5-n119-possession-claim,desktop,https://landlordheaven.co.uk/privacy?_rsc=1ssko,GET,fetch,0,net::ERR_ABORTED,expected_aborted_prefetch,PASS
/n5-n119-possession-claim,desktop,https://landlordheaven.co.uk/cookies?_rsc=1ssko,GET,fetch,0,net::ERR_ABORTED,expected_aborted_prefetch,PASS
/n5-n119-possession-claim,desktop,https://landlordheaven.co.uk/contact?_rsc=1ssko,GET,fetch,0,net::ERR_ABORTED,expected_aborted_prefetch,PASS
/n5-n119-possession-claim,desktop,https://landlordheaven.co.uk/terms?_rsc=1ssko,GET,fetch,0,net::ERR_ABORTED,expected_aborted_prefetch,PASS
/n5-n119-possession-claim,desktop,https://landlordheaven.co.uk/help?_rsc=1ssko,GET,fetch,0,net::ERR_ABORTED,expected_aborted_prefetch,PASS
/n5-n119-possession-claim,desktop,https://landlordheaven.co.uk/about?_rsc=1ssko,GET,fetch,0,net::ERR_ABORTED,expected_aborted_prefetch,PASS
/n5-n119-possession-claim,desktop,https://landlordheaven.co.uk/samples?_rsc=1ssko,GET,fetch,0,net::ERR_ABORTED,expected_aborted_prefetch,PASS
/n5-n119-possession-claim,desktop,https://landlordheaven.co.uk/eviction-guides?_rsc=1ssko,GET,fetch,0,net::ERR_ABORTED,expected_aborted_prefetch,PASS
/n5-n119-possession-claim,desktop,https://landlordheaven.co.uk/section-8-notice?_rsc=1ssko,GET,fetch,0,net::ERR_ABORTED,expected_aborted_prefetch,PASS
/n5-n119-possession-claim,desktop,https://landlordheaven.co.uk/blog?_rsc=1ssko,GET,fetch,0,net::ERR_ABORTED,expected_aborted_prefetch,PASS
/n5-n119-possession-claim,desktop,https://region1.analytics.google.com/g/collect?v=2&tid=G-TBR4PEGY1K&gtm=45je67m0v9239287483za200zd9239287483&_p=1784940080238&gcd=13l3l3l3l1l1&npa=0&dma=0&ecid=286813047&_eu=AEAAACQC&ae=a&are=1&cid=455745031.1784940081&frm=0&ibt=1&ngs=1&pscdl=&rcb=7&sr=800x600&uaa=x86&uab=64&uafvl=Chromium%3B143.0.7499.169%7CNot%2520A(Brand%3B24.0.0.0&uam=&uamb=0&uap=Windows&uapv=10.0.0&uaw=0&ul=en-us&_s=4&tag_exp=115938466~115938468~118897920~118897930~119896803&sid=1784940080&sct=1&seg=0&dl=https%3A%2F%2Flandlordheaven.co.uk%2Fn5-n119-possession-claim&dt=Prepare%20N5%20and%20N119%20Court%20Papers%20After%20Notice&en=scroll&epn.percent_scrolled=90&_et=2&tfd=12500,POST,fetch,0,net::ERR_ABORTED,expected_aborted_prefetch,PASS
/n5-n119-possession-claim,desktop,https://landlordheaven.co.uk/eviction-process-uk?_rsc=1ssko,GET,fetch,0,net::ERR_ABORTED,expected_aborted_prefetch,PASS
/section-8-grounds/how-to-evict-a-tenant-using-ground-1a,mobile,https://landlordheaven.co.uk/products/complete-pack?route=section-8&ground=1A&src=seo_ground_1a_complete&_rsc=13a3y,GET,fetch,0,net::ERR_ABORTED,expected_aborted_prefetch,PASS
/section-8-grounds/how-to-evict-a-tenant-using-ground-1a,mobile,https://landlordheaven.co.uk/products/notice-only?route=section-8&ground=1A&src=seo_ground_1a&_rsc=13a3y,GET,fetch,0,net::ERR_ABORTED,expected_aborted_prefetch,PASS
/section-8-grounds/how-to-evict-a-tenant-using-ground-1a,mobile,https://landlordheaven.co.uk/?_rsc=13a3y,GET,fetch,0,net::ERR_ABORTED,expected_aborted_prefetch,PASS
/section-8-grounds/how-to-evict-a-tenant-using-ground-1a,mobile,https://landlordheaven.co.uk/section-8-grounds-explained?_rsc=13a3y,GET,fetch,0,net::ERR_ABORTED,expected_aborted_prefetch,PASS
/section-8-grounds/how-to-evict-a-tenant-using-ground-1a,mobile,https://landlordheaven.co.uk/products/complete-pack?route=section-8&ground=1A&src=seo_ground_1a_complete&_rsc=16vq6,GET,fetch,0,net::ERR_ABORTED,expected_aborted_prefetch,PASS
/section-8-grounds/how-to-evict-a-tenant-using-ground-1a,mobile,https://landlordheaven.co.uk/section-8-grounds-explained?_rsc=16vq6,GET,fetch,0,net::ERR_ABORTED,expected_aborted_prefetch,PASS
/section-8-grounds/how-to-evict-a-tenant-using-ground-1a,mobile,https://landlordheaven.co.uk/products/notice-only?route=section-8&ground=1A&src=seo_ground_1a&_rsc=16vq6,GET,fetch,0,net::ERR_ABORTED,expected_aborted_prefetch,PASS
/section-8-grounds/how-to-evict-a-tenant-using-ground-1a,mobile,https://landlordheaven.co.uk/?_rsc=16vq6,GET,fetch,0,net::ERR_ABORTED,expected_aborted_prefetch,PASS
/section-8-grounds/how-to-evict-a-tenant-using-ground-1a,mobile,https://landlordheaven.co.uk/products/complete-pack?_rsc=13a3y,GET,fetch,0,net::ERR_ABORTED,expected_aborted_prefetch,PASS
/section-8-grounds/how-to-evict-a-tenant-using-ground-1a,mobile,https://region1.analytics.google.com/g/collect?v=2&tid=G-TBR4PEGY1K&gtm=45je67m0v9239287483za200zd9239287483&_p=1784940108730&_gaz=1&gcd=13l3l3l3l1l1&npa=0&dma=0&ecid=203555247&_eu=AAAAACAC&are=1&cid=807911833.1784940109&ec_mode=a&frm=0&ibt=1&ngs=1&pscdl=&rcb=16&sr=390x844&uaa=x86&uab=64&uafvl=Chromium%3B143.0.7499.169%7CNot%2520A(Brand%3B24.0.0.0&uam=&uamb=0&uap=Windows&uapv=10.0.0&uaw=0&ul=en-us&_s=1&tag_exp=115616985~115938466~115938469~118012008~118897920~118897930~119527019~119896803&sid=1784940109&sct=1&seg=0&dl=https%3A%2F%2Flandlordheaven.co.uk%2Fsection-8-grounds%2Fhow-to-evict-a-tenant-using-ground-1a&dt=Ground%201A%20Eviction%3A%20Selling%20the%20Property%20%7C%20LandlordHeaven&en=page_view&_fv=1&_nsi=1&_ss=1&_ee=1&tfd=1541,POST,fetch,0,net::ERR_ABORTED,expected_aborted_prefetch,PASS
/section-8-grounds/how-to-evict-a-tenant-using-ground-1a,mobile,https://landlordheaven.co.uk/section-8-grounds/how-to-evict-a-tenant-using-ground-1a?_rsc=13a3y,GET,fetch,0,net::ERR_ABORTED,expected_aborted_prefetch,PASS
/section-8-grounds/how-to-evict-a-tenant-using-ground-1a,mobile,https://landlordheaven.co.uk/products/notice-only?_rsc=16vq6,GET,fetch,0,net::ERR_ABORTED,expected_aborted_prefetch,PASS
/section-8-grounds/how-to-evict-a-tenant-using-ground-1a,mobile,https://landlordheaven.co.uk/samples/notice-only?_rsc=16vq6,GET,fetch,0,net::ERR_ABORTED,expected_aborted_prefetch,PASS
/section-8-grounds/how-to-evict-a-tenant-using-ground-1a,mobile,https://landlordheaven.co.uk/section-8-grounds/how-to-evict-a-tenant-using-ground-1?_rsc=13a3y,GET,fetch,0,net::ERR_ABORTED,expected_aborted_prefetch,PASS
/section-8-grounds/how-to-evict-a-tenant-using-ground-1a,mobile,https://landlordheaven.co.uk/section-8-grounds/how-to-evict-a-tenant-using-ground-1?_rsc=16vq6,GET,fetch,0,net::ERR_ABORTED,expected_aborted_prefetch,PASS
/section-8-grounds/how-to-evict-a-tenant-using-ground-1a,mobile,https://landlordheaven.co.uk/assisted-prep/start?service=possession&product=complete_pack&src=seo_ground_assisted_cta&_rsc=13a3y,GET,fetch,0,net::ERR_ABORTED,expected_aborted_prefetch,PASS
/section-8-grounds/how-to-evict-a-tenant-using-ground-1a,mobile,https://landlordheaven.co.uk/assisted-prep/start?service=section8&product=notice_only&src=seo_ground_assisted_cta&_rsc=13a3y,GET,fetch,0,net::ERR_ABORTED,expected_aborted_prefetch,PASS
/section-8-grounds/how-to-evict-a-tenant-using-ground-1a,mobile,https://landlordheaven.co.uk/assisted-prep/start?service=possession&product=complete_pack&src=seo_ground_assisted_cta&_rsc=16vq6,GET,fetch,0,net::ERR_ABORTED,expected_aborted_prefetch,PASS
/section-8-grounds/how-to-evict-a-tenant-using-ground-1a,mobile,https://landlordheaven.co.uk/assisted-prep/start?_rsc=13a3y,GET,fetch,0,net::ERR_ABORTED,expected_aborted_prefetch,PASS
/section-8-grounds/how-to-evict-a-tenant-using-ground-1a,mobile,https://landlordheaven.co.uk/assisted-prep/start?service=money_claim&product=money_claim&src=seo_ground_assisted_cta&_rsc=13a3y,GET,fetch,0,net::ERR_ABORTED,expected_aborted_prefetch,PASS
/section-8-grounds/how-to-evict-a-tenant-using-ground-1a,mobile,https://landlordheaven.co.uk/assisted-prep/start?service=section8&product=notice_only&src=seo_ground_assisted_cta&_rsc=16vq6,GET,fetch,0,net::ERR_ABORTED,expected_aborted_prefetch,PASS
/section-8-grounds/how-to-evict-a-tenant-using-ground-1a,mobile,https://landlordheaven.co.uk/assisted-prep/start?service=money_claim&product=money_claim&src=seo_ground_assisted_cta&_rsc=16vq6,GET,fetch,0,net::ERR_ABORTED,expected_aborted_prefetch,PASS
/section-8-grounds/how-to-evict-a-tenant-using-ground-1a,mobile,https://region1.analytics.google.com/g/collect?v=2&tid=G-TBR4PEGY1K&gtm=45je67m0v9239287483za200zd9239287483&_p=1784940108730&gcd=13l3l3l3l1l1&npa=0&dma=0&ecid=203555247&_eu=AAAAACQC&are=1&cid=807911833.1784940109&frm=0&ibt=1&ngs=1&pscdl=&rcb=16&sr=390x844&uaa=x86&uab=64&uafvl=Chromium%3B143.0.7499.169%7CNot%2520A(Brand%3B24.0.0.0&uam=&uamb=0&uap=Windows&uapv=10.0.0&uaw=0&ul=en-us&tag_exp=115616985~115938466~115938469~118012008~118897920~118897930~119527019~119896803&sid=1784940109&sct=1&seg=0&dl=https%3A%2F%2Flandlordheaven.co.uk%2Fsection-8-grounds%2Fhow-to-evict-a-tenant-using-ground-1a&dt=Ground%201A%20Eviction%3A%20Selling%20the%20Property%20%7C%20LandlordHeaven&_s=2&tfd=5767,POST,fetch,0,net::ERR_ABORTED,expected_aborted_prefetch,PASS
/section-8-grounds/how-to-evict-a-tenant-using-ground-1a,mobile,https://landlordheaven.co.uk/assisted-prep?_rsc=13a3y,GET,fetch,0,net::ERR_ABORTED,expected_aborted_prefetch,PASS
/section-8-grounds/how-to-evict-a-tenant-using-ground-1a,mobile,https://landlordheaven.co.uk/rent-increase?_rsc=13a3y,GET,fetch,0,net::ERR_ABORTED,expected_aborted_prefetch,PASS
/section-8-grounds/how-to-evict-a-tenant-using-ground-1a,mobile,https://landlordheaven.co.uk/pricing?_rsc=13a3y,GET,fetch,0,net::ERR_ABORTED,expected_aborted_prefetch,PASS
/section-8-grounds/how-to-evict-a-tenant-using-ground-1a,mobile,https://landlordheaven.co.uk/terms?_rsc=13a3y,GET,fetch,0,net::ERR_ABORTED,expected_aborted_prefetch,PASS
/section-8-grounds/how-to-evict-a-tenant-using-ground-1a,mobile,https://landlordheaven.co.uk/help?_rsc=13a3y,GET,fetch,0,net::ERR_ABORTED,expected_aborted_prefetch,PASS
/section-8-grounds/how-to-evict-a-tenant-using-ground-1a,mobile,https://landlordheaven.co.uk/contact?_rsc=13a3y,GET,fetch,0,net::ERR_ABORTED,expected_aborted_prefetch,PASS
/section-8-grounds/how-to-evict-a-tenant-using-ground-1a,mobile,https://landlordheaven.co.uk/about?_rsc=13a3y,GET,fetch,0,net::ERR_ABORTED,expected_aborted_prefetch,PASS
/section-8-grounds/how-to-evict-a-tenant-using-ground-1a,mobile,https://landlordheaven.co.uk/privacy?_rsc=13a3y,GET,fetch,0,net::ERR_ABORTED,expected_aborted_prefetch,PASS
/section-8-grounds/how-to-evict-a-tenant-using-ground-1a,mobile,https://landlordheaven.co.uk/refunds?_rsc=13a3y,GET,fetch,0,net::ERR_ABORTED,expected_aborted_prefetch,PASS
/section-8-grounds/how-to-evict-a-tenant-using-ground-1a,mobile,https://landlordheaven.co.uk/cookies?_rsc=13a3y,GET,fetch,0,net::ERR_ABORTED,expected_aborted_prefetch,PASS
/section-8-grounds/how-to-evict-a-tenant-using-ground-1a,mobile,https://landlordheaven.co.uk/ask-heaven?_rsc=13a3y,GET,fetch,0,net::ERR_ABORTED,expected_aborted_prefetch,PASS
/section-8-grounds/how-to-evict-a-tenant-using-ground-1a,mobile,https://landlordheaven.co.uk/samples?_rsc=13a3y,GET,fetch,0,net::ERR_ABORTED,expected_aborted_prefetch,PASS
/section-8-grounds/how-to-evict-a-tenant-using-ground-1a,mobile,https://landlordheaven.co.uk/tools?_rsc=13a3y,GET,fetch,0,net::ERR_ABORTED,expected_aborted_prefetch,PASS
/section-8-grounds/how-to-evict-a-tenant-using-ground-1a,mobile,https://landlordheaven.co.uk/section-8-notice?_rsc=13a3y,GET,fetch,0,net::ERR_ABORTED,expected_aborted_prefetch,PASS
/section-8-grounds/how-to-evict-a-tenant-using-ground-1a,mobile,https://landlordheaven.co.uk/eviction-guides?_rsc=13a3y,GET,fetch,0,net::ERR_ABORTED,expected_aborted_prefetch,PASS
/section-8-grounds/how-to-evict-a-tenant-using-ground-1a,mobile,https://landlordheaven.co.uk/blog?_rsc=13a3y,GET,fetch,0,net::ERR_ABORTED,expected_aborted_prefetch,PASS
/section-8-grounds/how-to-evict-a-tenant-using-ground-1a,mobile,https://landlordheaven.co.uk/hmo-shared-house-tenancy-agreement?_rsc=13a3y,GET,fetch,0,net::ERR_ABORTED,expected_aborted_prefetch,PASS
/section-8-grounds/how-to-evict-a-tenant-using-ground-1a,mobile,https://landlordheaven.co.uk/lodger-agreement?_rsc=13a3y,GET,fetch,0,net::ERR_ABORTED,expected_aborted_prefetch,PASS
/section-8-grounds/how-to-evict-a-tenant-using-ground-1a,mobile,https://landlordheaven.co.uk/student-tenancy-agreement?_rsc=13a3y,GET,fetch,0,net::ERR_ABORTED,expected_aborted_prefetch,PASS
/section-8-grounds/how-to-evict-a-tenant-using-ground-1a,mobile,https://landlordheaven.co.uk/premium-tenancy-agreement?_rsc=13a3y,GET,fetch,0,net::ERR_ABORTED,expected_aborted_prefetch,PASS
/section-8-grounds/how-to-evict-a-tenant-using-ground-1a,mobile,https://landlordheaven.co.uk/standard-tenancy-agreement?_rsc=13a3y,GET,fetch,0,net::ERR_ABORTED,expected_aborted_prefetch,PASS
/section-8-grounds/how-to-evict-a-tenant-using-ground-1a,mobile,https://landlordheaven.co.uk/products/ast?_rsc=13a3y,GET,fetch,0,net::ERR_ABORTED,expected_aborted_prefetch,PASS
/section-8-grounds/how-to-evict-a-tenant-using-ground-1a,mobile,https://landlordheaven.co.uk/refunds?_rsc=16vq6,GET,fetch,0,net::ERR_ABORTED,expected_aborted_prefetch,PASS
/section-8-grounds/how-to-evict-a-tenant-using-ground-1a,mobile,https://landlordheaven.co.uk/cookies?_rsc=16vq6,GET,fetch,0,net::ERR_ABORTED,expected_aborted_prefetch,PASS
/section-8-grounds/how-to-evict-a-tenant-using-ground-1a,mobile,https://landlordheaven.co.uk/privacy?_rsc=16vq6,GET,fetch,0,net::ERR_ABORTED,expected_aborted_prefetch,PASS
/section-8-grounds/how-to-evict-a-tenant-using-ground-1a,mobile,https://landlordheaven.co.uk/terms?_rsc=16vq6,GET,fetch,0,net::ERR_ABORTED,expected_aborted_prefetch,PASS
/section-8-grounds/how-to-evict-a-tenant-using-ground-1a,mobile,https://landlordheaven.co.uk/help?_rsc=16vq6,GET,fetch,0,net::ERR_ABORTED,expected_aborted_prefetch,PASS
/section-8-grounds/how-to-evict-a-tenant-using-ground-1a,mobile,https://landlordheaven.co.uk/contact?_rsc=16vq6,GET,fetch,0,net::ERR_ABORTED,expected_aborted_prefetch,PASS
/section-8-grounds/how-to-evict-a-tenant-using-ground-1a,mobile,https://landlordheaven.co.uk/ask-heaven?_rsc=16vq6,GET,fetch,0,net::ERR_ABORTED,expected_aborted_prefetch,PASS
/section-8-grounds/how-to-evict-a-tenant-using-ground-1a,mobile,https://landlordheaven.co.uk/about?_rsc=16vq6,GET,fetch,0,net::ERR_ABORTED,expected_aborted_prefetch,PASS
/section-8-grounds/how-to-evict-a-tenant-using-ground-1a,mobile,https://landlordheaven.co.uk/section-8-notice?_rsc=16vq6,GET,fetch,0,net::ERR_ABORTED,expected_aborted_prefetch,PASS
/section-8-grounds/how-to-evict-a-tenant-using-ground-1a,mobile,https://landlordheaven.co.uk/eviction-guides?_rsc=16vq6,GET,fetch,0,net::ERR_ABORTED,expected_aborted_prefetch,PASS
/section-8-grounds/how-to-evict-a-tenant-using-ground-1a,mobile,https://landlordheaven.co.uk/samples?_rsc=16vq6,GET,fetch,0,net::ERR_ABORTED,expected_aborted_prefetch,PASS
/section-8-grounds/how-to-evict-a-tenant-using-ground-1a,mobile,https://landlordheaven.co.uk/blog?_rsc=16vq6,GET,fetch,0,net::ERR_ABORTED,expected_aborted_prefetch,PASS
/section-8-grounds/how-to-evict-a-tenant-using-ground-1a,mobile,https://landlordheaven.co.uk/tools?_rsc=16vq6,GET,fetch,0,net::ERR_ABORTED,expected_aborted_prefetch,PASS
/section-8-grounds/how-to-evict-a-tenant-using-ground-1a,mobile,https://landlordheaven.co.uk/lodger-agreement?_rsc=16vq6,GET,fetch,0,net::ERR_ABORTED,expected_aborted_prefetch,PASS
/section-8-grounds/how-to-evict-a-tenant-using-ground-1a,mobile,https://region1.analytics.google.com/g/collect?v=2&tid=G-TBR4PEGY1K&gtm=45je67m0v9239287483za200zd9239287483&_p=1784940108730&gcd=13l3l3l3l1l1&npa=0&dma=0&ecid=203555247&_eu=AEAAACQC&ae=a&are=1&cid=807911833.1784940109&frm=0&ibt=1&ngs=1&pscdl=&rcb=16&sr=390x844&uaa=x86&uab=64&uafvl=Chromium%3B143.0.7499.169%7CNot%2520A(Brand%3B24.0.0.0&uam=&uamb=0&uap=Windows&uapv=10.0.0&uaw=0&ul=en-us&_s=3&tag_exp=115616985~115938466~115938469~118012008~118897920~118897930~119527019~119896803&sid=1784940109&sct=1&seg=0&dl=https%3A%2F%2Flandlordheaven.co.uk%2Fsection-8-grounds%2Fhow-to-evict-a-tenant-using-ground-1a&dt=Ground%201A%20Eviction%3A%20Selling%20the%20Property%20%7C%20LandlordHeaven&en=scroll&epn.percent_scrolled=90&_et=2&tfd=10773,POST,fetch,0,net::ERR_ABORTED,expected_aborted_prefetch,PASS
/section-8-grounds/how-to-evict-a-tenant-using-ground-1a,tablet,https://landlordheaven.co.uk/section-8-grounds-explained?_rsc=13a3y,GET,fetch,0,net::ERR_ABORTED,expected_aborted_prefetch,PASS
/section-8-grounds/how-to-evict-a-tenant-using-ground-1a,tablet,https://landlordheaven.co.uk/?_rsc=13a3y,GET,fetch,0,net::ERR_ABORTED,expected_aborted_prefetch,PASS
/section-8-grounds/how-to-evict-a-tenant-using-ground-1a,tablet,https://landlordheaven.co.uk/products/notice-only?route=section-8&ground=1A&src=seo_ground_1a&_rsc=13a3y,GET,fetch,0,net::ERR_ABORTED,expected_aborted_prefetch,PASS
/section-8-grounds/how-to-evict-a-tenant-using-ground-1a,tablet,https://landlordheaven.co.uk/products/complete-pack?route=section-8&ground=1A&src=seo_ground_1a_complete&_rsc=13a3y,GET,fetch,0,net::ERR_ABORTED,expected_aborted_prefetch,PASS
/section-8-grounds/how-to-evict-a-tenant-using-ground-1a,tablet,https://landlordheaven.co.uk/products/complete-pack?route=section-8&ground=1A&src=seo_ground_1a_complete&_rsc=16vq6,GET,fetch,0,net::ERR_ABORTED,expected_aborted_prefetch,PASS
/section-8-grounds/how-to-evict-a-tenant-using-ground-1a,tablet,https://landlordheaven.co.uk/products/notice-only?route=section-8&ground=1A&src=seo_ground_1a&_rsc=16vq6,GET,fetch,0,net::ERR_ABORTED,expected_aborted_prefetch,PASS
/section-8-grounds/how-to-evict-a-tenant-using-ground-1a,tablet,https://region1.analytics.google.com/g/collect?v=2&tid=G-TBR4PEGY1K&gtm=45je67m1h2v9239287483za200zd9239287483&_p=1784940127933&_gaz=1&gcd=13l3l3l3l1l1&npa=0&dma=0&ecid=1050198346&_eu=AAAAACAC&are=1&cid=1006795933.1784940128&ec_mode=a&frm=0&ibt=1&ngs=1&pscdl=&rcb=6&sr=800x600&uaa=x86&uab=64&uafvl=Chromium%3B143.0.7499.169%7CNot%2520A(Brand%3B24.0.0.0&uam=&uamb=0&uap=Windows&uapv=10.0.0&uaw=0&ul=en-us&_s=1&tag_exp=115616986~115938466~115938469~118395335~118897920~118897930~119896803&sid=1784940128&sct=1&seg=0&dl=https%3A%2F%2Flandlordheaven.co.uk%2Fsection-8-grounds%2Fhow-to-evict-a-tenant-using-ground-1a&dt=Ground%201A%20Eviction%3A%20Selling%20the%20Property%20%7C%20LandlordHeaven&en=page_view&_fv=1&_nsi=1&_ss=1&_ee=1&tfd=1424,POST,fetch,0,net::ERR_ABORTED,expected_aborted_prefetch,PASS
/section-8-grounds/how-to-evict-a-tenant-using-ground-1a,tablet,https://landlordheaven.co.uk/section-8-grounds/how-to-evict-a-tenant-using-ground-1a?_rsc=16vq6,GET,fetch,0,net::ERR_ABORTED,expected_aborted_prefetch,PASS
/section-8-grounds/how-to-evict-a-tenant-using-ground-1a,tablet,https://landlordheaven.co.uk/products/notice-only?_rsc=16vq6,GET,fetch,0,net::ERR_ABORTED,expected_aborted_prefetch,PASS
/section-8-grounds/how-to-evict-a-tenant-using-ground-1a,tablet,https://landlordheaven.co.uk/section-8-grounds-explained?_rsc=16vq6,GET,fetch,0,net::ERR_ABORTED,expected_aborted_prefetch,PASS
/section-8-grounds/how-to-evict-a-tenant-using-ground-1a,tablet,https://landlordheaven.co.uk/?_rsc=16vq6,GET,fetch,0,net::ERR_ABORTED,expected_aborted_prefetch,PASS
/section-8-grounds/how-to-evict-a-tenant-using-ground-1a,tablet,https://landlordheaven.co.uk/products/complete-pack?_rsc=13a3y,GET,fetch,0,net::ERR_ABORTED,expected_aborted_prefetch,PASS
/section-8-grounds/how-to-evict-a-tenant-using-ground-1a,tablet,https://landlordheaven.co.uk/section-8-grounds/how-to-evict-a-tenant-using-ground-1?_rsc=13a3y,GET,fetch,0,net::ERR_ABORTED,expected_aborted_prefetch,PASS
/section-8-grounds/how-to-evict-a-tenant-using-ground-1a,tablet,https://landlordheaven.co.uk/assisted-prep/start?service=section8&product=notice_only&src=seo_ground_assisted_cta&_rsc=13a3y,GET,fetch,0,net::ERR_ABORTED,expected_aborted_prefetch,PASS
/section-8-grounds/how-to-evict-a-tenant-using-ground-1a,tablet,https://landlordheaven.co.uk/assisted-prep/start?service=section8&product=notice_only&src=seo_ground_assisted_cta&_rsc=16vq6,GET,fetch,0,net::ERR_ABORTED,expected_aborted_prefetch,PASS
/section-8-grounds/how-to-evict-a-tenant-using-ground-1a,tablet,https://landlordheaven.co.uk/assisted-prep/start?_rsc=13a3y,GET,fetch,0,net::ERR_ABORTED,expected_aborted_prefetch,PASS
/section-8-grounds/how-to-evict-a-tenant-using-ground-1a,tablet,https://landlordheaven.co.uk/assisted-prep/start?service=money_claim&product=money_claim&src=seo_ground_assisted_cta&_rsc=13a3y,GET,fetch,0,net::ERR_ABORTED,expected_aborted_prefetch,PASS
/section-8-grounds/how-to-evict-a-tenant-using-ground-1a,tablet,https://landlordheaven.co.uk/assisted-prep/start?service=possession&product=complete_pack&src=seo_ground_assisted_cta&_rsc=16vq6,GET,fetch,0,net::ERR_ABORTED,expected_aborted_prefetch,PASS
/section-8-grounds/how-to-evict-a-tenant-using-ground-1a,tablet,https://region1.analytics.google.com/g/collect?v=2&tid=G-TBR4PEGY1K&gtm=45je67m1h2v9239287483za200zd9239287483&_p=1784940127933&gcd=13l3l3l3l1l1&npa=0&dma=0&ecid=1050198346&_eu=AAAAACQC&are=1&cid=1006795933.1784940128&frm=0&ibt=1&ngs=1&pscdl=&rcb=6&sr=800x600&uaa=x86&uab=64&uafvl=Chromium%3B143.0.7499.169%7CNot%2520A(Brand%3B24.0.0.0&uam=&uamb=0&uap=Windows&uapv=10.0.0&uaw=0&ul=en-us&tag_exp=115616986~115938466~115938469~118395335~118897920~118897930~119896803&sid=1784940128&sct=1&seg=0&dl=https%3A%2F%2Flandlordheaven.co.uk%2Fsection-8-grounds%2Fhow-to-evict-a-tenant-using-ground-1a&dt=Ground%201A%20Eviction%3A%20Selling%20the%20Property%20%7C%20LandlordHeaven&_s=2&tfd=4593,POST,fetch,0,net::ERR_ABORTED,expected_aborted_prefetch,PASS
/section-8-grounds/how-to-evict-a-tenant-using-ground-1a,tablet,https://landlordheaven.co.uk/assisted-prep/start?service=money_claim&product=money_claim&src=seo_ground_assisted_cta&_rsc=16vq6,GET,fetch,0,net::ERR_ABORTED,expected_aborted_prefetch,PASS
/section-8-grounds/how-to-evict-a-tenant-using-ground-1a,tablet,https://landlordheaven.co.uk/refunds?_rsc=13a3y,GET,fetch,0,net::ERR_ABORTED,expected_aborted_prefetch,PASS
/section-8-grounds/how-to-evict-a-tenant-using-ground-1a,tablet,https://landlordheaven.co.uk/privacy?_rsc=13a3y,GET,fetch,0,net::ERR_ABORTED,expected_aborted_prefetch,PASS
/section-8-grounds/how-to-evict-a-tenant-using-ground-1a,tablet,https://landlordheaven.co.uk/cookies?_rsc=13a3y,GET,fetch,0,net::ERR_ABORTED,expected_aborted_prefetch,PASS
/section-8-grounds/how-to-evict-a-tenant-using-ground-1a,tablet,https://landlordheaven.co.uk/terms?_rsc=13a3y,GET,fetch,0,net::ERR_ABORTED,expected_aborted_prefetch,PASS
/section-8-grounds/how-to-evict-a-tenant-using-ground-1a,tablet,https://landlordheaven.co.uk/ask-heaven?_rsc=13a3y,GET,fetch,0,net::ERR_ABORTED,expected_aborted_prefetch,PASS
/section-8-grounds/how-to-evict-a-tenant-using-ground-1a,tablet,https://landlordheaven.co.uk/contact?_rsc=13a3y,GET,fetch,0,net::ERR_ABORTED,expected_aborted_prefetch,PASS
/section-8-grounds/how-to-evict-a-tenant-using-ground-1a,tablet,https://landlordheaven.co.uk/help?_rsc=13a3y,GET,fetch,0,net::ERR_ABORTED,expected_aborted_prefetch,PASS
/section-8-grounds/how-to-evict-a-tenant-using-ground-1a,tablet,https://landlordheaven.co.uk/about?_rsc=13a3y,GET,fetch,0,net::ERR_ABORTED,expected_aborted_prefetch,PASS
/section-8-grounds/how-to-evict-a-tenant-using-ground-1a,tablet,https://landlordheaven.co.uk/samples?_rsc=13a3y,GET,fetch,0,net::ERR_ABORTED,expected_aborted_prefetch,PASS
/section-8-grounds/how-to-evict-a-tenant-using-ground-1a,tablet,https://landlordheaven.co.uk/section-8-notice?_rsc=13a3y,GET,fetch,0,net::ERR_ABORTED,expected_aborted_prefetch,PASS
/section-8-grounds/how-to-evict-a-tenant-using-ground-1a,tablet,https://landlordheaven.co.uk/eviction-guides?_rsc=13a3y,GET,fetch,0,net::ERR_ABORTED,expected_aborted_prefetch,PASS
/section-8-grounds/how-to-evict-a-tenant-using-ground-1a,tablet,https://landlordheaven.co.uk/tools?_rsc=13a3y,GET,fetch,0,net::ERR_ABORTED,expected_aborted_prefetch,PASS
/section-8-grounds/how-to-evict-a-tenant-using-ground-1a,tablet,https://landlordheaven.co.uk/lodger-agreement?_rsc=13a3y,GET,fetch,0,net::ERR_ABORTED,expected_aborted_prefetch,PASS
/section-8-grounds/how-to-evict-a-tenant-using-ground-1a,tablet,https://landlordheaven.co.uk/blog?_rsc=13a3y,GET,fetch,0,net::ERR_ABORTED,expected_aborted_prefetch,PASS
/section-8-grounds/how-to-evict-a-tenant-using-ground-1a,tablet,https://landlordheaven.co.uk/hmo-shared-house-tenancy-agreement?_rsc=13a3y,GET,fetch,0,net::ERR_ABORTED,expected_aborted_prefetch,PASS
/section-8-grounds/how-to-evict-a-tenant-using-ground-1a,tablet,https://landlordheaven.co.uk/student-tenancy-agreement?_rsc=13a3y,GET,fetch,0,net::ERR_ABORTED,expected_aborted_prefetch,PASS
/section-8-grounds/how-to-evict-a-tenant-using-ground-1a,tablet,https://landlordheaven.co.uk/premium-tenancy-agreement?_rsc=13a3y,GET,fetch,0,net::ERR_ABORTED,expected_aborted_prefetch,PASS
/section-8-grounds/how-to-evict-a-tenant-using-ground-1a,tablet,https://landlordheaven.co.uk/standard-tenancy-agreement?_rsc=13a3y,GET,fetch,0,net::ERR_ABORTED,expected_aborted_prefetch,PASS
/section-8-grounds/how-to-evict-a-tenant-using-ground-1a,tablet,https://landlordheaven.co.uk/products/ast?_rsc=13a3y,GET,fetch,0,net::ERR_ABORTED,expected_aborted_prefetch,PASS
/section-8-grounds/how-to-evict-a-tenant-using-ground-1a,tablet,https://landlordheaven.co.uk/pricing?_rsc=13a3y,GET,fetch,0,net::ERR_ABORTED,expected_aborted_prefetch,PASS
/section-8-grounds/how-to-evict-a-tenant-using-ground-1a,tablet,https://landlordheaven.co.uk/rent-increase?_rsc=13a3y,GET,fetch,0,net::ERR_ABORTED,expected_aborted_prefetch,PASS
/section-8-grounds/how-to-evict-a-tenant-using-ground-1a,tablet,https://landlordheaven.co.uk/products/money-claim?_rsc=13a3y,GET,fetch,0,net::ERR_ABORTED,expected_aborted_prefetch,PASS
/section-8-grounds/how-to-evict-a-tenant-using-ground-1a,tablet,https://landlordheaven.co.uk/assisted-prep?_rsc=13a3y,GET,fetch,0,net::ERR_ABORTED,expected_aborted_prefetch,PASS
/section-8-grounds/how-to-evict-a-tenant-using-ground-1a,tablet,https://landlordheaven.co.uk/refunds?_rsc=16vq6,GET,fetch,0,net::ERR_ABORTED,expected_aborted_prefetch,PASS
/section-8-grounds/how-to-evict-a-tenant-using-ground-1a,tablet,https://landlordheaven.co.uk/cookies?_rsc=16vq6,GET,fetch,0,net::ERR_ABORTED,expected_aborted_prefetch,PASS
/section-8-grounds/how-to-evict-a-tenant-using-ground-1a,tablet,https://landlordheaven.co.uk/help?_rsc=16vq6,GET,fetch,0,net::ERR_ABORTED,expected_aborted_prefetch,PASS
/section-8-grounds/how-to-evict-a-tenant-using-ground-1a,tablet,https://landlordheaven.co.uk/privacy?_rsc=16vq6,GET,fetch,0,net::ERR_ABORTED,expected_aborted_prefetch,PASS
/section-8-grounds/how-to-evict-a-tenant-using-ground-1a,tablet,https://landlordheaven.co.uk/terms?_rsc=16vq6,GET,fetch,0,net::ERR_ABORTED,expected_aborted_prefetch,PASS
/section-8-grounds/how-to-evict-a-tenant-using-ground-1a,tablet,https://landlordheaven.co.uk/contact?_rsc=16vq6,GET,fetch,0,net::ERR_ABORTED,expected_aborted_prefetch,PASS
/section-8-grounds/how-to-evict-a-tenant-using-ground-1a,tablet,https://landlordheaven.co.uk/ask-heaven?_rsc=16vq6,GET,fetch,0,net::ERR_ABORTED,expected_aborted_prefetch,PASS
/section-8-grounds/how-to-evict-a-tenant-using-ground-1a,tablet,https://landlordheaven.co.uk/about?_rsc=16vq6,GET,fetch,0,net::ERR_ABORTED,expected_aborted_prefetch,PASS
/section-8-grounds/how-to-evict-a-tenant-using-ground-1a,tablet,https://landlordheaven.co.uk/section-8-notice?_rsc=16vq6,GET,fetch,0,net::ERR_ABORTED,expected_aborted_prefetch,PASS
/section-8-grounds/how-to-evict-a-tenant-using-ground-1a,tablet,https://landlordheaven.co.uk/student-tenancy-agreement?_rsc=16vq6,GET,fetch,0,net::ERR_ABORTED,expected_aborted_prefetch,PASS
/section-8-grounds/how-to-evict-a-tenant-using-ground-1a,tablet,https://landlordheaven.co.uk/standard-tenancy-agreement?_rsc=16vq6,GET,fetch,0,net::ERR_ABORTED,expected_aborted_prefetch,PASS
/section-8-grounds/how-to-evict-a-tenant-using-ground-1a,tablet,https://landlordheaven.co.uk/premium-tenancy-agreement?_rsc=16vq6,GET,fetch,0,net::ERR_ABORTED,expected_aborted_prefetch,PASS
/section-8-grounds/how-to-evict-a-tenant-using-ground-1a,tablet,https://landlordheaven.co.uk/hmo-shared-house-tenancy-agreement?_rsc=16vq6,GET,fetch,0,net::ERR_ABORTED,expected_aborted_prefetch,PASS
/section-8-grounds/how-to-evict-a-tenant-using-ground-1a,tablet,https://landlordheaven.co.uk/assisted-prep?_rsc=16vq6,GET,fetch,0,net::ERR_ABORTED,expected_aborted_prefetch,PASS
/section-8-grounds/how-to-evict-a-tenant-using-ground-1a,tablet,https://landlordheaven.co.uk/products/ast?_rsc=16vq6,GET,fetch,0,net::ERR_ABORTED,expected_aborted_prefetch,PASS
/section-8-grounds/how-to-evict-a-tenant-using-ground-1a,tablet,https://landlordheaven.co.uk/products/money-claim?_rsc=16vq6,GET,fetch,0,net::ERR_ABORTED,expected_aborted_prefetch,PASS
/section-8-grounds/how-to-evict-a-tenant-using-ground-1a,tablet,https://landlordheaven.co.uk/rent-increase?_rsc=16vq6,GET,fetch,0,net::ERR_ABORTED,expected_aborted_prefetch,PASS
/section-8-grounds/how-to-evict-a-tenant-using-ground-1a,tablet,https://landlordheaven.co.uk/products/complete-pack?_rsc=16vq6,GET,fetch,0,net::ERR_ABORTED,expected_aborted_prefetch,PASS
/section-8-grounds/how-to-evict-a-tenant-using-ground-1a,tablet,https://landlordheaven.co.uk/samples?_rsc=16vq6,GET,fetch,0,net::ERR_ABORTED,expected_aborted_prefetch,PASS
/section-8-grounds/how-to-evict-a-tenant-using-ground-1a,tablet,https://landlordheaven.co.uk/tools?_rsc=16vq6,GET,fetch,0,net::ERR_ABORTED,expected_aborted_prefetch,PASS
/section-8-grounds/how-to-evict-a-tenant-using-ground-1a,tablet,https://landlordheaven.co.uk/eviction-guides?_rsc=16vq6,GET,fetch,0,net::ERR_ABORTED,expected_aborted_prefetch,PASS
/section-8-grounds/how-to-evict-a-tenant-using-ground-1a,desktop,https://landlordheaven.co.uk/products/notice-only?_rsc=13a3y,GET,fetch,0,net::ERR_ABORTED,expected_aborted_prefetch,PASS
/section-8-grounds/how-to-evict-a-tenant-using-ground-1a,desktop,https://landlordheaven.co.uk/section-8-grounds/how-to-evict-a-tenant-using-ground-1a?_rsc=13a3y,GET,fetch,0,net::ERR_ABORTED,expected_aborted_prefetch,PASS
/section-8-grounds/how-to-evict-a-tenant-using-ground-1a,desktop,https://landlordheaven.co.uk/products/complete-pack?route=section-8&ground=1A&src=seo_ground_1a_complete&_rsc=13a3y,GET,fetch,0,net::ERR_ABORTED,expected_aborted_prefetch,PASS
/section-8-grounds/how-to-evict-a-tenant-using-ground-1a,desktop,https://landlordheaven.co.uk/products/notice-only?route=section-8&ground=1A&src=seo_ground_1a&_rsc=13a3y,GET,fetch,0,net::ERR_ABORTED,expected_aborted_prefetch,PASS
/section-8-grounds/how-to-evict-a-tenant-using-ground-1a,desktop,https://landlordheaven.co.uk/?_rsc=13a3y,GET,fetch,0,net::ERR_ABORTED,expected_aborted_prefetch,PASS
/section-8-grounds/how-to-evict-a-tenant-using-ground-1a,desktop,https://landlordheaven.co.uk/assisted-prep?_rsc=13a3y,GET,fetch,0,net::ERR_ABORTED,expected_aborted_prefetch,PASS
/section-8-grounds/how-to-evict-a-tenant-using-ground-1a,desktop,https://landlordheaven.co.uk/tools?_rsc=13a3y,GET,fetch,0,net::ERR_ABORTED,expected_aborted_prefetch,PASS
/section-8-grounds/how-to-evict-a-tenant-using-ground-1a,desktop,https://landlordheaven.co.uk/products/money-claim?_rsc=13a3y,GET,fetch,0,net::ERR_ABORTED,expected_aborted_prefetch,PASS
/section-8-grounds/how-to-evict-a-tenant-using-ground-1a,desktop,https://landlordheaven.co.uk/products/ast?_rsc=13a3y,GET,fetch,0,net::ERR_ABORTED,expected_aborted_prefetch,PASS
/section-8-grounds/how-to-evict-a-tenant-using-ground-1a,desktop,https://landlordheaven.co.uk/products/complete-pack?route=section-8&ground=1A&src=seo_ground_1a_complete&_rsc=16vq6,GET,fetch,0,net::ERR_ABORTED,expected_aborted_prefetch,PASS
/section-8-grounds/how-to-evict-a-tenant-using-ground-1a,desktop,https://landlordheaven.co.uk/section-8-grounds/how-to-evict-a-tenant-using-ground-1a?_rsc=16vq6,GET,fetch,0,net::ERR_ABORTED,expected_aborted_prefetch,PASS
/section-8-grounds/how-to-evict-a-tenant-using-ground-1a,desktop,https://landlordheaven.co.uk/rent-increase?_rsc=16vq6,GET,fetch,0,net::ERR_ABORTED,expected_aborted_prefetch,PASS
/section-8-grounds/how-to-evict-a-tenant-using-ground-1a,desktop,https://landlordheaven.co.uk/section-8-grounds-explained?_rsc=16vq6,GET,fetch,0,net::ERR_ABORTED,expected_aborted_prefetch,PASS
/section-8-grounds/how-to-evict-a-tenant-using-ground-1a,desktop,https://landlordheaven.co.uk/auth/login?_rsc=a0swk,GET,fetch,0,net::ERR_ABORTED,expected_aborted_prefetch,PASS
/section-8-grounds/how-to-evict-a-tenant-using-ground-1a,desktop,https://landlordheaven.co.uk/?_rsc=16vq6,GET,fetch,0,net::ERR_ABORTED,expected_aborted_prefetch,PASS
/section-8-grounds/how-to-evict-a-tenant-using-ground-1a,desktop,https://region1.analytics.google.com/g/collect?v=2&tid=G-TBR4PEGY1K&gtm=45je67m0v9239287483za200zd9239287483&_p=1784940147411&_gaz=1&gcd=13l3l3l3l1l1&npa=0&dma=0&ecid=489788378&_eu=AAAAACAC&are=1&cid=1904227661.1784940148&ec_mode=a&frm=0&ibt=1&ngs=1&pscdl=&rcb=0&sr=800x600&uaa=x86&uab=64&uafvl=Chromium%3B143.0.7499.169%7CNot%2520A(Brand%3B24.0.0.0&uam=&uamb=0&uap=Windows&uapv=10.0.0&uaw=0&ul=en-us&_s=1&tag_exp=115938465~115938468~118395334~118897920~118897930~119896803&sid=1784940148&sct=1&seg=0&dl=https%3A%2F%2Flandlordheaven.co.uk%2Fsection-8-grounds%2Fhow-to-evict-a-tenant-using-ground-1a&dt=Ground%201A%20Eviction%3A%20Selling%20the%20Property%20%7C%20LandlordHeaven&en=page_view&_fv=1&_nsi=1&_ss=1&_ee=1&tfd=1930,POST,fetch,0,net::ERR_ABORTED,expected_aborted_prefetch,PASS
/section-8-grounds/how-to-evict-a-tenant-using-ground-1a,desktop,https://landlordheaven.co.uk/assisted-prep?_rsc=16vq6,GET,fetch,0,net::ERR_ABORTED,expected_aborted_prefetch,PASS
/section-8-grounds/how-to-evict-a-tenant-using-ground-1a,desktop,https://landlordheaven.co.uk/products/money-claim?_rsc=16vq6,GET,fetch,0,net::ERR_ABORTED,expected_aborted_prefetch,PASS
/section-8-grounds/how-to-evict-a-tenant-using-ground-1a,desktop,https://landlordheaven.co.uk/products/ast?_rsc=16vq6,GET,fetch,0,net::ERR_ABORTED,expected_aborted_prefetch,PASS
/section-8-grounds/how-to-evict-a-tenant-using-ground-1a,desktop,https://landlordheaven.co.uk/tools?_rsc=16vq6,GET,fetch,0,net::ERR_ABORTED,expected_aborted_prefetch,PASS
/section-8-grounds/how-to-evict-a-tenant-using-ground-1a,desktop,https://landlordheaven.co.uk/products/complete-pack?_rsc=13a3y,GET,fetch,0,net::ERR_ABORTED,expected_aborted_prefetch,PASS
/section-8-grounds/how-to-evict-a-tenant-using-ground-1a,desktop,https://landlordheaven.co.uk/samples/notice-only?_rsc=13a3y,GET,fetch,0,net::ERR_ABORTED,expected_aborted_prefetch,PASS
/section-8-grounds/how-to-evict-a-tenant-using-ground-1a,desktop,https://landlordheaven.co.uk/section-8-grounds/how-to-evict-a-tenant-using-ground-1?_rsc=13a3y,GET,fetch,0,net::ERR_ABORTED,expected_aborted_prefetch,PASS
/section-8-grounds/how-to-evict-a-tenant-using-ground-1a,desktop,https://region1.analytics.google.com/g/collect?v=2&tid=G-TBR4PEGY1K&gtm=45je67m0v9239287483za200zd9239287483&_p=1784940147411&gcd=13l3l3l3l1l1&npa=0&dma=0&ecid=489788378&_eu=AAAAACQC&are=1&cid=1904227661.1784940148&frm=0&ibt=1&ngs=1&pscdl=&rcb=0&sr=800x600&uaa=x86&uab=64&uafvl=Chromium%3B143.0.7499.169%7CNot%2520A(Brand%3B24.0.0.0&uam=&uamb=0&uap=Windows&uapv=10.0.0&uaw=0&ul=en-us&tag_exp=115938465~115938468~118395334~118897920~118897930~119896803&sid=1784940148&sct=1&seg=0&dl=https%3A%2F%2Flandlordheaven.co.uk%2Fsection-8-grounds%2Fhow-to-evict-a-tenant-using-ground-1a&dt=Ground%201A%20Eviction%3A%20Selling%20the%20Property%20%7C%20LandlordHeaven&_s=2&tfd=5598,POST,fetch,0,net::ERR_ABORTED,expected_aborted_prefetch,PASS
/section-8-grounds/how-to-evict-a-tenant-using-ground-1a,desktop,https://landlordheaven.co.uk/assisted-prep/start?service=possession&product=complete_pack&src=seo_ground_assisted_cta&_rsc=13a3y,GET,fetch,0,net::ERR_ABORTED,expected_aborted_prefetch,PASS
/section-8-grounds/how-to-evict-a-tenant-using-ground-1a,desktop,https://landlordheaven.co.uk/assisted-prep/start?service=money_claim&product=money_claim&src=seo_ground_assisted_cta&_rsc=13a3y,GET,fetch,0,net::ERR_ABORTED,expected_aborted_prefetch,PASS
/section-8-grounds/how-to-evict-a-tenant-using-ground-1a,desktop,https://landlordheaven.co.uk/assisted-prep/start?service=section8&product=notice_only&src=seo_ground_assisted_cta&_rsc=13a3y,GET,fetch,0,net::ERR_ABORTED,expected_aborted_prefetch,PASS
/section-8-grounds/how-to-evict-a-tenant-using-ground-1a,desktop,https://region1.analytics.google.com/g/collect?v=2&tid=G-TBR4PEGY1K&gtm=45je67m0v9239287483za200zd9239287483&_p=1784940147411&gcd=13l3l3l3l1l1&npa=0&dma=0&ecid=489788378&_eu=AEAAACQC&ae=a&are=1&cid=1904227661.1784940148&frm=0&ibt=1&ngs=1&pscdl=&rcb=0&sr=800x600&uaa=x86&uab=64&uafvl=Chromium%3B143.0.7499.169%7CNot%2520A(Brand%3B24.0.0.0&uam=&uamb=0&uap=Windows&uapv=10.0.0&uaw=0&ul=en-us&_s=3&tag_exp=115938465~115938468~118395334~118897920~118897930~119896803&sid=1784940148&sct=1&seg=0&dl=https%3A%2F%2Flandlordheaven.co.uk%2Fsection-8-grounds%2Fhow-to-evict-a-tenant-using-ground-1a&dt=Ground%201A%20Eviction%3A%20Selling%20the%20Property%20%7C%20LandlordHeaven&en=scroll&epn.percent_scrolled=90&_et=117&tfd=5912,POST,fetch,0,net::ERR_ABORTED,expected_aborted_prefetch,PASS
/section-8-grounds/how-to-evict-a-tenant-using-ground-1a,desktop,https://landlordheaven.co.uk/section-8-grounds/how-to-evict-a-tenant-using-ground-1?_rsc=16vq6,GET,fetch,0,net::ERR_ABORTED,expected_aborted_prefetch,PASS
/section-8-grounds/how-to-evict-a-tenant-using-ground-1a,desktop,https://landlordheaven.co.uk/contact?_rsc=13a3y,GET,fetch,0,net::ERR_ABORTED,expected_aborted_prefetch,PASS
/section-8-grounds/how-to-evict-a-tenant-using-ground-1a,desktop,https://landlordheaven.co.uk/eviction-guides?_rsc=13a3y,GET,fetch,0,net::ERR_ABORTED,expected_aborted_prefetch,PASS
/section-8-grounds/how-to-evict-a-tenant-using-ground-1a,desktop,https://landlordheaven.co.uk/about?_rsc=13a3y,GET,fetch,0,net::ERR_ABORTED,expected_aborted_prefetch,PASS
/section-8-grounds/how-to-evict-a-tenant-using-ground-1a,desktop,https://landlordheaven.co.uk/terms?_rsc=13a3y,GET,fetch,0,net::ERR_ABORTED,expected_aborted_prefetch,PASS
/section-8-grounds/how-to-evict-a-tenant-using-ground-1a,desktop,https://landlordheaven.co.uk/privacy?_rsc=13a3y,GET,fetch,0,net::ERR_ABORTED,expected_aborted_prefetch,PASS
/section-8-grounds/how-to-evict-a-tenant-using-ground-1a,desktop,https://landlordheaven.co.uk/cookies?_rsc=13a3y,GET,fetch,0,net::ERR_ABORTED,expected_aborted_prefetch,PASS
/section-8-grounds/how-to-evict-a-tenant-using-ground-1a,desktop,https://landlordheaven.co.uk/refunds?_rsc=13a3y,GET,fetch,0,net::ERR_ABORTED,expected_aborted_prefetch,PASS
/section-8-grounds/how-to-evict-a-tenant-using-ground-1a,desktop,https://landlordheaven.co.uk/ask-heaven?_rsc=13a3y,GET,fetch,0,net::ERR_ABORTED,expected_aborted_prefetch,PASS
/section-8-grounds/how-to-evict-a-tenant-using-ground-1a,desktop,https://landlordheaven.co.uk/section-8-notice?_rsc=13a3y,GET,fetch,0,net::ERR_ABORTED,expected_aborted_prefetch,PASS
/section-8-grounds/how-to-evict-a-tenant-using-ground-1a,desktop,https://landlordheaven.co.uk/help?_rsc=13a3y,GET,fetch,0,net::ERR_ABORTED,expected_aborted_prefetch,PASS
/section-8-grounds/how-to-evict-a-tenant-using-ground-1a,desktop,https://landlordheaven.co.uk/samples?_rsc=13a3y,GET,fetch,0,net::ERR_ABORTED,expected_aborted_prefetch,PASS
/section-8-grounds/how-to-evict-a-tenant-using-ground-1a,desktop,https://landlordheaven.co.uk/lodger-agreement?_rsc=13a3y,GET,fetch,0,net::ERR_ABORTED,expected_aborted_prefetch,PASS
/section-8-grounds/how-to-evict-a-tenant-using-ground-1a,desktop,https://landlordheaven.co.uk/student-tenancy-agreement?_rsc=13a3y,GET,fetch,0,net::ERR_ABORTED,expected_aborted_prefetch,PASS
/section-8-grounds/how-to-evict-a-tenant-using-ground-1a,desktop,https://landlordheaven.co.uk/premium-tenancy-agreement?_rsc=13a3y,GET,fetch,0,net::ERR_ABORTED,expected_aborted_prefetch,PASS
/section-8-grounds/how-to-evict-a-tenant-using-ground-1a,desktop,https://landlordheaven.co.uk/hmo-shared-house-tenancy-agreement?_rsc=13a3y,GET,fetch,0,net::ERR_ABORTED,expected_aborted_prefetch,PASS
/section-8-grounds/how-to-evict-a-tenant-using-ground-1a,desktop,https://landlordheaven.co.uk/pricing?_rsc=13a3y,GET,fetch,0,net::ERR_ABORTED,expected_aborted_prefetch,PASS
/section-8-grounds/how-to-evict-a-tenant-using-ground-1a,desktop,https://landlordheaven.co.uk/refunds?_rsc=16vq6,GET,fetch,0,net::ERR_ABORTED,expected_aborted_prefetch,PASS
/section-8-grounds/how-to-evict-a-tenant-using-ground-1a,desktop,https://landlordheaven.co.uk/blog?_rsc=13a3y,GET,fetch,0,net::ERR_ABORTED,expected_aborted_prefetch,PASS
/section-8-grounds/how-to-evict-a-tenant-using-ground-1a,desktop,https://landlordheaven.co.uk/standard-tenancy-agreement?_rsc=13a3y,GET,fetch,0,net::ERR_ABORTED,expected_aborted_prefetch,PASS
/section-8-grounds/how-to-evict-a-tenant-using-ground-1a,desktop,https://landlordheaven.co.uk/cookies?_rsc=16vq6,GET,fetch,0,net::ERR_ABORTED,expected_aborted_prefetch,PASS
/section-8-grounds/how-to-evict-a-tenant-using-ground-1a,desktop,https://landlordheaven.co.uk/terms?_rsc=16vq6,GET,fetch,0,net::ERR_ABORTED,expected_aborted_prefetch,PASS
/section-8-grounds/how-to-evict-a-tenant-using-ground-1a,desktop,https://landlordheaven.co.uk/privacy?_rsc=16vq6,GET,fetch,0,net::ERR_ABORTED,expected_aborted_prefetch,PASS
/section-8-grounds/how-to-evict-a-tenant-using-ground-1a,desktop,https://landlordheaven.co.uk/help?_rsc=16vq6,GET,fetch,0,net::ERR_ABORTED,expected_aborted_prefetch,PASS
/section-8-grounds/how-to-evict-a-tenant-using-ground-1a,desktop,https://landlordheaven.co.uk/ask-heaven?_rsc=16vq6,GET,fetch,0,net::ERR_ABORTED,expected_aborted_prefetch,PASS
/section-8-grounds/how-to-evict-a-tenant-using-ground-1a,desktop,https://landlordheaven.co.uk/section-8-notice?_rsc=16vq6,GET,fetch,0,net::ERR_ABORTED,expected_aborted_prefetch,PASS
/section-8-grounds/how-to-evict-a-tenant-using-ground-1a,desktop,https://landlordheaven.co.uk/lodger-agreement?_rsc=16vq6,GET,fetch,0,net::ERR_ABORTED,expected_aborted_prefetch,PASS
/section-8-grounds/how-to-evict-a-tenant-using-ground-1a,desktop,https://landlordheaven.co.uk/samples?_rsc=16vq6,GET,fetch,0,net::ERR_ABORTED,expected_aborted_prefetch,PASS
/section-8-grounds/how-to-evict-a-tenant-using-ground-1a,desktop,https://landlordheaven.co.uk/student-tenancy-agreement?_rsc=16vq6,GET,fetch,0,net::ERR_ABORTED,expected_aborted_prefetch,PASS
/section-8-grounds/how-to-evict-a-tenant-using-ground-1a,desktop,https://landlordheaven.co.uk/pricing?_rsc=16vq6,GET,fetch,0,net::ERR_ABORTED,expected_aborted_prefetch,PASS
/section-8-grounds/how-to-evict-a-tenant-using-ground-1a,desktop,https://landlordheaven.co.uk/hmo-shared-house-tenancy-agreement?_rsc=16vq6,GET,fetch,0,net::ERR_ABORTED,expected_aborted_prefetch,PASS
/section-8-grounds/how-to-evict-a-tenant-using-ground-1a,desktop,https://landlordheaven.co.uk/premium-tenancy-agreement?_rsc=16vq6,GET,fetch,0,net::ERR_ABORTED,expected_aborted_prefetch,PASS
/section-8-grounds/how-to-evict-a-tenant-using-ground-1a,desktop,https://landlordheaven.co.uk/contact?_rsc=16vq6,GET,fetch,0,net::ERR_ABORTED,expected_aborted_prefetch,PASS
/section-8-grounds/how-to-evict-a-tenant-using-ground-1a,desktop,https://landlordheaven.co.uk/about?_rsc=16vq6,GET,fetch,0,net::ERR_ABORTED,expected_aborted_prefetch,PASS
/section-8-grounds/how-to-evict-a-tenant-using-ground-1a,desktop,https://landlordheaven.co.uk/eviction-guides?_rsc=16vq6,GET,fetch,0,net::ERR_ABORTED,expected_aborted_prefetch,PASS
/section-8-grounds/how-to-evict-a-tenant-using-ground-1a,desktop,https://landlordheaven.co.uk/blog?_rsc=16vq6,GET,fetch,0,net::ERR_ABORTED,expected_aborted_prefetch,PASS
/section-8-grounds/how-to-evict-a-tenant-using-ground-1a,desktop,https://landlordheaven.co.uk/assisted-prep/start?service=money_claim&product=money_claim&src=seo_ground_assisted_cta&_rsc=16vq6,GET,fetch,0,net::ERR_ABORTED,expected_aborted_prefetch,PASS
/section-8-grounds/how-to-evict-a-tenant-using-ground-1a,desktop,https://landlordheaven.co.uk/assisted-prep/start?_rsc=13a3y,GET,fetch,0,net::ERR_ABORTED,expected_aborted_prefetch,PASS
/section-8-grounds/how-to-evict-a-tenant-using-ground-1a,desktop,https://landlordheaven.co.uk/assisted-prep/start?service=possession&product=complete_pack&src=seo_ground_assisted_cta&_rsc=16vq6,GET,fetch,0,net::ERR_ABORTED,expected_aborted_prefetch,PASS
/section-8-grounds/how-to-evict-a-tenant-using-ground-1a,desktop,https://landlordheaven.co.uk/assisted-prep/start?service=section8&product=notice_only&src=seo_ground_assisted_cta&_rsc=16vq6,GET,fetch,0,net::ERR_ABORTED,expected_aborted_prefetch,PASS
